dbo_ecnDatapointType.Address;DataPointTypeId;Id;CompanyId;EnumType;Name;dbo_ecnEventType.Address;Conversion;Description;Priority;Filtercriterion;Reportingcriterion;Type;URL;DefaultValue;ObjectId
VScotHC1_200;459;1;24;-1;ecnStatusEventType;ecnStatusEventType;NoConversion;;50;-1;-1;1;;;-1
VScotHC1_200;459;19;24;0;@@viessmann.eventtype.name.AE_Eingang0_10;AE_Eingang0_10~0x0A86;Div10;@@viessmann.eventtype.AE_Eingang0_10.description;100;-1;-1;1;;;-1
VScotHC1_200;459;20;24;-1;@@viessmann.eventtype.name.AE_Eingang1;AE_Eingang1~0x0A80;NoConversion;@@viessmann.eventtype.AE_Eingang1.description;50;-1;-1;1;;;-1
VScotHC1_200;459;21;24;-1;@@viessmann.eventtype.name.AE_Eingang2;AE_Eingang2~0x0A81;NoConversion;@@viessmann.eventtype.AE_Eingang2.description;50;-1;-1;1;;;-1
VScotHC1_200;459;39;24;-1;@@viessmann.eventtype.name.Ausgang_HKP_A1;Ausgang_HKP_A1~0x7663;NoConversion;@@viessmann.eventtype.Ausgang_HKP_A1.description;50;-1;-1;1;;;-1
VScotHC1_200;459;50;24;-1;@@viessmann.eventtype.name.BauartWarmwasser;BauartWarmwasser~0x8851;NoConversion;@@viessmann.eventtype.BauartWarmwasser.description;50;-1;-1;1;;;-1
VScotHC1_200;459;51;24;0;@@viessmann.eventtype.name.Bedien_WW_Solltemperatur;Bedien_WW_Solltemperatur~0x6300;NoConversion;@@viessmann.eventtype.Bedien_WW_Solltemperatur.description;100;-1;-1;3;;50;-1
VScotHC1_200;459;66;24;0;@@viessmann.eventtype.name.BedienKTSolltemperaturGWG_4;BedienKTSolltemperaturGWG_4~0x5300;NoConversion;@@viessmann.eventtype.BedienKTSolltemperaturGWG_4.description;100;-1;-1;3;;74;-1
VScotHC1_200;459;73;24;0;@@viessmann.eventtype.name.BedienparameterA1M1FunktionReset;BedienparameterA1M1FunktionReset~0xA051;NoConversion;@@viessmann.eventtype.BedienparameterA1M1FunktionReset.description;100;-1;-1;2;;;-1
VScotHC1_200;459;82;24;0;@@viessmann.eventtype.name.BedienRTSolltemperaturA1M1;BedienRTSolltemperaturA1M1~0x2306;NoConversion;@@viessmann.eventtype.BedienRTSolltemperaturA1M1.description;100;-1;-1;3;;20;-1
VScotHC1_200;459;91;24;0;@@viessmann.eventtype.name.Bedienteil_SW_Index;Bedienteil_SW_Index~0x7330;NoConversion;@@viessmann.eventtype.Bedienteil_SW_Index.description;100;-1;-1;1;;;-1
VScotHC1_200;459;93;24;-1;@@viessmann.eventtype.name.BedienteilBA_GWGA1_Konstant;BedienteilBA_GWGA1_Konstant~0x2323;NoConversion;@@viessmann.eventtype.BedienteilBA_GWGA1_Konstant.description;50;-1;-1;3;;2;-1
VScotHC1_200;459;98;24;0;@@viessmann.eventtype.name.BetriebsstundenBrenner1;BetriebsstundenBrenner1~0x0886;Sec2Hour;@@viessmann.eventtype.BetriebsstundenBrenner1.description;100;-1;-1;1;;;-1
VScotHC1_200;459;104;24;0;@@viessmann.eventtype.name.BetriebsstundenBrennerBedienungGWG;BetriebsstundenBrennerBedienungGWG~0x08A7;Sec2Hour;@@viessmann.eventtype.BetriebsstundenBrennerBedienungGWG.description;100;-1;-1;1;;;-1
VScotHC1_200;459;106;24;0;@@viessmann.eventtype.name.BetriebsstundenBrennerResetGWG;BetriebsstundenBrennerResetGWG~0x08A7;Sec2Hour;@@viessmann.eventtype.BetriebsstundenBrennerResetGWG.description;100;-1;-1;2;;0;-1
VScotHC1_200;459;111;24;0;@@viessmann.eventtype.name.BrennerstartsGWG;BrennerstartsGWG~0x088A;NoConversion;@@viessmann.eventtype.BrennerstartsGWG.description;100;-1;-1;3;;;-1
VScotHC1_200;459;112;24;0;@@viessmann.eventtype.name.BrennerstartsGWGReset;BrennerstartsGWGReset~0x088A;NoConversion;@@viessmann.eventtype.BrennerstartsGWGReset.description;100;-1;-1;2;;0;-1
VScotHC1_200;459;446;24;0;@@viessmann.eventtype.name.GWG_Codierstecker_GWG96;GWG_Codierstecker_GWG96~0x1090;NoConversion;@@viessmann.eventtype.GWG_Codierstecker_GWG96.description;100;-1;-1;1;;;-1
VScotHC1_200;459;447;24;0;@@viessmann.eventtype.name.GWG_Codierstecker_GWG97;GWG_Codierstecker_GWG97~0x1090;NoConversion;@@viessmann.eventtype.GWG_Codierstecker_GWG97.description;100;-1;-1;1;;;-1
VScotHC1_200;459;448;24;0;@@viessmann.eventtype.name.GWG_Codierstecker_GWG98;GWG_Codierstecker_GWG98~0x1090;NoConversion;@@viessmann.eventtype.GWG_Codierstecker_GWG98.description;100;-1;-1;1;;;-1
VScotHC1_200;459;449;24;0;@@viessmann.eventtype.name.GWG_Codierstecker_GWG99;GWG_Codierstecker_GWG99~0x1090;NoConversion;@@viessmann.eventtype.GWG_Codierstecker_GWG99.description;100;-1;-1;1;;;-1
VScotHC1_200;459;450;24;0;@@viessmann.eventtype.name.GWG_Codierstecker_GWG9A;GWG_Codierstecker_GWG9A~0x1090;NoConversion;@@viessmann.eventtype.GWG_Codierstecker_GWG9A.description;100;-1;-1;1;;;-1
VScotHC1_200;459;451;24;0;@@viessmann.eventtype.name.GWG_Codierstecker_GWGA0;GWG_Codierstecker_GWGA0~0x10A0;NoConversion;@@viessmann.eventtype.GWG_Codierstecker_GWGA0.description;100;-1;-1;1;;;-1
VScotHC1_200;459;452;24;0;@@viessmann.eventtype.name.GWG_Codierstecker_GWGA1;GWG_Codierstecker_GWGA1~0x10A0;NoConversion;@@viessmann.eventtype.GWG_Codierstecker_GWGA1.description;100;-1;-1;1;;;-1
VScotHC1_200;459;453;24;0;@@viessmann.eventtype.name.GWG_Codierstecker_GWGA2;GWG_Codierstecker_GWGA2~0x10A0;Mult2;@@viessmann.eventtype.GWG_Codierstecker_GWGA2.description;100;-1;-1;1;;;-1
VScotHC1_200;459;454;24;0;@@viessmann.eventtype.name.GWG_Codierstecker_GWGA3;GWG_Codierstecker_GWGA3~0x10A0;Mult2;@@viessmann.eventtype.GWG_Codierstecker_GWGA3.description;100;-1;-1;1;;;-1
VScotHC1_200;459;455;24;0;@@viessmann.eventtype.name.GWG_Codierstecker_GWGA4;GWG_Codierstecker_GWGA4~0x10A0;NoConversion;@@viessmann.eventtype.GWG_Codierstecker_GWGA4.description;100;-1;-1;1;;;-1
VScotHC1_200;459;456;24;0;@@viessmann.eventtype.name.GWG_Codierstecker_GWGA5;GWG_Codierstecker_GWGA5~0x10A0;NoConversion;@@viessmann.eventtype.GWG_Codierstecker_GWGA5.description;100;-1;-1;1;;;-1
VScotHC1_200;459;457;24;0;@@viessmann.eventtype.name.GWG_Codierstecker_GWGA6;GWG_Codierstecker_GWGA6~0x10A0;NoConversion;@@viessmann.eventtype.GWG_Codierstecker_GWGA6.description;100;-1;-1;1;;;-1
VScotHC1_200;459;458;24;0;@@viessmann.eventtype.name.GWG_Codierstecker_GWGA7;GWG_Codierstecker_GWGA7~0x10A0;NoConversion;@@viessmann.eventtype.GWG_Codierstecker_GWGA7.description;100;-1;-1;1;;;-1
VScotHC1_200;459;459;24;0;@@viessmann.eventtype.name.GWG_Codierstecker_GWGA8;GWG_Codierstecker_GWGA8~0x10A0;NoConversion;@@viessmann.eventtype.GWG_Codierstecker_GWGA8.description;100;-1;-1;1;;;-1
VScotHC1_200;459;460;24;0;@@viessmann.eventtype.name.GWG_Codierstecker_GWGA9;GWG_Codierstecker_GWGA9~0x10A0;NoConversion;@@viessmann.eventtype.GWG_Codierstecker_GWGA9.description;100;-1;-1;1;;;-1
VScotHC1_200;459;461;24;0;@@viessmann.eventtype.name.GWG_Codierstecker_GWGAA;GWG_Codierstecker_GWGAA~0x10A0;NoConversion;@@viessmann.eventtype.GWG_Codierstecker_GWGAA.description;100;-1;-1;1;;;-1
VScotHC1_200;459;804;24;-1;@@viessmann.eventtype.name.K01_KonfiAnlagentyp_D;K01_KonfiAnlagentyp_D~0x7701;NoConversion;@@viessmann.eventtype.K01_KonfiAnlagentyp_D.description;50;-1;-1;3;;1;-1
VScotHC1_200;459;805;24;-1;@@viessmann.eventtype.name.K01_KonfiAnlagentypGWG;K01_KonfiAnlagentypGWG~0x7701;NoConversion;@@viessmann.eventtype.K01_KonfiAnlagentypGWG.description;50;-1;-1;3;;1;-1
VScotHC1_200;459;245;24;-1;@@viessmann.eventtype.name.DigitalAusgang_InternePumpe;DigitalAusgang_InternePumpe~0x7660;NoConversion;@@viessmann.eventtype.DigitalAusgang_InternePumpe.description;50;-1;-1;1;;;-1
VScotHC1_200;459;256;24;-1;@@viessmann.eventtype.name.DigitalEingang_143_3_UT;DigitalEingang_143_3_UT~0x0884;NoConversion;@@viessmann.eventtype.DigitalEingang_143_3_UT.description;50;-1;-1;3;;;-1
VScotHC1_200;459;269;24;-1;@@viessmann.eventtype.name.ExtAE_Sammel;ExtAE_Sammel~0x0A82;NoConversion;@@viessmann.eventtype.ExtAE_Sammel.description;50;-1;-1;1;;;-1
VScotHC1_200;459;285;24;0;@@viessmann.eventtype.name.FehlerHisFA01;FehlerHisFA01~0x7590;NoConversion;@@viessmann.eventtype.FehlerHisFA01.description;100;-1;-1;1;;;-1
VScotHC1_200;459;286;24;0;@@viessmann.eventtype.name.FehlerHisFA02;FehlerHisFA02~0x7599;NoConversion;@@viessmann.eventtype.FehlerHisFA02.description;100;-1;-1;1;;;-1
VScotHC1_200;459;287;24;0;@@viessmann.eventtype.name.FehlerHisFA03;FehlerHisFA03~0x75A2;NoConversion;@@viessmann.eventtype.FehlerHisFA03.description;100;-1;-1;1;;;-1
VScotHC1_200;459;288;24;0;@@viessmann.eventtype.name.FehlerHisFA04;FehlerHisFA04~0x75AB;NoConversion;@@viessmann.eventtype.FehlerHisFA04.description;100;-1;-1;1;;;-1
VScotHC1_200;459;289;24;0;@@viessmann.eventtype.name.FehlerHisFA05;FehlerHisFA05~0x75B4;NoConversion;@@viessmann.eventtype.FehlerHisFA05.description;100;-1;-1;1;;;-1
VScotHC1_200;459;290;24;0;@@viessmann.eventtype.name.FehlerHisFA06;FehlerHisFA06~0x75BD;NoConversion;@@viessmann.eventtype.FehlerHisFA06.description;100;-1;-1;1;;;-1
VScotHC1_200;459;291;24;0;@@viessmann.eventtype.name.FehlerHisFA07;FehlerHisFA07~0x75C6;NoConversion;@@viessmann.eventtype.FehlerHisFA07.description;100;-1;-1;1;;;-1
VScotHC1_200;459;292;24;0;@@viessmann.eventtype.name.FehlerHisFA08;FehlerHisFA08~0x75CF;NoConversion;@@viessmann.eventtype.FehlerHisFA08.description;100;-1;-1;1;;;-1
VScotHC1_200;459;293;24;0;@@viessmann.eventtype.name.FehlerHisFA09;FehlerHisFA09~0x75D8;NoConversion;@@viessmann.eventtype.FehlerHisFA09.description;100;-1;-1;1;;;-1
VScotHC1_200;459;294;24;0;@@viessmann.eventtype.name.FehlerHisFA10;FehlerHisFA10~0x75E1;NoConversion;@@viessmann.eventtype.FehlerHisFA10.description;100;-1;-1;1;;;-1
VScotHC1_200;459;295;24;0;@@viessmann.eventtype.name.FehlerHisFA11;FehlerHisFA11~0x75EA;NoConversion;@@viessmann.eventtype.FehlerHisFA11.description;100;-1;-1;1;;;-1
VScotHC1_200;459;296;24;0;@@viessmann.eventtype.name.FehlerHisFA12;FehlerHisFA12~0x75F3;NoConversion;@@viessmann.eventtype.FehlerHisFA12.description;100;-1;-1;1;;;-1
VScotHC1_200;459;297;24;0;@@viessmann.eventtype.name.FehlerHisFA13;FehlerHisFA13~0x75FC;NoConversion;@@viessmann.eventtype.FehlerHisFA13.description;100;-1;-1;1;;;-1
VScotHC1_200;459;298;24;0;@@viessmann.eventtype.name.FehlerHisFA14;FehlerHisFA14~0x7605;NoConversion;@@viessmann.eventtype.FehlerHisFA14.description;100;-1;-1;1;;;-1
VScotHC1_200;459;299;24;0;@@viessmann.eventtype.name.FehlerHisFA15;FehlerHisFA15~0x760E;NoConversion;@@viessmann.eventtype.FehlerHisFA15.description;100;-1;-1;1;;;-1
VScotHC1_200;459;300;24;0;@@viessmann.eventtype.name.FehlerHisFA16;FehlerHisFA16~0x7617;NoConversion;@@viessmann.eventtype.FehlerHisFA16.description;100;-1;-1;1;;;-1
VScotHC1_200;459;301;24;0;@@viessmann.eventtype.name.FehlerHisFA17;FehlerHisFA17~0x7620;NoConversion;@@viessmann.eventtype.FehlerHisFA17.description;100;-1;-1;1;;;-1
VScotHC1_200;459;302;24;0;@@viessmann.eventtype.name.FehlerHisFA18;FehlerHisFA18~0x7629;NoConversion;@@viessmann.eventtype.FehlerHisFA18.description;100;-1;-1;1;;;-1
VScotHC1_200;459;303;24;0;@@viessmann.eventtype.name.FehlerHisFA19;FehlerHisFA19~0x7632;NoConversion;@@viessmann.eventtype.FehlerHisFA19.description;100;-1;-1;1;;;-1
VScotHC1_200;459;304;24;0;@@viessmann.eventtype.name.FehlerHisFA20;FehlerHisFA20~0x763B;NoConversion;@@viessmann.eventtype.FehlerHisFA20.description;100;-1;-1;1;;;-1
VScotHC1_200;459;312;24;-1;@@viessmann.eventtype.name.FlowSwitch;FlowSwitch~0x0883;NoConversion;@@viessmann.eventtype.FlowSwitch.description;50;-1;-1;1;;;-1
VScotHC1_200;459;418;24;0;@@viessmann.eventtype.name.GWG_Codierstecker_AusDiff;GWG_Codierstecker_AusDiff~0x1060;NoConversion;@@viessmann.eventtype.GWG_Codierstecker_AusDiff.description;100;-1;-1;1;;;-1
VScotHC1_200;459;419;24;0;@@viessmann.eventtype.name.GWG_Codierstecker_AusMax;GWG_Codierstecker_AusMax~0x1060;NoConversion;@@viessmann.eventtype.GWG_Codierstecker_AusMax.description;100;-1;-1;1;;;-1
VScotHC1_200;459;420;24;-1;@@viessmann.eventtype.name.GWG_Codierstecker_BauartWW;GWG_Codierstecker_BauartWW~0x1050;NoConversion;@@viessmann.eventtype.GWG_Codierstecker_BauartWW.description;50;-1;-1;1;;;-1
VScotHC1_200;459;421;24;0;@@viessmann.eventtype.name.GWG_Codierstecker_BereichKTSollMax;GWG_Codierstecker_BereichKTSollMax~0x1050;NoConversion;@@viessmann.eventtype.GWG_Codierstecker_BereichKTSollMax.description;100;-1;-1;1;;;-1
VScotHC1_200;459;422;24;0;@@viessmann.eventtype.name.GWG_Codierstecker_BereichKTSollMin;GWG_Codierstecker_BereichKTSollMin~0x1050;NoConversion;@@viessmann.eventtype.GWG_Codierstecker_BereichKTSollMin.description;100;-1;-1;1;;;-1
VScotHC1_200;459;423;24;0;@@viessmann.eventtype.name.GWG_Codierstecker_BereichWWSollMax;GWG_Codierstecker_BereichWWSollMax~0x1050;NoConversion;@@viessmann.eventtype.GWG_Codierstecker_BereichWWSollMax.description;100;-1;-1;1;;;-1
VScotHC1_200;459;424;24;0;@@viessmann.eventtype.name.GWG_Codierstecker_BereichWWSollMin;GWG_Codierstecker_BereichWWSollMin~0x1050;NoConversion;@@viessmann.eventtype.GWG_Codierstecker_BereichWWSollMin.description;100;-1;-1;1;;;-1
VScotHC1_200;459;425;24;-1;@@viessmann.eventtype.name.GWG_Codierstecker_Brennertyp;GWG_Codierstecker_Brennertyp~0x1050;NoConversion;@@viessmann.eventtype.GWG_Codierstecker_Brennertyp.description;50;-1;-1;1;;;-1
VScotHC1_200;459;426;24;0;@@viessmann.eventtype.name.GWG_Codierstecker_BRMin;GWG_Codierstecker_BRMin~0x1070;NoConversion;@@viessmann.eventtype.GWG_Codierstecker_BRMin.description;100;-1;-1;1;;;-1
VScotHC1_200;459;427;24;0;@@viessmann.eventtype.name.GWG_Codierstecker_BROffset;GWG_Codierstecker_BROffset~0x1070;NoConversion;@@viessmann.eventtype.GWG_Codierstecker_BROffset.description;100;-1;-1;1;;;-1
VScotHC1_200;459;428;24;0;@@viessmann.eventtype.name.GWG_Codierstecker_BROpt;GWG_Codierstecker_BROpt~0x1070;Mult10;@@viessmann.eventtype.GWG_Codierstecker_BROpt.description;100;-1;-1;1;;;-1
VScotHC1_200;459;429;24;0;@@viessmann.eventtype.name.GWG_Codierstecker_DrehzMin;GWG_Codierstecker_DrehzMin~0x1070;NoConversion;@@viessmann.eventtype.GWG_Codierstecker_DrehzMin.description;100;-1;-1;1;;;-1
VScotHC1_200;459;430;24;0;@@viessmann.eventtype.name.GWG_Codierstecker_EinDiff;GWG_Codierstecker_EinDiff~0x1060;NoConversion;@@viessmann.eventtype.GWG_Codierstecker_EinDiff.description;100;-1;-1;1;;;-1
VScotHC1_200;459;431;24;0;@@viessmann.eventtype.name.GWG_Codierstecker_Geraetetyp;GWG_Codierstecker_Geraetetyp~0x1050;NoConversion;@@viessmann.eventtype.GWG_Codierstecker_Geraetetyp.description;100;-1;-1;1;;;-1
VScotHC1_200;459;432;24;0;@@viessmann.eventtype.name.GWG_Codierstecker_GWG80;GWG_Codierstecker_GWG80~0x1080;NoConversion;@@viessmann.eventtype.GWG_Codierstecker_GWG80.description;100;-1;-1;1;;;-1
VScotHC1_200;459;433;24;0;@@viessmann.eventtype.name.GWG_Codierstecker_GWG81;GWG_Codierstecker_GWG81~0x1080;NoConversion;@@viessmann.eventtype.GWG_Codierstecker_GWG81.description;100;-1;-1;1;;;-1
VScotHC1_200;459;434;24;0;@@viessmann.eventtype.name.GWG_Codierstecker_GWG82;GWG_Codierstecker_GWG82~0x1080;NoConversion;@@viessmann.eventtype.GWG_Codierstecker_GWG82.description;100;-1;-1;1;;;-1
VScotHC1_200;459;435;24;0;@@viessmann.eventtype.name.GWG_Codierstecker_GWG83;GWG_Codierstecker_GWG83~0x1080;NoConversion;@@viessmann.eventtype.GWG_Codierstecker_GWG83.description;100;-1;-1;1;;;-1
VScotHC1_200;459;436;24;0;@@viessmann.eventtype.name.GWG_Codierstecker_GWG84;GWG_Codierstecker_GWG84~0x1080;Div10;@@viessmann.eventtype.GWG_Codierstecker_GWG84.description;100;-1;-1;1;;;-1
VScotHC1_200;459;437;24;0;@@viessmann.eventtype.name.GWG_Codierstecker_GWG85;GWG_Codierstecker_GWG85~0x1080;Mult10;@@viessmann.eventtype.GWG_Codierstecker_GWG85.description;100;-1;-1;1;;;-1
VScotHC1_200;459;438;24;0;@@viessmann.eventtype.name.GWG_Codierstecker_GWG86;GWG_Codierstecker_GWG86~0x1080;Mult10;@@viessmann.eventtype.GWG_Codierstecker_GWG86.description;100;-1;-1;1;;;-1
VScotHC1_200;459;439;24;0;@@viessmann.eventtype.name.GWG_Codierstecker_GWG87;GWG_Codierstecker_GWG87~0x1080;NoConversion;@@viessmann.eventtype.GWG_Codierstecker_GWG87.description;100;-1;-1;1;;;-1
VScotHC1_200;459;440;24;-1;@@viessmann.eventtype.name.GWG_Codierstecker_GWG88;GWG_Codierstecker_GWG88~0x1080;NoConversion;@@viessmann.eventtype.GWG_Codierstecker_GWG88.description;50;-1;-1;1;;;-1
VScotHC1_200;459;441;24;0;@@viessmann.eventtype.name.GWG_Codierstecker_GWG91;GWG_Codierstecker_GWG91~0x1090;NoConversion;@@viessmann.eventtype.GWG_Codierstecker_GWG91.description;100;-1;-1;1;;;-1
VScotHC1_200;459;442;24;0;@@viessmann.eventtype.name.GWG_Codierstecker_GWG92;GWG_Codierstecker_GWG92~0x1090;NoConversion;@@viessmann.eventtype.GWG_Codierstecker_GWG92.description;100;-1;-1;1;;;-1
VScotHC1_200;459;443;24;0;@@viessmann.eventtype.name.GWG_Codierstecker_GWG93;GWG_Codierstecker_GWG93~0x1090;NoConversion;@@viessmann.eventtype.GWG_Codierstecker_GWG93.description;100;-1;-1;1;;;-1
VScotHC1_200;459;444;24;0;@@viessmann.eventtype.name.GWG_Codierstecker_GWG94;GWG_Codierstecker_GWG94~0x1090;NoConversion;@@viessmann.eventtype.GWG_Codierstecker_GWG94.description;100;-1;-1;1;;;-1
VScotHC1_200;459;445;24;0;@@viessmann.eventtype.name.GWG_Codierstecker_GWG95;GWG_Codierstecker_GWG95~0x1090;NoConversion;@@viessmann.eventtype.GWG_Codierstecker_GWG95.description;100;-1;-1;1;;;-1
VScotHC1_200;459;462;24;0;@@viessmann.eventtype.name.GWG_Codierstecker_GWGB0;GWG_Codierstecker_GWGB0~0x10B0;NoConversion;@@viessmann.eventtype.GWG_Codierstecker_GWGB0.description;100;-1;-1;1;;;-1
VScotHC1_200;459;463;24;0;@@viessmann.eventtype.name.GWG_Codierstecker_GWGB1;GWG_Codierstecker_GWGB1~0x10B0;NoConversion;@@viessmann.eventtype.GWG_Codierstecker_GWGB1.description;100;-1;-1;1;;;-1
VScotHC1_200;459;464;24;0;@@viessmann.eventtype.name.GWG_Codierstecker_GWGB2;GWG_Codierstecker_GWGB2~0x10B0;Mult2;@@viessmann.eventtype.GWG_Codierstecker_GWGB2.description;100;-1;-1;1;;;-1
VScotHC1_200;459;465;24;0;@@viessmann.eventtype.name.GWG_Codierstecker_GWGB3;GWG_Codierstecker_GWGB3~0x10B0;Mult2;@@viessmann.eventtype.GWG_Codierstecker_GWGB3.description;100;-1;-1;1;;;-1
VScotHC1_200;459;466;24;0;@@viessmann.eventtype.name.GWG_Codierstecker_GWGB4;GWG_Codierstecker_GWGB4~0x10B0;NoConversion;@@viessmann.eventtype.GWG_Codierstecker_GWGB4.description;100;-1;-1;1;;;-1
VScotHC1_200;459;467;24;0;@@viessmann.eventtype.name.GWG_Codierstecker_GWGB5;GWG_Codierstecker_GWGB5~0x10B0;NoConversion;@@viessmann.eventtype.GWG_Codierstecker_GWGB5.description;100;-1;-1;1;;;-1
VScotHC1_200;459;468;24;0;@@viessmann.eventtype.name.GWG_Codierstecker_GWGB6;GWG_Codierstecker_GWGB6~0x10B0;NoConversion;@@viessmann.eventtype.GWG_Codierstecker_GWGB6.description;100;-1;-1;1;;;-1
VScotHC1_200;459;469;24;0;@@viessmann.eventtype.name.GWG_Codierstecker_GWGB7;GWG_Codierstecker_GWGB7~0x10B0;NoConversion;@@viessmann.eventtype.GWG_Codierstecker_GWGB7.description;100;-1;-1;1;;;-1
VScotHC1_200;459;470;24;0;@@viessmann.eventtype.name.GWG_Codierstecker_GWGB8;GWG_Codierstecker_GWGB8~0x10B0;NoConversion;@@viessmann.eventtype.GWG_Codierstecker_GWGB8.description;100;-1;-1;1;;;-1
VScotHC1_200;459;471;24;0;@@viessmann.eventtype.name.GWG_Codierstecker_GWGB9;GWG_Codierstecker_GWGB9~0x10B0;NoConversion;@@viessmann.eventtype.GWG_Codierstecker_GWGB9.description;100;-1;-1;1;;;-1
VScotHC1_200;459;472;24;0;@@viessmann.eventtype.name.GWG_Codierstecker_GWGBA;GWG_Codierstecker_GWGBA~0x10B0;NoConversion;@@viessmann.eventtype.GWG_Codierstecker_GWGBA.description;100;-1;-1;1;;;-1
VScotHC1_200;459;473;24;0;@@viessmann.eventtype.name.GWG_Codierstecker_GWGC0;GWG_Codierstecker_GWGC0~0x10C0;NoConversion;@@viessmann.eventtype.GWG_Codierstecker_GWGC0.description;100;-1;-1;1;;;-1
VScotHC1_200;459;474;24;0;@@viessmann.eventtype.name.GWG_Codierstecker_GWGC1;GWG_Codierstecker_GWGC1~0x10C0;NoConversion;@@viessmann.eventtype.GWG_Codierstecker_GWGC1.description;100;-1;-1;1;;;-1
VScotHC1_200;459;475;24;0;@@viessmann.eventtype.name.GWG_Codierstecker_GWGC2;GWG_Codierstecker_GWGC2~0x10C0;Mult2;@@viessmann.eventtype.GWG_Codierstecker_GWGC2.description;100;-1;-1;1;;;-1
VScotHC1_200;459;476;24;0;@@viessmann.eventtype.name.GWG_Codierstecker_GWGC3;GWG_Codierstecker_GWGC3~0x10C0;Mult2;@@viessmann.eventtype.GWG_Codierstecker_GWGC3.description;100;-1;-1;1;;;-1
VScotHC1_200;459;477;24;0;@@viessmann.eventtype.name.GWG_Codierstecker_GWGC4;GWG_Codierstecker_GWGC4~0x10C0;NoConversion;@@viessmann.eventtype.GWG_Codierstecker_GWGC4.description;100;-1;-1;1;;;-1
VScotHC1_200;459;478;24;0;@@viessmann.eventtype.name.GWG_Codierstecker_GWGC5;GWG_Codierstecker_GWGC5~0x10C0;NoConversion;@@viessmann.eventtype.GWG_Codierstecker_GWGC5.description;100;-1;-1;1;;;-1
VScotHC1_200;459;479;24;0;@@viessmann.eventtype.name.GWG_Codierstecker_GWGC6;GWG_Codierstecker_GWGC6~0x10C0;NoConversion;@@viessmann.eventtype.GWG_Codierstecker_GWGC6.description;100;-1;-1;1;;;-1
VScotHC1_200;459;480;24;0;@@viessmann.eventtype.name.GWG_Codierstecker_GWGC7;GWG_Codierstecker_GWGC7~0x10C0;NoConversion;@@viessmann.eventtype.GWG_Codierstecker_GWGC7.description;100;-1;-1;1;;;-1
VScotHC1_200;459;481;24;0;@@viessmann.eventtype.name.GWG_Codierstecker_GWGC8;GWG_Codierstecker_GWGC8~0x10C0;NoConversion;@@viessmann.eventtype.GWG_Codierstecker_GWGC8.description;100;-1;-1;1;;;-1
VScotHC1_200;459;482;24;0;@@viessmann.eventtype.name.GWG_Codierstecker_GWGC9;GWG_Codierstecker_GWGC9~0x10C0;NoConversion;@@viessmann.eventtype.GWG_Codierstecker_GWGC9.description;100;-1;-1;1;;;-1
VScotHC1_200;459;483;24;0;@@viessmann.eventtype.name.GWG_Codierstecker_GWGCA;GWG_Codierstecker_GWGCA~0x10C0;NoConversion;@@viessmann.eventtype.GWG_Codierstecker_GWGCA.description;100;-1;-1;1;;;-1
VScotHC1_200;459;484;24;0;@@viessmann.eventtype.name.GWG_Codierstecker_HZmaxLeistung;GWG_Codierstecker_HZmaxLeistung~0x1050;NoConversion;@@viessmann.eventtype.GWG_Codierstecker_HZmaxLeistung.description;100;-1;-1;1;;;-1
VScotHC1_200;459;485;24;0;@@viessmann.eventtype.name.GWG_Codierstecker_Jahr;GWG_Codierstecker_Jahr~0x1020;NoConversion;@@viessmann.eventtype.GWG_Codierstecker_Jahr.description;100;-1;-1;1;;0;-1
VScotHC1_200;459;486;24;0;@@viessmann.eventtype.name.GWG_Codierstecker_Kennziffer;GWG_Codierstecker_Kennziffer~0x1040;RotateBytes;@@viessmann.eventtype.GWG_Codierstecker_Kennziffer.description;100;-1;-1;1;;0;-1
VScotHC1_200;459;487;24;0;@@viessmann.eventtype.name.GWG_Codierstecker_KT_Regler;GWG_Codierstecker_KT_Regler~0x1060;Div10;@@viessmann.eventtype.GWG_Codierstecker_KT_Regler.description;100;-1;-1;1;;;-1
VScotHC1_200;459;488;24;0;@@viessmann.eventtype.name.GWG_Codierstecker_KTMin;GWG_Codierstecker_KTMin~0x1070;NoConversion;@@viessmann.eventtype.GWG_Codierstecker_KTMin.description;100;-1;-1;1;;;-1
VScotHC1_200;459;489;24;0;@@viessmann.eventtype.name.GWG_Codierstecker_maxHZ_Leistung;GWG_Codierstecker_maxHZ_Leistung~0x1030;NoConversion;@@viessmann.eventtype.GWG_Codierstecker_maxHZ_Leistung.description;100;-1;-1;1;;0;-1
VScotHC1_200;459;490;24;0;@@viessmann.eventtype.name.GWG_Codierstecker_maxWW_Leistung;GWG_Codierstecker_maxWW_Leistung~0x1030;NoConversion;@@viessmann.eventtype.GWG_Codierstecker_maxWW_Leistung.description;100;-1;-1;1;;0;-1
VScotHC1_200;459;491;24;0;@@viessmann.eventtype.name.GWG_Codierstecker_Monat;GWG_Codierstecker_Monat~0x1020;NoConversion;@@viessmann.eventtype.GWG_Codierstecker_Monat.description;100;-1;-1;1;;0;-1
VScotHC1_200;459;492;24;0;@@viessmann.eventtype.name.GWG_Codierstecker_N_KT_Regler;GWG_Codierstecker_N_KT_Regler~0x1060;Mult10;@@viessmann.eventtype.GWG_Codierstecker_N_KT_Regler.description;100;-1;-1;1;;;-1
VScotHC1_200;459;493;24;0;@@viessmann.eventtype.name.GWG_Codierstecker_Nach;GWG_Codierstecker_Nach~0x1070;NoConversion;@@viessmann.eventtype.GWG_Codierstecker_Nach.description;100;-1;-1;1;;;-1
VScotHC1_200;459;494;24;0;@@viessmann.eventtype.name.GWG_Codierstecker_Pause;GWG_Codierstecker_Pause~0x1060;NoConversion;@@viessmann.eventtype.GWG_Codierstecker_Pause.description;100;-1;-1;1;;;-1
VScotHC1_200;459;495;24;0;@@viessmann.eventtype.name.GWG_Codierstecker_Pause_Abbruch;GWG_Codierstecker_Pause_Abbruch~0x1060;NoConversion;@@viessmann.eventtype.GWG_Codierstecker_Pause_Abbruch.description;100;-1;-1;1;;;-1
VScotHC1_200;459;496;24;0;@@viessmann.eventtype.name.GWG_Codierstecker_Pause_AbbruchT;GWG_Codierstecker_Pause_AbbruchT~0x1060;NoConversion;@@viessmann.eventtype.GWG_Codierstecker_Pause_AbbruchT.description;100;-1;-1;1;;;-1
VScotHC1_200;459;497;24;0;@@viessmann.eventtype.name.GWG_Codierstecker_PSollSP;GWG_Codierstecker_PSollSP~0x1070;NoConversion;@@viessmann.eventtype.GWG_Codierstecker_PSollSP.description;100;-1;-1;1;;;-1
VScotHC1_200;459;498;24;0;@@viessmann.eventtype.name.GWG_Codierstecker_Tag;GWG_Codierstecker_Tag~0x1020;NoConversion;@@viessmann.eventtype.GWG_Codierstecker_Tag.description;100;-1;-1;1;;0;-1
VScotHC1_200;459;499;24;-1;@@viessmann.eventtype.name.GWG_Codierstecker_UV;GWG_Codierstecker_UV~0x1030;NoConversion;@@viessmann.eventtype.GWG_Codierstecker_UV.description;50;-1;-1;1;;;-1
VScotHC1_200;459;500;24;0;@@viessmann.eventtype.name.GWG_Codierstecker_WWmaxLeistung;GWG_Codierstecker_WWmaxLeistung~0x1050;NoConversion;@@viessmann.eventtype.GWG_Codierstecker_WWmaxLeistung.description;100;-1;-1;1;;;-1
VScotHC1_200;459;600;24;-1;@@viessmann.eventtype.name.GWG_Flamme;GWG_Flamme~0x55D3;NoConversion;@@viessmann.eventtype.GWG_Flamme.description;50;-1;-1;1;;;-1
VScotHC1_200;459;601;24;-1;@@viessmann.eventtype.name.GWG_Flamme1;GWG_Flamme1~0x55DD;NoConversion;@@viessmann.eventtype.GWG_Flamme1.description;50;-1;-1;1;;;-1
VScotHC1_200;459;640;24;-1;@@viessmann.eventtype.name.GWG_Kennung;GWG_Kennung~0x00F9;NoConversion;@@viessmann.eventtype.GWG_Kennung.description;50;-1;-1;1;;;-1
VScotHC1_200;459;697;24;-1;@@viessmann.eventtype.name.GWG_Verriegelung;GWG_Verriegelung~0x55D3;NoConversion;@@viessmann.eventtype.GWG_Verriegelung.description;50;-1;-1;1;;;-1
VScotHC1_200;459;707;24;-1;@@viessmann.eventtype.name.GWGReglerkennung;GWGReglerkennung~0x00F9;NoConversion;@@viessmann.eventtype.GWGReglerkennung.description;50;-1;-1;1;;;-1
VScotHC1_200;459;708;24;-1;@@viessmann.eventtype.name.HK_AktuelleBetriebsartA1M1;HK_AktuelleBetriebsartA1M1~0x2500;NoConversion;@@viessmann.eventtype.HK_AktuelleBetriebsartA1M1.description;50;-1;-1;1;;;-1
VScotHC1_200;459;729;24;-1;@@viessmann.eventtype.name.HK_PumpenzustandA1M1;HK_PumpenzustandA1M1~0x2906;NoConversion;@@viessmann.eventtype.HK_PumpenzustandA1M1.description;50;-1;-1;1;;;-1
VScotHC1_200;459;735;24;-1;@@viessmann.eventtype.name.HK_ReglervarianteA1M1;HK_ReglervarianteA1M1~0x2521;NoConversion;@@viessmann.eventtype.HK_ReglervarianteA1M1.description;50;-1;-1;1;;;-1
VScotHC1_200;459;778;24;0;@@viessmann.eventtype.name.HKP_A1Drehzahl;HKP_A1Drehzahl~0x7663;NoConversion;@@viessmann.eventtype.HKP_A1Drehzahl.description;100;-1;-1;1;;;-1
VScotHC1_200;459;787;24;0;@@viessmann.eventtype.name.InternePumpeDrehzahl;InternePumpeDrehzahl~0x7660;NoConversion;@@viessmann.eventtype.InternePumpeDrehzahl.description;100;-1;-1;1;;;-1
VScotHC1_200;459;789;24;-1;@@viessmann.eventtype.name.K00_KonfiAnlagenschemaGWG_Konstant;K00_KonfiAnlagenschemaGWG_Konstant~0x7700;NoConversion;@@viessmann.eventtype.K00_KonfiAnlagenschemaGWG_Konstant.description;50;-1;-1;3;;1;-1
VScotHC1_200;459;818;24;0;@@viessmann.eventtype.name.K06_KonfiKTMaxGWG;K06_KonfiKTMaxGWG~0x5706;NoConversion;@@viessmann.eventtype.K06_KonfiKTMaxGWG.description;100;-1;-1;3;;74;-1
VScotHC1_200;459;819;24;0;@@viessmann.eventtype.name.K07_KonfiKesselnummerV100GC1;K07_KonfiKesselnummerV100GC1~0x5707;NoConversion;@@viessmann.eventtype.K07_KonfiKesselnummerV100GC1.description;100;-1;-1;3;;1;-1
VScotHC1_200;459;820;24;0;@@viessmann.eventtype.name.K07_KonfiKesselnummerV100GC1_D;K07_KonfiKesselnummerV100GC1_D~0x5707;NoConversion;@@viessmann.eventtype.K07_KonfiKesselnummerV100GC1_D.description;100;-1;-1;3;;1;-1
VScotHC1_200;459;822;24;0;@@viessmann.eventtype.name.K08_KonfiBrennermaximalleistung1KWGWG;K08_KonfiBrennermaximalleistung1KWGWG~0x5708;NoConversion;@@viessmann.eventtype.K08_KonfiBrennermaximalleistung1KWGWG.description;100;-1;-1;1;;66;-1
VScotHC1_200;459;859;24;0;@@viessmann.eventtype.name.K21_KonfiBetriebsstdBrenner_Wartung;K21_KonfiBetriebsstdBrenner_Wartung~0x5721;Mult100;@@viessmann.eventtype.K21_KonfiBetriebsstdBrenner_Wartung.description;100;-1;-1;3;;0;-1
VScotHC1_200;459;862;24;0;@@viessmann.eventtype.name.K21_KonfiBetriebsstdBrennerWart100;K21_KonfiBetriebsstdBrennerWart100~0x5721;Mult100;@@viessmann.eventtype.K21_KonfiBetriebsstdBrennerWart100.description;100;-1;-1;3;;0;-1
VScotHC1_200;459;863;24;0;@@viessmann.eventtype.name.K23_KonfiZeitintervall_Wartung;K23_KonfiZeitintervall_Wartung~0x5723;NoConversion;@@viessmann.eventtype.K23_KonfiZeitintervall_Wartung.description;100;-1;-1;1;;0;-1
VScotHC1_200;459;864;24;0;@@viessmann.eventtype.name.K23_KonfiZeitintervallWartung;K23_KonfiZeitintervallWartung~0x5723;NoConversion;@@viessmann.eventtype.K23_KonfiZeitintervallWartung.description;100;-1;-1;3;;0;-1
VScotHC1_200;459;865;24;-1;@@viessmann.eventtype.name.K24_KonfiStatus_Wartung;K24_KonfiStatus_Wartung~0x5724;NoConversion;@@viessmann.eventtype.K24_KonfiStatus_Wartung.description;50;-1;-1;3;;0;-1
VScotHC1_200;459;866;24;-1;@@viessmann.eventtype.name.K24_KonfiStatusWartung;K24_KonfiStatusWartung~0x5724;NoConversion;@@viessmann.eventtype.K24_KonfiStatusWartung.description;50;-1;-1;3;;0;-1
VScotHC1_200;459;867;24;0;@@viessmann.eventtype.name.K24_KonfiStatusWartungFunktionReset;K24_KonfiStatusWartungFunktionReset~0x5724;NoConversion;@@viessmann.eventtype.K24_KonfiStatusWartungFunktionReset.description;100;-1;-1;2;;0;-1
VScotHC1_200;459;868;24;-1;@@viessmann.eventtype.name.K25_ATS_Konstant;K25_ATS_Konstant~0x5725;NoConversion;@@viessmann.eventtype.K25_ATS_Konstant.description;50;-1;-1;3;;0;-1
VScotHC1_200;459;873;24;-1;@@viessmann.eventtype.name.K28_KonfiIntervallzuendung;K28_KonfiIntervallzuendung~0x5728;NoConversion;@@viessmann.eventtype.K28_KonfiIntervallzuendung.description;50;-1;-1;3;;0;-1
VScotHC1_200;459;881;24;-1;@@viessmann.eventtype.name.K2E_KonfiKennungAnschluss;K2E_KonfiKennungAnschluss~0x572E;NoConversion;@@viessmann.eventtype.K2E_KonfiKennungAnschluss.description;50;-1;-1;3;;0;-1
VScotHC1_200;459;882;24;-1;@@viessmann.eventtype.name.K2E_KonfiKennungAnschlussD;K2E_KonfiKennungAnschlussD~0x572E;NoConversion;@@viessmann.eventtype.K2E_KonfiKennungAnschlussD.description;50;-1;-1;3;;0;-1
VScotHC1_200;459;883;24;-1;@@viessmann.eventtype.name.K2F_KonfiEntlueftung;K2F_KonfiEntlueftung~0x572F;NoConversion;@@viessmann.eventtype.K2F_KonfiEntlueftung.description;50;-1;-1;3;;0;-1
VScotHC1_200;459;884;24;-1;@@viessmann.eventtype.name.K30_KennungIntPumpe;K30_KennungIntPumpe~0x5730;NoConversion;@@viessmann.eventtype.K30_KennungIntPumpe.description;50;-1;-1;3;;0;-1
VScotHC1_200;459;885;24;-1;@@viessmann.eventtype.name.K30_KennungIntPumpeKM;K30_KennungIntPumpeKM~0x5730;NoConversion;@@viessmann.eventtype.K30_KennungIntPumpeKM.description;50;-1;-1;3;;0;-1
VScotHC1_200;459;886;24;0;@@viessmann.eventtype.name.K31_DrehzahlIntPumpe;K31_DrehzahlIntPumpe~0x5731;NoConversion;@@viessmann.eventtype.K31_DrehzahlIntPumpe.description;100;-1;-1;3;;65;-1
VScotHC1_200;459;897;24;0;@@viessmann.eventtype.name.K38_KonfiFehlerByteGFA;K38_KonfiFehlerByteGFA~0x5738;NoConversion;@@viessmann.eventtype.K38_KonfiFehlerByteGFA.description;100;-1;-1;1;;;-1
VScotHC1_200;459;936;24;-1;@@viessmann.eventtype.name.K50_Reglervariante;K50_Reglervariante~0x7750;NoConversion;@@viessmann.eventtype.K50_Reglervariante.description;50;-1;-1;1;;0;-1
VScotHC1_200;459;937;24;-1;@@viessmann.eventtype.name.K52_KonfiWeiche;K52_KonfiWeiche~0x7752;NoConversion;@@viessmann.eventtype.K52_KonfiWeiche.description;50;-1;-1;3;;0;-1
VScotHC1_200;459;938;24;-1;@@viessmann.eventtype.name.K53_Rangierung;K53_Rangierung~0x7753;NoConversion;@@viessmann.eventtype.K53_Rangierung.description;50;-1;-1;3;;1;-1
VScotHC1_200;459;939;24;-1;@@viessmann.eventtype.name.K53_RangierungD;K53_RangierungD~0x7753;NoConversion;@@viessmann.eventtype.K53_RangierungD.description;50;-1;-1;3;;0;-1
VScotHC1_200;459;946;24;-1;@@viessmann.eventtype.name.K56_KonfiWW_SolltempBereichGWG;K56_KonfiWW_SolltempBereichGWG~0x6756;NoConversion;@@viessmann.eventtype.K56_KonfiWW_SolltempBereichGWG.description;50;-1;-1;3;;0;-1
VScotHC1_200;459;949;24;0;@@viessmann.eventtype.name.K58_KonfiWW_Solltemperatur2;K58_KonfiWW_Solltemperatur2~0x6758;NoConversion;@@viessmann.eventtype.K58_KonfiWW_Solltemperatur2.description;100;-1;-1;3;;0;-1
VScotHC1_200;459;950;24;-1;@@viessmann.eventtype.name.K59_KonfiWW_EinschaltOffset;K59_KonfiWW_EinschaltOffset~0x6759;NoConversion;@@viessmann.eventtype.K59_KonfiWW_EinschaltOffset.description;50;-1;-1;3;;0;-1
VScotHC1_200;459;952;24;-1;@@viessmann.eventtype.name.K5B_KonfiAnbindungSpeicher;K5B_KonfiAnbindungSpeicher~0x675B;NoConversion;@@viessmann.eventtype.K5B_KonfiAnbindungSpeicher.description;50;-1;-1;3;;0;-1
VScotHC1_200;459;957;24;0;@@viessmann.eventtype.name.K62_KonfiLpumpeNachlauf_GWG;K62_KonfiLpumpeNachlauf_GWG~0x6762;NoConversion;@@viessmann.eventtype.K62_KonfiLpumpeNachlauf_GWG.description;100;-1;-1;3;;2;-1
VScotHC1_200;459;958;24;-1;@@viessmann.eventtype.name.K63_KonfiWWAL_Haeufigkeit;K63_KonfiWWAL_Haeufigkeit~0x6763;NoConversion;@@viessmann.eventtype.K63_KonfiWWAL_Haeufigkeit.description;50;-1;-1;3;;0;-1
VScotHC1_200;459;960;24;-1;@@viessmann.eventtype.name.K65_KonfibauartUmschaltventil;K65_KonfibauartUmschaltventil~0x6765;NoConversion;@@viessmann.eventtype.K65_KonfibauartUmschaltventil.description;50;-1;-1;3;;1;-1
VScotHC1_200;459;961;24;-1;@@viessmann.eventtype.name.K65_KonfibauartUmschaltventil_D;K65_KonfibauartUmschaltventil_D~0x6765;NoConversion;@@viessmann.eventtype.K65_KonfibauartUmschaltventil_D.description;50;-1;-1;1;;1;-1
VScotHC1_200;459;963;24;0;@@viessmann.eventtype.name.K67_KonfiWW_Soll3;K67_KonfiWW_Soll3~0x6767;NoConversion;@@viessmann.eventtype.K67_KonfiWW_Soll3.description;100;-1;-1;3;;40;-1
VScotHC1_200;459;968;24;0;@@viessmann.eventtype.name.K6C_KonfiDrehzahlWW;K6C_KonfiDrehzahlWW~0x676C;NoConversion;@@viessmann.eventtype.K6C_KonfiDrehzahlWW.description;100;-1;-1;3;;100;-1
VScotHC1_200;459;969;24;0;@@viessmann.eventtype.name.K6D_KonfiAnzapffunktion;K6D_KonfiAnzapffunktion~0x676D;NoConversion;@@viessmann.eventtype.K6D_KonfiAnzapffunktion.description;100;-1;-1;3;;0;-1
VScotHC1_200;459;970;24;0;@@viessmann.eventtype.name.K6F_KonfiBegrenzungWW;K6F_KonfiBegrenzungWW~0x676F;NoConversion;@@viessmann.eventtype.K6F_KonfiBegrenzungWW.description;100;-1;-1;3;;100;-1
VScotHC1_200;459;978;24;-1;@@viessmann.eventtype.name.K76_Kommunikationsmodul_GWG;K76_Kommunikationsmodul_GWG~0x7776;NoConversion;@@viessmann.eventtype.K76_Kommunikationsmodul_GWG.description;50;-1;-1;3;;0;-1
VScotHC1_200;459;980;24;-1;@@viessmann.eventtype.name.K76_KonfiKommunikationsmodul_D;K76_KonfiKommunikationsmodul_D~0x7776;NoConversion;@@viessmann.eventtype.K76_KonfiKommunikationsmodul_D.description;50;-1;-1;1;;0;-1
VScotHC1_200;459;983;24;0;@@viessmann.eventtype.name.K77_KonfiVI_TeilnehmernummerV100_V300;K77_KonfiVI_TeilnehmernummerV100_V300~0x7777;NoConversion;@@viessmann.eventtype.K77_KonfiVI_TeilnehmernummerV100_V300.description;100;-1;-1;3;;1;-1
VScotHC1_200;459;984;24;0;@@viessmann.eventtype.name.K77_KonfiVI_TeilnehmernummerV100_V300_D;K77_KonfiVI_TeilnehmernummerV100_V300_D~0x7777;NoConversion;@@viessmann.eventtype.K77_KonfiVI_TeilnehmernummerV100_V300_D.description;100;-1;-1;1;;1;-1
VScotHC1_200;459;986;24;-1;@@viessmann.eventtype.name.K78_KonfiNVKommunikationLONV100GC1;K78_KonfiNVKommunikationLONV100GC1~0x7778;NoConversion;@@viessmann.eventtype.K78_KonfiNVKommunikationLONV100GC1.description;50;-1;-1;3;;1;-1
VScotHC1_200;459;987;24;-1;@@viessmann.eventtype.name.K78_KonfiNVKommunikationLONV100GC1_D;K78_KonfiNVKommunikationLONV100GC1_D~0x7778;NoConversion;@@viessmann.eventtype.K78_KonfiNVKommunikationLONV100GC1_D.description;50;-1;-1;1;;1;-1
VScotHC1_200;459;988;24;-1;@@viessmann.eventtype.name.K79_KonfiFehlerManagerV100_V050;K79_KonfiFehlerManagerV100_V050~0x7779;NoConversion;@@viessmann.eventtype.K79_KonfiFehlerManagerV100_V050.description;50;-1;-1;3;;0;-1
VScotHC1_200;459;989;24;-1;@@viessmann.eventtype.name.K79_KonfiFehlerManagerV100_V050_D;K79_KonfiFehlerManagerV100_V050_D~0x7779;NoConversion;@@viessmann.eventtype.K79_KonfiFehlerManagerV100_V050_D.description;50;-1;-1;1;;0;-1
VScotHC1_200;459;1000;24;-1;@@viessmann.eventtype.name.K7E_KonfiAbgaskaskade;K7E_KonfiAbgaskaskade~0x777E;NoConversion;@@viessmann.eventtype.K7E_KonfiAbgaskaskade.description;50;-1;-1;3;;0;-1
VScotHC1_200;459;1002;24;0;@@viessmann.eventtype.name.K80_KonfiFehlerDelay;K80_KonfiFehlerDelay~0x7780;Mult5;@@viessmann.eventtype.K80_KonfiFehlerDelay.description;100;-1;-1;3;;30;-1
VScotHC1_200;459;1004;24;-1;@@viessmann.eventtype.name.K81_KonfiFunktionUhr;K81_KonfiFunktionUhr~0x7781;NoConversion;@@viessmann.eventtype.K81_KonfiFunktionUhr.description;50;-1;-1;3;;1;-1
VScotHC1_200;459;1012;24;-1;@@viessmann.eventtype.name.K88_KonfiCelsiusFahrenheit;K88_KonfiCelsiusFahrenheit~0x7788;NoConversion;@@viessmann.eventtype.K88_KonfiCelsiusFahrenheit.description;50;-1;-1;3;;0;-1
VScotHC1_200;459;1015;24;-1;@@viessmann.eventtype.name.K8A_KonfiAnzeigebedingungenAktiv;K8A_KonfiAnzeigebedingungenAktiv~0x778A;NoConversion;@@viessmann.eventtype.K8A_KonfiAnzeigebedingungenAktiv.description;50;-1;-1;3;;175;-1
VScotHC1_200;459;1016;24;0;@@viessmann.eventtype.name.K8B_KonfiEEPROM_Status;K8B_KonfiEEPROM_Status~0x778B;NoConversion;@@viessmann.eventtype.K8B_KonfiEEPROM_Status.description;100;-1;-1;3;;0;-1
VScotHC1_200;459;1017;24;0;@@viessmann.eventtype.name.K8C_KonfiSW_StandNR_msb;K8C_KonfiSW_StandNR_msb~0x778C;NoConversion;@@viessmann.eventtype.K8C_KonfiSW_StandNR_msb.description;100;-1;-1;3;;0;-1
VScotHC1_200;459;1018;24;0;@@viessmann.eventtype.name.K8D_KonfiSW_StandNR_lsb;K8D_KonfiSW_StandNR_lsb~0x778D;NoConversion;@@viessmann.eventtype.K8D_KonfiSW_StandNR_lsb.description;100;-1;-1;3;;0;-1
VScotHC1_200;459;1019;24;0;@@viessmann.eventtype.name.K8E_I2C_FehlerEEPROM_GWG;K8E_I2C_FehlerEEPROM_GWG~0x778E;NoConversion;@@viessmann.eventtype.K8E_I2C_FehlerEEPROM_GWG.description;100;-1;-1;1;;0;-1
VScotHC1_200;459;1021;24;0;@@viessmann.eventtype.name.K8F_KonfiZugriffParameterKR;K8F_KonfiZugriffParameterKR~0x778F;NoConversion;@@viessmann.eventtype.K8F_KonfiZugriffParameterKR.description;100;-1;-1;3;;0;-1
VScotHC1_200;459;1035;24;-1;@@viessmann.eventtype.name.K95_KennungDekatelM;K95_KennungDekatelM~0x7795;NoConversion;@@viessmann.eventtype.K95_KennungDekatelM.description;50;-1;-1;3;;0;-1
VScotHC1_200;459;1036;24;-1;@@viessmann.eventtype.name.K95_KennungVitocom100;K95_KennungVitocom100~0x7795;NoConversion;@@viessmann.eventtype.K95_KennungVitocom100.description;50;-1;-1;3;;0;-1
VScotHC1_200;459;1043;24;0;@@viessmann.eventtype.name.K98_KonfiVI_Anlagennummer;K98_KonfiVI_Anlagennummer~0x7798;NoConversion;@@viessmann.eventtype.K98_KonfiVI_Anlagennummer.description;100;-1;-1;3;;1;-1
VScotHC1_200;459;1044;24;0;@@viessmann.eventtype.name.K98_KonfiVI_Anlagennummer_D;K98_KonfiVI_Anlagennummer_D~0x7798;NoConversion;@@viessmann.eventtype.K98_KonfiVI_Anlagennummer_D.description;100;-1;-1;1;;1;-1
VScotHC1_200;459;1047;24;0;@@viessmann.eventtype.name.K9B_KonfiVT_SolltemperaturExternV100_V333;K9B_KonfiVT_SolltemperaturExternV100_V333~0x779B;NoConversion;@@viessmann.eventtype.K9B_KonfiVT_SolltemperaturExternV100_V333.description;100;-1;-1;3;;0;-1
VScotHC1_200;459;1049;24;-1;@@viessmann.eventtype.name.K9C_KonfiReceiveHeartBeat;K9C_KonfiReceiveHeartBeat~0x779C;NoConversion;@@viessmann.eventtype.K9C_KonfiReceiveHeartBeat.description;50;-1;-1;3;;20;-1
VScotHC1_200;459;1059;24;-1;@@viessmann.eventtype.name.KA2_KonfiSpeichervorrangA1M1;KA2_KonfiSpeichervorrangA1M1~0x27A2;NoConversion;@@viessmann.eventtype.KA2_KonfiSpeichervorrangA1M1.description;50;-1;-1;3;;2;-1
VScotHC1_200;459;1067;24;0;@@viessmann.eventtype.name.KA3_KonfiFrostgrenzeA1M1_GWG_4;KA3_KonfiFrostgrenzeA1M1_GWG_4~0x27A3;NoConversion;@@viessmann.eventtype.KA3_KonfiFrostgrenzeA1M1_GWG_4.description;100;-1;-1;3;;2;-1
VScotHC1_200;459;2954;24;0;@@viessmann.eventtype.name.Kesselsoll_eff;Kesselsoll_eff~0x555A;Div10;@@viessmann.eventtype.Kesselsoll_eff.description;100;-1;-1;1;;;-1
VScotHC1_200;459;2969;24;0;@@viessmann.eventtype.name.KF5_KonfiPumpeNachlauf;KF5_KonfiPumpeNachlauf~0x27F5;NoConversion;@@viessmann.eventtype.KF5_KonfiPumpeNachlauf.description;100;-1;-1;3;;12;-1
VScotHC1_200;459;2972;24;0;@@viessmann.eventtype.name.KF6_KonfiPumpeSommerbetrieb_4;KF6_KonfiPumpeSommerbetrieb_4~0x27F6;NoConversion;@@viessmann.eventtype.KF6_KonfiPumpeSommerbetrieb_4.description;100;-1;-1;3;;25;-1
VScotHC1_200;459;2975;24;0;@@viessmann.eventtype.name.KF7_KonfiPumpeAbschaltbetrieb_4;KF7_KonfiPumpeAbschaltbetrieb_4~0x27F7;NoConversion;@@viessmann.eventtype.KF7_KonfiPumpeAbschaltbetrieb_4.description;100;-1;-1;3;;25;-1
VScotHC1_200;459;2988;24;0;@@viessmann.eventtype.name.KM_Error_AE;KM_Error_AE~0x0A32;NoConversion;@@viessmann.eventtype.KM_Error_AE.description;100;-1;-1;1;;;-1
VScotHC1_200;459;2991;24;0;@@viessmann.eventtype.name.KM_Error_Mischer;KM_Error_Mischer~0x0A31;NoConversion;@@viessmann.eventtype.KM_Error_Mischer.description;100;-1;-1;1;;;-1
VScotHC1_200;459;2994;24;0;@@viessmann.eventtype.name.KM_Error_PumpeA1;KM_Error_PumpeA1~0x0A33;NoConversion;@@viessmann.eventtype.KM_Error_PumpeA1.description;100;-1;-1;1;;;-1
VScotHC1_200;459;2995;24;0;@@viessmann.eventtype.name.KM_Error_PumpeIntern;KM_Error_PumpeIntern~0x0A35;NoConversion;@@viessmann.eventtype.KM_Error_PumpeIntern.description;100;-1;-1;1;;;-1
VScotHC1_200;459;2996;24;0;@@viessmann.eventtype.name.KM_Error_PumpeM2;KM_Error_PumpeM2~0x0A34;NoConversion;@@viessmann.eventtype.KM_Error_PumpeM2.description;100;-1;-1;1;;;-1
VScotHC1_200;459;3001;24;0;@@viessmann.eventtype.name.KM_Error_Vitocom;KM_Error_Vitocom~0x0A36;NoConversion;@@viessmann.eventtype.KM_Error_Vitocom.description;100;-1;-1;1;;;-1
VScotHC1_200;459;3003;24;0;@@viessmann.eventtype.name.KM_Error_Vitosolic;KM_Error_Vitosolic~0x6550;NoConversion;@@viessmann.eventtype.KM_Error_Vitosolic.description;100;-1;-1;1;;;-1
VScotHC1_200;459;3004;24;0;@@viessmann.eventtype.name.Konfi_FunktionReset_GWG;Konfi_FunktionReset_GWG~0xA050;NoConversion;@@viessmann.eventtype.Konfi_FunktionReset_GWG.description;100;-1;-1;2;;;-1
VScotHC1_200;459;3074;24;0;@@viessmann.eventtype.name.KS_Karte_GWG_Kennung;KS_Karte_GWG_Kennung~0x7656;NoConversion;@@viessmann.eventtype.KS_Karte_GWG_Kennung.description;100;-1;-1;1;;;-1
VScotHC1_200;459;3075;24;0;@@viessmann.eventtype.name.KS_Karte_GWG_Rev_F;KS_Karte_GWG_Rev_F~0x7656;NoConversion;@@viessmann.eventtype.KS_Karte_GWG_Rev_F.description;100;-1;-1;1;;;-1
VScotHC1_200;459;3076;24;0;@@viessmann.eventtype.name.KS_Karte_GWG_Rev_R;KS_Karte_GWG_Rev_R~0x7656;NoConversion;@@viessmann.eventtype.KS_Karte_GWG_Rev_R.description;100;-1;-1;1;;;-1
VScotHC1_200;459;3077;24;0;@@viessmann.eventtype.name.KS_Karte_GWG_Typ;KS_Karte_GWG_Typ~0x7656;NoConversion;@@viessmann.eventtype.KS_Karte_GWG_Typ.description;100;-1;-1;1;;;-1
VScotHC1_200;459;3153;24;0;@@viessmann.eventtype.name.LetzteBrennerWartung;LetzteBrennerWartung~0x7570;LastBurnerCheck;@@viessmann.eventtype.LetzteBrennerWartung.description;100;-1;-1;1;;;-1
VScotHC1_200;459;3155;24;0;@@viessmann.eventtype.name.LetzteIntervallWartung;LetzteIntervallWartung~0x756C;LastCheckInterval;@@viessmann.eventtype.LetzteIntervallWartung.description;100;-1;-1;1;;;-1
VScotHC1_200;459;3461;24;-1;@@viessmann.eventtype.name.nciNetConfig;nciNetConfig~0xA102;NoConversion;@@viessmann.eventtype.nciNetConfig.description;50;-1;-1;1;;;-1
VScotHC1_200;459;3463;24;0;@@viessmann.eventtype.name.Neuron_ID;Neuron_ID~0xA009;NoConversion;@@viessmann.eventtype.Neuron_ID.description;100;-1;-1;1;;0;-1
VScotHC1_200;459;3464;24;0;@@viessmann.eventtype.name.Node_Domain;Node_Domain~0xA000;NoConversion;@@viessmann.eventtype.Node_Domain.description;100;-1;-1;1;;0;-1
VScotHC1_200;459;3465;24;0;@@viessmann.eventtype.name.Node_Node;Node_Node~0xA000;NoConversion;@@viessmann.eventtype.Node_Node.description;100;-1;-1;1;;0;-1
VScotHC1_200;459;3466;24;0;@@viessmann.eventtype.name.Node_Subnet;Node_Subnet~0xA000;NoConversion;@@viessmann.eventtype.Node_Subnet.description;100;-1;-1;1;;0;-1
VScotHC1_200;459;5382;24;0;@@viessmann.eventtype.name.TiefpassTemperaturwerWW2;TiefpassTemperaturwerWW2~0x0814;Div10;@@viessmann.eventtype.TiefpassTemperaturwerWW2.description;100;-1;-1;1;;;-1
VScotHC1_200;459;5389;24;-1;@@viessmann.eventtype.name.Umschaltventil;Umschaltventil~0x0A10;NoConversion;@@viessmann.eventtype.Umschaltventil.description;50;-1;-1;1;;0;-1
VScotHC1_200;459;5391;24;0;@@viessmann.eventtype.name.valmRPCClearErrorHistoryTable;valmRPCClearErrorHistoryTable~0xA029;NoConversion;@@viessmann.eventtype.valmRPCClearErrorHistoryTable.description;100;-1;-1;3;;;-1
VScotHC1_200;459;6063;24;0;@@viessmann.eventtype.name.VT_SolltemperaturA1M1;VT_SolltemperaturA1M1~0x2544;Div10;@@viessmann.eventtype.VT_SolltemperaturA1M1.description;100;-1;-1;1;;;-1
VScotHC1_200;459;4018;24;-1;@@viessmann.eventtype.name.nviApplicMode_BLR;nviApplicMode_BLR~0xA302;NoConversion;@@viessmann.eventtype.nviApplicMode_BLR.description;50;-1;-1;3;;0;-1
VScotHC1_200;459;4019;24;-1;@@viessmann.eventtype.name.nviApplicMode_CFDM;nviApplicMode_CFDM~0xA382;NoConversion;@@viessmann.eventtype.nviApplicMode_CFDM.description;50;-1;-1;3;;0;-1
VScotHC1_200;459;4072;24;-1;@@viessmann.eventtype.name.nviBoilerCmd_BLR_state;nviBoilerCmd_BLR_state~0xA300;NoConversion;@@viessmann.eventtype.nviBoilerCmd_BLR_state.description;50;-1;-1;3;;;-1
VScotHC1_200;459;4073;24;0;@@viessmann.eventtype.name.nviBoilerCmd_BLR_value;nviBoilerCmd_BLR_value~0xA300;Div2;@@viessmann.eventtype.nviBoilerCmd_BLR_value.description;100;-1;-1;3;;;-1
VScotHC1_200;459;4085;24;-1;@@viessmann.eventtype.name.nviDHWC_ApplicMode;nviDHWC_ApplicMode~0xA3C2;NoConversion;@@viessmann.eventtype.nviDHWC_ApplicMode.description;50;-1;-1;3;;0;-1
VScotHC1_200;459;4086;24;0;@@viessmann.eventtype.name.nviDHWC_Setpt;nviDHWC_Setpt~0xA3C0;Div100;@@viessmann.eventtype.nviDHWC_Setpt.description;100;-1;-1;3;;;-1
VScotHC1_200;459;4097;24;-1;@@viessmann.eventtype.name.nviProdCmd_CFDM_state;nviProdCmd_CFDM_state~0xA380;NoConversion;@@viessmann.eventtype.nviProdCmd_CFDM_state.description;50;-1;-1;3;;;-1
VScotHC1_200;459;4098;24;0;@@viessmann.eventtype.name.nviProdCmd_CFDM_value;nviProdCmd_CFDM_value~0xA380;Div2;@@viessmann.eventtype.nviProdCmd_CFDM_value.description;100;-1;-1;3;;;-1
VScotHC1_200;459;4112;24;0;@@viessmann.eventtype.name.nviSetpoint_BLR;nviSetpoint_BLR~0xA303;Div100;@@viessmann.eventtype.nviSetpoint_BLR.description;100;-1;-1;3;;;-1
VScotHC1_200;459;4113;24;0;@@viessmann.eventtype.name.nviSetpoint_CFDM;nviSetpoint_CFDM~0xA383;Div100;@@viessmann.eventtype.nviSetpoint_CFDM.description;100;-1;-1;3;;;-1
VScotHC1_200;459;4124;24;0;@@viessmann.eventtype.name.nvoAlarm_Anlagennummer;nvoAlarm_Anlagennummer~0xA132;NoConversion;@@viessmann.eventtype.nvoAlarm_Anlagennummer.description;100;-1;-1;1;;1;-1
VScotHC1_200;459;4125;24;0;@@viessmann.eventtype.name.nvoAlarm_Fehlercode;nvoAlarm_Fehlercode~0xA132;NoConversion;@@viessmann.eventtype.nvoAlarm_Fehlercode.description;100;-1;-1;1;;0;-1
VScotHC1_200;459;4126;24;-1;@@viessmann.eventtype.name.nvoAlarm_Fehlermanager;nvoAlarm_Fehlermanager~0xA132;NoConversion;@@viessmann.eventtype.nvoAlarm_Fehlermanager.description;50;-1;-1;1;;0;-1
VScotHC1_200;459;4127;24;-1;@@viessmann.eventtype.name.nvoAlarm_Fehlermanager_Teilnehmerliste;nvoAlarm_Fehlermanager_Teilnehmerliste~0xA132;NoConversion;@@viessmann.eventtype.nvoAlarm_Fehlermanager_Teilnehmerliste.description;50;-1;-1;1;;0;-1
VScotHC1_200;459;4128;24;0;@@viessmann.eventtype.name.nvoAlarm_Jahr;nvoAlarm_Jahr~0xA132;NoConversion;@@viessmann.eventtype.nvoAlarm_Jahr.description;100;-1;-1;1;;0;-1
VScotHC1_200;459;4130;24;0;@@viessmann.eventtype.name.nvoAlarm_Minute;nvoAlarm_Minute~0xA132;NoConversion;@@viessmann.eventtype.nvoAlarm_Minute.description;100;-1;-1;1;;0;-1
VScotHC1_200;459;4131;24;0;@@viessmann.eventtype.name.nvoAlarm_Monat;nvoAlarm_Monat~0xA132;NoConversion;@@viessmann.eventtype.nvoAlarm_Monat.description;100;-1;-1;1;;0;-1
VScotHC1_200;459;4132;24;0;@@viessmann.eventtype.name.nvoAlarm_Nr_gestoerterTeilnehmer;nvoAlarm_Nr_gestoerterTeilnehmer~0xA132;NoConversion;@@viessmann.eventtype.nvoAlarm_Nr_gestoerterTeilnehmer.description;100;-1;-1;1;;0;-1
VScotHC1_200;459;4133;24;0;@@viessmann.eventtype.name.nvoAlarm_Sekunde;nvoAlarm_Sekunde~0xA132;NoConversion;@@viessmann.eventtype.nvoAlarm_Sekunde.description;100;-1;-1;1;;0;-1
VScotHC1_200;459;4134;24;0;@@viessmann.eventtype.name.nvoAlarm_Stunde;nvoAlarm_Stunde~0xA132;NoConversion;@@viessmann.eventtype.nvoAlarm_Stunde.description;100;-1;-1;1;;0;-1
VScotHC1_200;459;4135;24;0;@@viessmann.eventtype.name.nvoAlarm_Tag;nvoAlarm_Tag~0xA132;NoConversion;@@viessmann.eventtype.nvoAlarm_Tag.description;100;-1;-1;1;;0;-1
VScotHC1_200;459;4136;24;0;@@viessmann.eventtype.name.nvoAlarm_Teilnehmernummer;nvoAlarm_Teilnehmernummer~0xA132;NoConversion;@@viessmann.eventtype.nvoAlarm_Teilnehmernummer.description;100;-1;-1;1;;0;-1
VScotHC1_200;459;4137;24;-1;@@viessmann.eventtype.name.nvoAlarm_Veraenderung;nvoAlarm_Veraenderung~0xA132;NoConversion;@@viessmann.eventtype.nvoAlarm_Veraenderung.description;50;-1;-1;1;;0;-1
VScotHC1_200;459;4165;24;0;@@viessmann.eventtype.name.nvoBoilerState_BLR_value;nvoBoilerState_BLR_value~0xA305;Div2;@@viessmann.eventtype.nvoBoilerState_BLR_value.description;100;-1;-1;1;;;-1
VScotHC1_200;459;4169;24;0;@@viessmann.eventtype.name.nvoDHWC_ActTemp;nvoDHWC_ActTemp~0xA3C3;Div100;@@viessmann.eventtype.nvoDHWC_ActTemp.description;100;-1;-1;1;;;-1
VScotHC1_200;459;4170;24;0;@@viessmann.eventtype.name.nvoDHWC_EffSetpt;nvoDHWC_EffSetpt~0xA3C5;Div100;@@viessmann.eventtype.nvoDHWC_EffSetpt.description;100;-1;-1;1;;;-1
VScotHC1_200;459;4173;24;0;@@viessmann.eventtype.name.nvoEffectSetpt_CFDM;nvoEffectSetpt_CFDM~0xA391;Div100;@@viessmann.eventtype.nvoEffectSetpt_CFDM.description;100;-1;-1;1;;;-1
VScotHC1_200;459;4180;24;0;@@viessmann.eventtype.name.nvoOATemp;nvoOATemp~0xA14F;Div100;@@viessmann.eventtype.nvoOATemp.description;100;-1;-1;1;;0;-1
VScotHC1_200;459;4182;24;-1;@@viessmann.eventtype.name.nvoProdCState_Fehler_CFDM;nvoProdCState_Fehler_CFDM~0xA395;NoConversion;@@viessmann.eventtype.nvoProdCState_Fehler_CFDM.description;50;-1;-1;1;;0;-1
VScotHC1_200;459;4183;24;-1;@@viessmann.eventtype.name.nvoProdCState_HarteSperre_CFDM;nvoProdCState_HarteSperre_CFDM~0xA395;NoConversion;@@viessmann.eventtype.nvoProdCState_HarteSperre_CFDM.description;50;-1;-1;1;;0;-1
VScotHC1_200;459;4187;24;-1;@@viessmann.eventtype.name.nvoProdCState_SP_CFDM;nvoProdCState_SP_CFDM~0xA395;NoConversion;@@viessmann.eventtype.nvoProdCState_SP_CFDM.description;50;-1;-1;1;;0;-1
VScotHC1_200;459;4188;24;-1;@@viessmann.eventtype.name.nvoProdCState_Speicher_CFDM;nvoProdCState_Speicher_CFDM~0xA395;NoConversion;@@viessmann.eventtype.nvoProdCState_Speicher_CFDM.description;50;-1;-1;1;;0;-1
VScotHC1_200;459;4194;24;-1;@@viessmann.eventtype.name.nvoPWRState_CFDM_state;nvoPWRState_CFDM_state~0xA38F;NoConversion;@@viessmann.eventtype.nvoPWRState_CFDM_state.description;50;-1;-1;1;;;-1
VScotHC1_200;459;4195;24;0;@@viessmann.eventtype.name.nvoPWRState_CFDM_value;nvoPWRState_CFDM_value~0xA38F;Div2;@@viessmann.eventtype.nvoPWRState_CFDM_value.description;100;-1;-1;1;;;-1
VScotHC1_200;459;4197;24;-1;@@viessmann.eventtype.name.nvoRelayState_Abgas_WTPumpeGWG;nvoRelayState_Abgas_WTPumpeGWG~0xA152;NoConversion;@@viessmann.eventtype.nvoRelayState_Abgas_WTPumpeGWG.description;50;-1;-1;1;;0;-1
VScotHC1_200;459;4199;24;-1;@@viessmann.eventtype.name.nvoRelayState_Brenner;nvoRelayState_Brenner~0xA152;NoConversion;@@viessmann.eventtype.nvoRelayState_Brenner.description;50;-1;-1;1;;0;-1
VScotHC1_200;459;4203;24;-1;@@viessmann.eventtype.name.nvoRelayState_HKP1;nvoRelayState_HKP1~0xA152;NoConversion;@@viessmann.eventtype.nvoRelayState_HKP1.description;50;-1;-1;1;;0;-1
VScotHC1_200;459;4204;24;-1;@@viessmann.eventtype.name.nvoRelayState_HKP1_Nachtkontakt;nvoRelayState_HKP1_Nachtkontakt~0xA152;NoConversion;@@viessmann.eventtype.nvoRelayState_HKP1_Nachtkontakt.description;50;-1;-1;1;;0;-1
VScotHC1_200;459;4205;24;-1;@@viessmann.eventtype.name.nvoRelayState_HKP2;nvoRelayState_HKP2~0xA152;NoConversion;@@viessmann.eventtype.nvoRelayState_HKP2.description;50;-1;-1;1;;0;-1
VScotHC1_200;459;4206;24;-1;@@viessmann.eventtype.name.nvoRelayState_HKP2_Nachtkontakt;nvoRelayState_HKP2_Nachtkontakt~0xA152;NoConversion;@@viessmann.eventtype.nvoRelayState_HKP2_Nachtkontakt.description;50;-1;-1;1;;0;-1
VScotHC1_200;459;4208;24;-1;@@viessmann.eventtype.name.nvoRelayState_HKP3_GWG;nvoRelayState_HKP3_GWG~0xA152;NoConversion;@@viessmann.eventtype.nvoRelayState_HKP3_GWG.description;50;-1;-1;1;;0;-1
VScotHC1_200;459;4210;24;-1;@@viessmann.eventtype.name.nvoRelayState_HKP3_Nachtkontakt_GWG;nvoRelayState_HKP3_Nachtkontakt_GWG~0xA152;NoConversion;@@viessmann.eventtype.nvoRelayState_HKP3_Nachtkontakt_GWG.description;50;-1;-1;1;;0;-1
VScotHC1_200;459;4211;24;-1;@@viessmann.eventtype.name.nvoRelayState_Interne_Pumpe;nvoRelayState_Interne_Pumpe~0xA152;NoConversion;@@viessmann.eventtype.nvoRelayState_Interne_Pumpe.description;50;-1;-1;1;;0;-1
VScotHC1_200;459;4214;24;-1;@@viessmann.eventtype.name.nvoRelayState_Pumpe_Ladesystem;nvoRelayState_Pumpe_Ladesystem~0xA152;NoConversion;@@viessmann.eventtype.nvoRelayState_Pumpe_Ladesystem.description;50;-1;-1;1;;0;-1
VScotHC1_200;459;4215;24;-1;@@viessmann.eventtype.name.nvoRelayState_Sammelstoerung;nvoRelayState_Sammelstoerung~0xA152;NoConversion;@@viessmann.eventtype.nvoRelayState_Sammelstoerung.description;50;-1;-1;1;;0;-1
VScotHC1_200;459;4216;24;-1;@@viessmann.eventtype.name.nvoRelayState_SLP;nvoRelayState_SLP~0xA152;NoConversion;@@viessmann.eventtype.nvoRelayState_SLP.description;50;-1;-1;1;;0;-1
VScotHC1_200;459;4218;24;-1;@@viessmann.eventtype.name.nvoRelayState_UV_Heizen;nvoRelayState_UV_Heizen~0xA152;NoConversion;@@viessmann.eventtype.nvoRelayState_UV_Heizen.description;50;-1;-1;1;;0;-1
VScotHC1_200;459;4219;24;-1;@@viessmann.eventtype.name.nvoRelayState_UV_Warmwasser;nvoRelayState_UV_Warmwasser~0xA152;NoConversion;@@viessmann.eventtype.nvoRelayState_UV_Warmwasser.description;50;-1;-1;1;;0;-1
VScotHC1_200;459;4220;24;-1;@@viessmann.eventtype.name.nvoRelayState_ZP;nvoRelayState_ZP~0xA152;NoConversion;@@viessmann.eventtype.nvoRelayState_ZP.description;50;-1;-1;1;;0;-1
VScotHC1_200;459;4221;24;-1;@@viessmann.eventtype.name.nvoRelayState_Zubringerpumpe;nvoRelayState_Zubringerpumpe~0xA152;NoConversion;@@viessmann.eventtype.nvoRelayState_Zubringerpumpe.description;50;-1;-1;1;;0;-1
VScotHC1_200;459;4229;24;0;@@viessmann.eventtype.name.nvoSupplyTemp_CFDM;nvoSupplyTemp_CFDM~0xA393;Div100;@@viessmann.eventtype.nvoSupplyTemp_CFDM.description;100;-1;-1;1;;;-1
VScotHC1_200;459;4230;24;0;@@viessmann.eventtype.name.nvoTimeSet_Jahr;nvoTimeSet_Jahr~0xA12B;NoConversion;@@viessmann.eventtype.nvoTimeSet_Jahr.description;100;-1;-1;1;;0;-1
VScotHC1_200;459;4231;24;0;@@viessmann.eventtype.name.nvoTimeSet_Minute;nvoTimeSet_Minute~0xA12B;NoConversion;@@viessmann.eventtype.nvoTimeSet_Minute.description;100;-1;-1;1;;0;-1
VScotHC1_200;459;4232;24;0;@@viessmann.eventtype.name.nvoTimeSet_Monat;nvoTimeSet_Monat~0xA12B;NoConversion;@@viessmann.eventtype.nvoTimeSet_Monat.description;100;-1;-1;1;;0;-1
VScotHC1_200;459;4233;24;0;@@viessmann.eventtype.name.nvoTimeSet_Sekunde;nvoTimeSet_Sekunde~0xA12B;NoConversion;@@viessmann.eventtype.nvoTimeSet_Sekunde.description;100;-1;-1;1;;0;-1
VScotHC1_200;459;4234;24;0;@@viessmann.eventtype.name.nvoTimeSet_Stunde;nvoTimeSet_Stunde~0xA12B;NoConversion;@@viessmann.eventtype.nvoTimeSet_Stunde.description;100;-1;-1;1;;0;-1
VScotHC1_200;459;4235;24;0;@@viessmann.eventtype.name.nvoTimeSet_Tag;nvoTimeSet_Tag~0xA12B;NoConversion;@@viessmann.eventtype.nvoTimeSet_Tag.description;100;-1;-1;1;;0;-1
VScotHC1_200;459;4242;24;-1;@@viessmann.eventtype.name.RelaisK12;RelaisK12~0x0842;NoConversion;@@viessmann.eventtype.RelaisK12.description;50;-1;-1;1;;;-1
VScotHC1_200;459;4682;24;0;@@viessmann.eventtype.name.Sachnummer;Sachnummer~0x08E0;HexByte2AsciiByte;@@viessmann.eventtype.Sachnummer.description;100;-1;-1;1;;0;-1
VScotHC1_200;459;4683;24;0;@@viessmann.eventtype.name.Sachnummer_87c652;Sachnummer_87c652~0xA03D;HexByte2AsciiByte;@@viessmann.eventtype.Sachnummer_87c652.description;100;-1;-1;1;;0;-1
VScotHC1_200;459;4685;24;0;@@viessmann.eventtype.name.Sachnummer_GWG_Codierstecker;Sachnummer_GWG_Codierstecker~0x1010;HexByte2AsciiByte;@@viessmann.eventtype.Sachnummer_GWG_Codierstecker.description;100;-1;-1;1;;0;-1
VScotHC1_200;459;4686;24;0;@@viessmann.eventtype.name.Sachnummer_LON;Sachnummer_LON~0xA011;HexByte2AsciiByte;@@viessmann.eventtype.Sachnummer_LON.description;100;-1;-1;1;;0;-1
VScotHC1_200;459;5272;24;0;@@viessmann.eventtype.name.Solarkollektortemperatur;Solarkollektortemperatur~0x6564;Div10;@@viessmann.eventtype.Solarkollektortemperatur.description;100;-1;-1;1;;;-1
VScotHC1_200;459;5273;24;-1;@@viessmann.eventtype.name.SolarNachlade;SolarNachlade~0x6551;NoConversion;@@viessmann.eventtype.SolarNachlade.description;50;-1;-1;3;;0;-1
VScotHC1_200;459;5274;24;-1;@@viessmann.eventtype.name.SolarPumpe;SolarPumpe~0x6552;NoConversion;@@viessmann.eventtype.SolarPumpe.description;50;-1;-1;1;;0;-1
VScotHC1_200;459;5276;24;0;@@viessmann.eventtype.name.SolarSpeichertemperatur;SolarSpeichertemperatur~0x6566;Div10;@@viessmann.eventtype.SolarSpeichertemperatur.description;100;-1;-1;1;;;-1
VScotHC1_200;459;5277;24;0;@@viessmann.eventtype.name.SolarStunden;SolarStunden~0x6568;NoConversion;@@viessmann.eventtype.SolarStunden.description;100;-1;-1;1;;;-1
VScotHC1_200;459;5279;24;0;@@viessmann.eventtype.name.SolarWaerme;SolarWaerme~0x6560;NoConversion;@@viessmann.eventtype.SolarWaerme.description;100;-1;-1;1;;;-1
VScotHC1_200;459;5280;24;-1;@@viessmann.eventtype.name.Speicherladepumpe;Speicherladepumpe~0x6513;NoConversion;@@viessmann.eventtype.Speicherladepumpe.description;50;-1;-1;1;;;-1
VScotHC1_200;459;5289;24;0;@@viessmann.eventtype.name.SWIndex_extAE;SWIndex_extAE~0x0A48;NoConversion;@@viessmann.eventtype.SWIndex_extAE.description;100;-1;-1;1;;;-1
VScotHC1_200;459;5292;24;0;@@viessmann.eventtype.name.SWIndex_IntPumpe;SWIndex_IntPumpe~0x0A54;NoConversion;@@viessmann.eventtype.SWIndex_IntPumpe.description;100;-1;-1;1;;;-1
VScotHC1_200;459;5303;24;0;@@viessmann.eventtype.name.SWIndex_Solar;SWIndex_Solar~0x0A40;NoConversion;@@viessmann.eventtype.SWIndex_Solar.description;100;-1;-1;1;;;-1
VScotHC1_200;459;5305;24;0;@@viessmann.eventtype.name.SWIndex_Vitocom;SWIndex_Vitocom~0x0A58;NoConversion;@@viessmann.eventtype.SWIndex_Vitocom.description;100;-1;-1;1;;;-1
VScotHC1_200;459;5319;24;0;@@viessmann.eventtype.name.SystemIdent_SX;SystemIdent_SX~0x00F8;NoConversion;@@viessmann.eventtype.SystemIdent_SX.description;100;-1;-1;1;;;-1
VScotHC1_200;459;5333;24;0;@@viessmann.eventtype.name.Teilnehmerliste_LON_00;Teilnehmerliste_LON_00~0xA010;HexByte2DecimalByte;@@viessmann.eventtype.Teilnehmerliste_LON_00.description;100;-1;-1;1;;;-1
VScotHC1_200;459;5334;24;0;@@viessmann.eventtype.name.Teilnehmerliste_LON_01;Teilnehmerliste_LON_01~0xA010;HexByte2DecimalByte;@@viessmann.eventtype.Teilnehmerliste_LON_01.description;100;-1;-1;1;;;-1
VScotHC1_200;459;5335;24;0;@@viessmann.eventtype.name.Teilnehmerliste_LON_02;Teilnehmerliste_LON_02~0xA010;HexByte2DecimalByte;@@viessmann.eventtype.Teilnehmerliste_LON_02.description;100;-1;-1;1;;;-1
VScotHC1_200;459;5336;24;0;@@viessmann.eventtype.name.Teilnehmerliste_LON_03;Teilnehmerliste_LON_03~0xA010;HexByte2DecimalByte;@@viessmann.eventtype.Teilnehmerliste_LON_03.description;100;-1;-1;1;;;-1
VScotHC1_200;459;5337;24;0;@@viessmann.eventtype.name.Teilnehmerliste_LON_04;Teilnehmerliste_LON_04~0xA010;HexByte2DecimalByte;@@viessmann.eventtype.Teilnehmerliste_LON_04.description;100;-1;-1;1;;;-1
VScotHC1_200;459;5338;24;0;@@viessmann.eventtype.name.Teilnehmerliste_LON_05;Teilnehmerliste_LON_05~0xA010;HexByte2DecimalByte;@@viessmann.eventtype.Teilnehmerliste_LON_05.description;100;-1;-1;1;;;-1
VScotHC1_200;459;5339;24;0;@@viessmann.eventtype.name.Teilnehmerliste_LON_06;Teilnehmerliste_LON_06~0xA010;HexByte2DecimalByte;@@viessmann.eventtype.Teilnehmerliste_LON_06.description;100;-1;-1;1;;;-1
VScotHC1_200;459;5340;24;0;@@viessmann.eventtype.name.Teilnehmerliste_LON_07;Teilnehmerliste_LON_07~0xA010;HexByte2DecimalByte;@@viessmann.eventtype.Teilnehmerliste_LON_07.description;100;-1;-1;1;;;-1
VScotHC1_200;459;5341;24;0;@@viessmann.eventtype.name.Teilnehmerliste_LON_08;Teilnehmerliste_LON_08~0xA010;HexByte2DecimalByte;@@viessmann.eventtype.Teilnehmerliste_LON_08.description;100;-1;-1;1;;;-1
VScotHC1_200;459;5342;24;0;@@viessmann.eventtype.name.Teilnehmerliste_LON_09;Teilnehmerliste_LON_09~0xA010;HexByte2DecimalByte;@@viessmann.eventtype.Teilnehmerliste_LON_09.description;100;-1;-1;1;;;-1
VScotHC1_200;459;5343;24;0;@@viessmann.eventtype.name.Teilnehmerliste_LON_10;Teilnehmerliste_LON_10~0xA010;HexByte2DecimalByte;@@viessmann.eventtype.Teilnehmerliste_LON_10.description;100;-1;-1;1;;;-1
VScotHC1_200;459;5344;24;0;@@viessmann.eventtype.name.Teilnehmerliste_LON_11;Teilnehmerliste_LON_11~0xA010;HexByte2DecimalByte;@@viessmann.eventtype.Teilnehmerliste_LON_11.description;100;-1;-1;1;;;-1
VScotHC1_200;459;5345;24;0;@@viessmann.eventtype.name.Teilnehmerliste_LON_12;Teilnehmerliste_LON_12~0xA010;HexByte2DecimalByte;@@viessmann.eventtype.Teilnehmerliste_LON_12.description;100;-1;-1;1;;;-1
VScotHC1_200;459;5346;24;0;@@viessmann.eventtype.name.Teilnehmerliste_LON_13;Teilnehmerliste_LON_13~0xA010;HexByte2DecimalByte;@@viessmann.eventtype.Teilnehmerliste_LON_13.description;100;-1;-1;1;;;-1
VScotHC1_200;459;5347;24;0;@@viessmann.eventtype.name.Teilnehmerliste_LON_14;Teilnehmerliste_LON_14~0xA010;HexByte2DecimalByte;@@viessmann.eventtype.Teilnehmerliste_LON_14.description;100;-1;-1;1;;;-1
VScotHC1_200;459;5348;24;0;@@viessmann.eventtype.name.Teilnehmerliste_LON_15;Teilnehmerliste_LON_15~0xA010;HexByte2DecimalByte;@@viessmann.eventtype.Teilnehmerliste_LON_15.description;100;-1;-1;1;;;-1
VScotHC1_200;459;5372;24;0;@@viessmann.eventtype.name.TiefpassTemperaturwert_AGTS;TiefpassTemperaturwert_AGTS~0x0816;Div10;@@viessmann.eventtype.TiefpassTemperaturwert_AGTS.description;100;-1;-1;1;;;-1
VScotHC1_200;459;5374;24;0;@@viessmann.eventtype.name.TiefpassTemperaturwert_KTS;TiefpassTemperaturwert_KTS~0x0810;Div10;@@viessmann.eventtype.TiefpassTemperaturwert_KTS.description;100;-1;-1;1;;;-1
VScotHC1_200;459;5375;24;0;@@viessmann.eventtype.name.TiefpassTemperaturwert_KTS_A1;TiefpassTemperaturwert_KTS_A1~0x0810;Div10;@@viessmann.eventtype.TiefpassTemperaturwert_KTS_A1.description;100;-1;-1;1;;;-1
VScotHC1_200;459;5381;24;0;@@viessmann.eventtype.name.TiefpassTemperaturwertWW1;TiefpassTemperaturwertWW1~0x0812;Div10;@@viessmann.eventtype.TiefpassTemperaturwertWW1.description;100;-1;-1;1;;;-1
VScotHC1_200;459;5609;24;0;@@viessmann.eventtype.name.vlogRPCClearMemberList;vlogRPCClearMemberList~0xA009;NoConversion;@@viessmann.eventtype.vlogRPCClearMemberList.description;100;-1;-1;2;;;-1
VScotHC1_200;459;7226;24;0;@@viessmann.eventtype.name.SWIndex_EA1;SWIndex_EA1~0x0A70;NoConversion;@@viessmann.eventtype.SWIndex_EA1.description;100;-1;-1;1;;;-1
VScotHC1_200;459;7227;24;0;@@viessmann.eventtype.name.SWIndex_AM1;SWIndex_AM1~0x0A74;NoConversion;@@viessmann.eventtype.SWIndex_AM1.description;100;-1;-1;1;;;-1
VScotHC1_200;459;7230;24;-1;@@viessmann.eventtype.name.EA1_Kontakt0;EA1_Kontakt0~0x0A90;NoConversion;@@viessmann.eventtype.EA1_Kontakt0.description;50;-1;-1;1;;;-1
VScotHC1_200;459;7231;24;-1;@@viessmann.eventtype.name.EA1_Kontakt1;EA1_Kontakt1~0x0A91;NoConversion;@@viessmann.eventtype.EA1_Kontakt1.description;50;-1;-1;1;;;-1
VScotHC1_200;459;7232;24;-1;@@viessmann.eventtype.name.EA1_Kontakt2;EA1_Kontakt2~0x0A92;NoConversion;@@viessmann.eventtype.EA1_Kontakt2.description;50;-1;-1;1;;;-1
VScotHC1_200;459;7233;24;0;@@viessmann.eventtype.name.EA1_ExternSollwert0_10V;EA1_ExternSollwert0_10V~0x0A93;Div10;@@viessmann.eventtype.EA1_ExternSollwert0_10V.description;100;-1;-1;1;;0;-1
VScotHC1_200;459;7235;24;-1;@@viessmann.eventtype.name.EA1_Relais0;EA1_Relais0~0x0A95;NoConversion;@@viessmann.eventtype.EA1_Relais0.description;50;-1;-1;1;;;-1
VScotHC1_200;459;7236;24;-1;@@viessmann.eventtype.name.AM1_Relais0;AM1_Relais0~0x0AA0;NoConversion;@@viessmann.eventtype.AM1_Relais0.description;50;-1;-1;1;;;-1
VScotHC1_200;459;7237;24;-1;@@viessmann.eventtype.name.AM1_Relais1;AM1_Relais1~0x0AA1;NoConversion;@@viessmann.eventtype.AM1_Relais1.description;50;-1;-1;1;;;-1
VScotHC1_200;459;7238;24;0;@@viessmann.eventtype.name.SWIndex_Solarmodul;SWIndex_Solarmodul~0x0A68;NoConversion;@@viessmann.eventtype.SWIndex_Solarmodul.description;100;-1;-1;1;;;-1
VScotHC1_200;459;7242;24;-1;@@viessmann.eventtype.name.KA1_GWG_Sperren_FB_HK1;KA1_GWG_Sperren_FB_HK1~0x27A1;NoConversion;@@viessmann.eventtype.KA1_GWG_Sperren_FB_HK1.description;50;-1;-1;3;;0;-1
VScotHC1_200;459;7243;24;-1;@@viessmann.eventtype.name.KA1_GWG_Sperren_FB_HK2;KA1_GWG_Sperren_FB_HK2~0x37A1;NoConversion;@@viessmann.eventtype.KA1_GWG_Sperren_FB_HK2.description;50;-1;-1;3;;0;-1
VScotHC1_200;459;7245;24;-1;@@viessmann.eventtype.name.KA1_GWG_Sperren_FB_HK3;KA1_GWG_Sperren_FB_HK3~0x47A1;NoConversion;@@viessmann.eventtype.KA1_GWG_Sperren_FB_HK3.description;50;-1;-1;3;;0;-1
VScotHC1_200;459;7247;24;-1;@@viessmann.eventtype.name.K32_GWG_Kennung_AM1;K32_GWG_Kennung_AM1~0x7732;NoConversion;@@viessmann.eventtype.K32_GWG_Kennung_AM1.description;50;-1;-1;3;;0;-1
VScotHC1_200;459;7248;24;-1;@@viessmann.eventtype.name.K33_GWG_FunktionAusgang1_AM1;K33_GWG_FunktionAusgang1_AM1~0x7733;NoConversion;@@viessmann.eventtype.K33_GWG_FunktionAusgang1_AM1.description;50;-1;-1;3;;0;-1
VScotHC1_200;459;7250;24;-1;@@viessmann.eventtype.name.K35_GWG_Kennung_EA1;K35_GWG_Kennung_EA1~0x7735;NoConversion;@@viessmann.eventtype.K35_GWG_Kennung_EA1.description;50;-1;-1;3;;0;-1
VScotHC1_200;459;7251;24;-1;@@viessmann.eventtype.name.K36_GWG_FunktionAusgang1_EA1;K36_GWG_FunktionAusgang1_EA1~0x7736;NoConversion;@@viessmann.eventtype.K36_GWG_FunktionAusgang1_EA1.description;50;-1;-1;3;;0;-1
VScotHC1_200;459;7252;24;-1;@@viessmann.eventtype.name.K3A_GWG_FunktionEingang1_EA1;K3A_GWG_FunktionEingang1_EA1~0x773A;NoConversion;@@viessmann.eventtype.K3A_GWG_FunktionEingang1_EA1.description;50;-1;-1;3;;0;-1
VScotHC1_200;459;7253;24;-1;@@viessmann.eventtype.name.K3B_GWG_FunktionEingang2_EA1;K3B_GWG_FunktionEingang2_EA1~0x773B;NoConversion;@@viessmann.eventtype.K3B_GWG_FunktionEingang2_EA1.description;50;-1;-1;3;;0;-1
VScotHC1_200;459;7254;24;-1;@@viessmann.eventtype.name.K3C_GWG_FunktionEingang3_EA1;K3C_GWG_FunktionEingang3_EA1~0x773C;NoConversion;@@viessmann.eventtype.K3C_GWG_FunktionEingang3_EA1.description;50;-1;-1;3;;0;-1
VScotHC1_200;459;7255;24;-1;@@viessmann.eventtype.name.K34_GWG_FunktionAusgang2_AM1;K34_GWG_FunktionAusgang2_AM1~0x7734;NoConversion;@@viessmann.eventtype.K34_GWG_FunktionAusgang2_AM1.description;50;-1;-1;3;;0;-1
VScotHC1_200;459;7256;24;0;@@viessmann.eventtype.name.K3D_GWG_ZPLaufzeit_Kurzzeitbetrieb;K3D_GWG_ZPLaufzeit_Kurzzeitbetrieb~0x773D;NoConversion;@@viessmann.eventtype.K3D_GWG_ZPLaufzeit_Kurzzeitbetrieb.description;100;-1;-1;3;;5;-1
VScotHC1_200;459;7608;24;0;ecnsysEventType~ErrorNotification;ecnsysEventType~ErrorNotification;NoConversion;;100;-1;-1;1;;;-1
VScotHC1_200;459;7177;24;0;@@viessmann.eventtype.name.WW_SolltemperaturAktuell;WW_SolltemperaturAktuell~0x6500;Div10;@@viessmann.eventtype.WW_SolltemperaturAktuell.description;100;-1;-1;1;;50;-1
VScotHC1_200;459;7179;24;-1;@@viessmann.eventtype.name.WW_Status_NR1;WW_Status_NR1~0x650A;NoConversion;@@viessmann.eventtype.WW_Status_NR1.description;50;-1;-1;1;;;-1
VScotHC1_200;459;7181;24;-1;@@viessmann.eventtype.name.Zirkulationspumpe;Zirkulationspumpe~0x6515;NoConversion;@@viessmann.eventtype.Zirkulationspumpe.description;50;-1;-1;1;;;-1
VScotHC1_200;459;7183;24;0;ecnsysEventType~Error;ecnsysEventType~Error;NoConversion;;100;-1;-1;1;;;-1
VScotHC1_200;459;7184;24;0;ecnsysEventType~ErrorIndex;ecnsysEventType~ErrorIndex;NoConversion;;100;-1;-1;1;;;-1
VScotHC1_200;459;7206;24;0;@@viessmann.eventtype.name.HWHerstellNrRegelung;HWHerstellNrRegelung~0xF000;HexByte2AsciiByte;@@viessmann.eventtype.HWHerstellNrRegelung.description;100;-1;-1;1;;;-1
VScotHC1_200;459;7217;24;0;@@viessmann.eventtype.name.HWHerstellNrKessel;HWHerstellNrKessel~0xF010;HexByte2AsciiByte;@@viessmann.eventtype.HWHerstellNrKessel.description;100;-1;-1;1;;;-1
VScotHC1_200;459;7257;24;-1;@@viessmann.eventtype.name.K5E_GWG_Ext_Sperren_SLP;K5E_GWG_Ext_Sperren_SLP~0x675E;NoConversion;@@viessmann.eventtype.K5E_GWG_Ext_Sperren_SLP.description;50;-1;-1;3;;0;-1
VScotHC1_200;459;7258;24;-1;@@viessmann.eventtype.name.K5F_GWG_Ext_Anfordern_SLP;K5F_GWG_Ext_Anfordern_SLP~0x675F;NoConversion;@@viessmann.eventtype.K5F_GWG_Ext_Anfordern_SLP.description;50;-1;-1;3;;0;-1
VScotHC1_200;459;7259;24;-1;@@viessmann.eventtype.name.K3E_GWG_Funktion_intPumpe_ExtSperren;K3E_GWG_Funktion_intPumpe_ExtSperren~0x773E;NoConversion;@@viessmann.eventtype.K3E_GWG_Funktion_intPumpe_ExtSperren.description;50;-1;-1;3;;;-1
VScotHC1_200;459;7260;24;-1;@@viessmann.eventtype.name.K3F_GWG_Funktion_intPumpe_ExtAnforder;K3F_GWG_Funktion_intPumpe_ExtAnforder~773F;NoConversion;@@viessmann.eventtype.K3F_GWG_Funktion_intPumpe_ExtAnforder.description;50;-1;-1;3;;;-1
VScotHC1_200;459;7261;24;0;@@viessmann.eventtype.name.GWG_AbsolutBegrMaxWWLeistung;GWG_AbsolutBegrMaxWWLeistung~0x885C;NoConversion;@@viessmann.eventtype.GWG_AbsolutBegrMaxWWLeistung.description;100;-1;-1;1;;;-1
VScotHC1_200;459;7262;24;0;@@viessmann.eventtype.name.GWG_AbsolutBegrMaxHeizLeistung;GWG_AbsolutBegrMaxHeizLeistung~0x885D;NoConversion;@@viessmann.eventtype.GWG_AbsolutBegrMaxHeizLeistung.description;100;-1;-1;1;;;-1
VScotHC1_200;459;7264;24;0;@@viessmann.eventtype.name.GWG_KM_Sachnr_Solarmodul;GWG_KM_Sachnr_Solarmodul~0xC000;HexByte2AsciiByte;@@viessmann.eventtype.GWG_KM_Sachnr_Solarmodul.description;100;-1;-1;1;;;-1
VScotHC1_200;459;7265;24;0;@@viessmann.eventtype.name.GWG_KM_Sachnr_EA1;GWG_KM_Sachnr_EA1~0xC007;HexByte2AsciiByte;@@viessmann.eventtype.GWG_KM_Sachnr_EA1.description;100;-1;-1;1;;;-1
VScotHC1_200;459;7266;24;0;@@viessmann.eventtype.name.GWG_KM_Sachnr_AM1;GWG_KM_Sachnr_AM1~0xC00E;HexByte2AsciiByte;@@viessmann.eventtype.GWG_KM_Sachnr_AM1.description;100;-1;-1;1;;;-1
VScotHC1_200;459;7267;24;0;@@viessmann.eventtype.name.GWG_KM_Sachnr_DAP1;GWG_KM_Sachnr_DAP1~0xC015;HexByte2AsciiByte;@@viessmann.eventtype.GWG_KM_Sachnr_DAP1.description;100;-1;-1;1;;;-1
VScotHC1_200;459;7268;24;0;@@viessmann.eventtype.name.GWG_KM_Sachnr_DAP2;GWG_KM_Sachnr_DAP2;HexByte2AsciiByte;@@viessmann.eventtype.GWG_KM_Sachnr_DAP2.description;100;-1;-1;1;;;-1
VScotHC1_200;459;7269;24;0;@@viessmann.eventtype.name.GWG_KM_Sachnr_Mischer_HK2;GWG_KM_Sachnr_Mischer_HK2~0xC023;HexByte2AsciiByte;@@viessmann.eventtype.GWG_KM_Sachnr_Mischer_HK2.description;100;-1;-1;1;;;-1
VScotHC1_200;459;7270;24;0;@@viessmann.eventtype.name.GWG_KM_Sachnr_Mischer_HK3;GWG_KM_Sachnr_Mischer_HK3~0xC02A;HexByte2AsciiByte;@@viessmann.eventtype.GWG_KM_Sachnr_Mischer_HK3.description;100;-1;-1;1;;;-1
VScotHC1_200;459;7271;24;-1;@@viessmann.eventtype.name.K54_Solar_GWG_2010;K54_Solar_GWG_2010~0x7754;NoConversion;@@viessmann.eventtype.K54_Solar_GWG_2010.description;50;-1;-1;3;;0;-1
VScotHC1_200;459;7272;24;0;@@viessmann.eventtype.name.GWG_KM_Zusatzdaten_SM1;GWG_KM_Zusatzdaten_SM1~0xC100;NoConversion;@@viessmann.eventtype.GWG_KM_Zusatzdaten_SM1.description;100;-1;-1;1;;;-1
VScotHC1_200;459;7273;24;0;@@viessmann.eventtype.name.GWG_KM_Zusatzdaten_EA1;GWG_KM_Zusatzdaten_EA1~0xC110;NoConversion;@@viessmann.eventtype.GWG_KM_Zusatzdaten_EA1.description;100;-1;-1;1;;;-1
VScotHC1_200;459;7274;24;0;@@viessmann.eventtype.name.GWG_KM_Zusatzdaten_AM1;GWG_KM_Zusatzdaten_AM1~0xC120;NoConversion;@@viessmann.eventtype.GWG_KM_Zusatzdaten_AM1.description;100;-1;-1;1;;;-1
VScotHC1_200;459;7275;24;0;@@viessmann.eventtype.name.GWG_KM_Zusatzdaten_DAP1;GWG_KM_Zusatzdaten_DAP1~0xC130;NoConversion;@@viessmann.eventtype.GWG_KM_Zusatzdaten_DAP1.description;100;-1;-1;1;;;-1
VScotHC1_200;459;7276;24;0;@@viessmann.eventtype.name.GWG_KM_Zusatzdaten_DAP2;GWG_KM_Zusatzdaten_DAP2~0xC140;NoConversion;@@viessmann.eventtype.GWG_KM_Zusatzdaten_DAP2.description;100;-1;-1;1;;;-1
VScotHC1_200;459;7277;24;0;@@viessmann.eventtype.name.GWG_KM_Zusatzdaten_Mischer_HK2;GWG_KM_Zusatzdaten_Mischer_HK2~0xC150;NoConversion;@@viessmann.eventtype.GWG_KM_Zusatzdaten_Mischer_HK2.description;100;-1;-1;1;;;-1
VScotHC1_200;459;7278;24;0;@@viessmann.eventtype.name.GWG_KM_Zusatzdaten_Mischer_HK3;GWG_KM_Zusatzdaten_Mischer_HK3~0xC160;NoConversion;@@viessmann.eventtype.GWG_KM_Zusatzdaten_Mischer_HK3.description;100;-1;-1;1;;;-1
VScotHC1_200;459;7281;24;-1;@@viessmann.eventtype.name.KD6_GWG_HKP1_Funktion_ExtSperren;KD6_GWG_HKP1_Funktion_ExtSperren~0x27D6;NoConversion;@@viessmann.eventtype.KD6_GWG_HKP1_Funktion_ExtSperren.description;50;-1;-1;3;;0;-1
VScotHC1_200;459;7282;24;-1;@@viessmann.eventtype.name.KD6_GWG_HKP2_Funktion_ExtSperren;KD6_GWG_HKP2_Funktion_ExtSperren~0x37D6;NoConversion;@@viessmann.eventtype.KD6_GWG_HKP2_Funktion_ExtSperren.description;50;-1;-1;3;;0;-1
VScotHC1_200;459;7283;24;-1;@@viessmann.eventtype.name.KD6_GWG_HKP3_Funktion_ExtSperren;KD6_GWG_HKP3_Funktion_ExtSperren~0x47D6;NoConversion;@@viessmann.eventtype.KD6_GWG_HKP3_Funktion_ExtSperren.description;50;-1;-1;3;;0;-1
VScotHC1_200;459;7284;24;-1;@@viessmann.eventtype.name.KD7_GWG_HKP1_Funktion_ExtAnforderung;KD7_GWG_HKP1_Funktion_ExtAnforderung~27D7;NoConversion;@@viessmann.eventtype.KD7_GWG_HKP1_Funktion_ExtAnforderung.description;50;-1;-1;3;;0;-1
VScotHC1_200;459;7285;24;-1;@@viessmann.eventtype.name.KD7_GWG_HKP2_Funktion_ExtAnforderung;KD7_GWG_HKP2_Funktion_ExtAnforderung~37D7;NoConversion;@@viessmann.eventtype.KD7_GWG_HKP2_Funktion_ExtAnforderung.description;50;-1;-1;3;;0;-1
VScotHC1_200;459;7286;24;-1;@@viessmann.eventtype.name.KD7_GWG_HKP3_Funktion_ExtAnforderung;KD7_GWG_HKP3_Funktion_ExtAnforderung~0x47D7;NoConversion;@@viessmann.eventtype.KD7_GWG_HKP3_Funktion_ExtAnforderung.description;50;-1;-1;3;;0;-1
VScotHC1_200;459;7287;24;-1;@@viessmann.eventtype.name.KD8_GWG_HK1_Zuordnung_BA_auf_DigEingang;KD8_GWG_HK1_Zuordnung_BA_auf_DigEingang~0x27D8;NoConversion;@@viessmann.eventtype.KD8_GWG_HK1_Zuordnung_BA_auf_DigEingang.description;50;-1;-1;3;;0;-1
VScotHC1_200;459;7288;24;-1;@@viessmann.eventtype.name.KD8_GWG_HK2_Zuordnung_BA_auf_DigEingang;KD8_GWG_HK2_Zuordnung_BA_auf_DigEingang~0x37D8;NoConversion;@@viessmann.eventtype.KD8_GWG_HK2_Zuordnung_BA_auf_DigEingang.description;50;-1;-1;3;;0;-1
VScotHC1_200;459;7289;24;-1;@@viessmann.eventtype.name.KD8_GWG_HK3_Zuordnung_BA_auf_DigEingang;KD8_GWG_HK3_Zuordnung_BA_auf_DigEingang~0x47D8;NoConversion;@@viessmann.eventtype.KD8_GWG_HK3_Zuordnung_BA_auf_DigEingang.description;50;-1;-1;3;;0;-1
VScotHC1_200;459;7389;24;-1;@@viessmann.eventtype.name.GWGReglerkennung2010;GWGReglerkennung2010~0x00F9;NoConversion;@@viessmann.eventtype.GWGReglerkennung2010.description;50;-1;-1;1;;0;-1
VScotHC1_200;459;7390;24;-1;@@viessmann.eventtype.name.K54_Solar_GWG_2010_Info;K54_Solar_GWG_2010_Info~0x7754;NoConversion;@@viessmann.eventtype.K54_Solar_GWG_2010_Info.description;50;-1;-1;3;;0;-1
VScotHC1_200;459;7565;24;0;@@viessmann.eventtype.name.K60_KonfiWW_GWG_KesselOffset;K60_KonfiWW_GWG_KesselOffset~0x6760;NoConversion;@@viessmann.eventtype.K60_KonfiWW_GWG_KesselOffset.description;100;-1;-1;3;;20;-1
VScotHC1_200;459;7567;24;0;@@viessmann.eventtype.name.Software_Index;Software_Index~0x00FB;NoConversion;@@viessmann.eventtype.Software_Index.description;100;-1;-1;1;;;-1
VScotHC1_200;459;7656;24;0;@@viessmann.eventtype.name.SM1_K00_Einschalt_KKPumpe;SM1_K00_Einschalt_KKPumpe~0xCF00;NoConversion;@@viessmann.eventtype.SM1_K00_Einschalt_KKPumpe.description;100;-1;-1;3;;8;-1
VScotHC1_200;459;7657;24;0;@@viessmann.eventtype.name.SM1_K01_Ausschalt_KKPumpe;SM1_K01_Ausschalt_KKPumpe~0xCF01;NoConversion;@@viessmann.eventtype.SM1_K01_Ausschalt_KKPumpe.description;100;-1;-1;3;;4;-1
VScotHC1_200;459;7659;24;0;@@viessmann.eventtype.name.SM1_K03_Sollwert_DT_Regler;SM1_K03_Sollwert_DT_Regler~0xCF03;NoConversion;@@viessmann.eventtype.SM1_K03_Sollwert_DT_Regler.description;100;-1;-1;3;;10;-1
VScotHC1_200;459;7660;24;0;@@viessmann.eventtype.name.SM1_K04_Reglerverstärkung_dT_Regler;SM1_K04_Reglerverstärkung_dT_Regler~0xCF04;NoConversion;@@viessmann.eventtype.SM1_K04_Reglerverstärkung_dT_Regler.description;100;-1;-1;3;;4;-1
VScotHC1_200;459;7661;24;0;@@viessmann.eventtype.name.SM1_K05_Min_Pumpendrehzahl;SM1_K05_Min_Pumpendrehzahl~0xCF05;NoConversion;@@viessmann.eventtype.SM1_K05_Min_Pumpendrehzahl.description;100;-1;-1;3;;10;-1
VScotHC1_200;459;7662;24;0;@@viessmann.eventtype.name.SM1_K06_Max_Pumpendrehzahl;SM1_K06_Max_Pumpendrehzahl~0xCF06;NoConversion;@@viessmann.eventtype.SM1_K06_Max_Pumpendrehzahl.description;100;-1;-1;3;;75;-1
VScotHC1_200;459;7664;24;0;@@viessmann.eventtype.name.SM1_K08_Speichermaximaltemperatur;SM1_K08_Speichermaximaltemperatur~0xCF08;NoConversion;@@viessmann.eventtype.SM1_K08_Speichermaximaltemperatur.description;100;-1;-1;3;;60;-1
VScotHC1_200;459;7665;24;0;@@viessmann.eventtype.name.SM1_K09_Kollektormaximaltemperatur;SM1_K09_Kollektormaximaltemperatur~0xCF09;NoConversion;@@viessmann.eventtype.SM1_K09_Kollektormaximaltemperatur.description;100;-1;-1;3;;130;-1
VScotHC1_200;459;7666;24;0;@@viessmann.eventtype.name.SM1_K0A_Stagnationszeitreduzierung;SM1_K0A_Stagnationszeitreduzierung~0xCF0A;NoConversion;@@viessmann.eventtype.SM1_K0A_Stagnationszeitreduzierungn.description;100;-1;-1;3;;5;-1
VScotHC1_200;459;7671;24;0;@@viessmann.eventtype.name.SM1_K0F_Volumenstrom_Max_Drehzahl;SM1_K0F_Volumenstrom_Max_Drehzahl~0xCF0F;Div10;@@viessmann.eventtype.SM1_K0F_Volumenstrom_Max_Drehzahl.description;100;-1;-1;3;;70;-1
VScotHC1_200;459;7673;24;-1;@@viessmann.eventtype.name.SM1_K02_Drehzahlsteuerung;SM1_K02_Drehzahlsteuerung~0xCF02;NoConversion;@@viessmann.eventtype.SM1_K02_Drehzahlsteuerung.description;50;-1;-1;3;;0;-1
VScotHC1_200;459;7674;24;-1;@@viessmann.eventtype.name.SM1_K07_Intervallfunktion;SM1_K07_Intervallfunktion~0xCF07;NoConversion;@@viessmann.eventtype.SM1_K07_Intervallfunktion.description;50;-1;-1;3;;0;-1
VScotHC1_200;459;7675;24;-1;@@viessmann.eventtype.name.SM1_K0B_Kollektorfrostschutzfunktion;SM1_K0B_Kollektorfrostschutzfunktion~0xCF0B;NoConversion;@@viessmann.eventtype.SM1_K0B_Kollektorfrostschutzfunktion.description;50;-1;-1;3;;0;-1
VScotHC1_200;459;7676;24;-1;@@viessmann.eventtype.name.SM1_K0C_Delta_T_Überwachung;SM1_K0C_Delta_T_Überwachung~0xCF0C;NoConversion;@@viessmann.eventtype.SM1_K0C_Delta_T_Überwachung.description;50;-1;-1;3;;1;-1
VScotHC1_200;459;7677;24;-1;@@viessmann.eventtype.name.SM1_K0D_Nachtzirkulationsüberwachung;SM1_K0D_Nachtzirkulationsüberwachung~0xCF0D;NoConversion;@@viessmann.eventtype.SM1_K0D_Nachtzirkulationsüberwachung.description;50;-1;-1;3;;1;-1
VScotHC1_200;459;7678;24;-1;@@viessmann.eventtype.name.SM1_K0E_Funktionskontrolle_Solarertrag;SM1_K0E_Funktionskontrolle_Solarertrag~0xCF0E;NoConversion;@@viessmann.eventtype.SM1_K0E_Funktionskontrolle_Solarertrag.description;50;-1;-1;3;;1;-1
VScotHC1_200;459;7679;24;-1;@@viessmann.eventtype.name.SM1_K10_Zieltemperaturregelung;SM1_K10_Zieltemperaturregelung~0xCF10;NoConversion;@@viessmann.eventtype.SM1_K10_Zieltemperaturregelung.description;50;-1;-1;3;;0;-1
VScotHC1_200;459;7680;24;0;@@viessmann.eventtype.name.SM1_K11_Speichersolltemperatur;SM1_K11_Speichersolltemperatur~0xCF11;NoConversion;@@viessmann.eventtype.SM1_K11_Speichersolltemperatur.description;100;-1;-1;3;;50;-1
VScotHC1_200;459;7681;24;0;@@viessmann.eventtype.name.SM1_K12_Kollektorminimaltemperatur;SM1_K12_Kollektorminimaltemperatur~0xCF12;NoConversion;@@viessmann.eventtype.SM1_K12_Kollektorminimaltemperatur.description;100;-1;-1;3;;10;-1
VScotHC1_200;459;7682;24;-1;@@viessmann.eventtype.name.SM1_K20_Erweiterte_Regelungsfunktion;SM1_K20_Erweiterte_Regelungsfunktion~0xCF20;NoConversion;@@viessmann.eventtype.SM1_K20_Erweiterte_Regelungsfunktion.description;50;-1;-1;3;;0;-1
VScotHC1_200;459;7683;24;0;@@viessmann.eventtype.name.SM1_K22_Einschaltpunkt_dT2_Regler;SM1_K22_Einschaltpunkt_dT2_Regler~0xCF22;NoConversion;@@viessmann.eventtype.SM1_K22_Einschaltpunkt_dT2_Regler.description;100;-1;-1;3;;8;-1
VScotHC1_200;459;7684;24;0;@@viessmann.eventtype.name.SM1_K23_Ausschaltpunkt_dT2_Regler;SM1_K23_Ausschaltpunkt_dT2_Regler~0xCF23;NoConversion;@@viessmann.eventtype.SM1_K23_Ausschaltpunkt_dT2_Regler.description;100;-1;-1;3;;4;-1
VScotHC1_200;459;7685;24;0;@@viessmann.eventtype.name.SM1_K24_Einschalttemp_Thermostat;SM1_K24_Einschalttemp_Thermostat~0xCF24;NoConversion;@@viessmann.eventtype.SM1_K24_Einschalttemp_Thermostat.description;100;-1;-1;3;;40;-1
VScotHC1_200;459;7686;24;0;@@viessmann.eventtype.name.SM1_K25_Ausschalttemp_Thermostat;SM1_K25_Ausschalttemp_Thermostat~0xCF25;NoConversion;@@viessmann.eventtype.SM1_K25_Ausschalttemp_Thermostat.description;100;-1;-1;3;;50;-1
VScotHC1_200;459;7687;24;-1;@@viessmann.eventtype.name.SM1_K26_Pendelladung;SM1_K26_Pendelladung~0xCF26;NoConversion;@@viessmann.eventtype.SM1_K26_Pendelladung.description;50;-1;-1;3;;1;-1
VScotHC1_200;459;7688;24;0;@@viessmann.eventtype.name.SM1_K27_Pendelladezeit;SM1_K27_Pendelladezeit~0xCF27;NoConversion;@@viessmann.eventtype.SM1_K27_Pendelladezeit.description;100;-1;-1;3;;15;-1
VScotHC1_200;459;7689;24;0;@@viessmann.eventtype.name.SM1_K28_Pendelpausenzeit;SM1_K28_Pendelpausenzeit~0xCF28;NoConversion;@@viessmann.eventtype.SM1_K28_Pendelpausenzeit.description;100;-1;-1;3;;3;-1
VScotHC1_200;459;7690;24;-1;@@viessmann.eventtype.name.SWIndex_SM1;SWIndex_SM1~0x0A68;NoConversion;@@viessmann.eventtype.SWIndex_SM1.description;50;-1;-1;1;;;-1
VScotHC1_200;459;7691;24;-1;@@viessmann.eventtype.name.HWIndex_SM1;HWIndex_SM1~0x0A68;NoConversion;@@viessmann.eventtype.HWIndex_SM1.description;50;-1;-1;1;;;-1
VScotHC1_200;459;7895;24;0;@@viessmann.eventtype.name.NRx_SolarErtrag_0;NRx_SolarErtrag_0~0xCF30;NoConversion;@@viessmann.eventtype.NRx_SolarErtrag_0.description;100;-1;-1;1;;0;-1
VScotHC1_200;459;7896;24;0;@@viessmann.eventtype.name.NRx_SolarErtrag_1;NRx_SolarErtrag_1~0xCF30;NoConversion;@@viessmann.eventtype.NRx_SolarErtrag_1.description;100;-1;-1;1;;0;-1
VScotHC1_200;459;7897;24;0;@@viessmann.eventtype.name.NRx_SolarErtrag_2;NRx_SolarErtrag_2~0xCF30;NoConversion;@@viessmann.eventtype.NRx_SolarErtrag_2.description;100;-1;-1;1;;0;-1
VScotHC1_200;459;7898;24;0;@@viessmann.eventtype.name.NRx_SolarErtrag_3;NRx_SolarErtrag_3~0xCF30;NoConversion;@@viessmann.eventtype.NRx_SolarErtrag_3.description;100;-1;-1;1;;0;-1
VScotHC1_200;459;7899;24;0;@@viessmann.eventtype.name.NRx_SolarErtrag_4;NRx_SolarErtrag_4~0xCF30;NoConversion;@@viessmann.eventtype.NRx_SolarErtrag_4.description;100;-1;-1;1;;0;-1
VScotHC1_200;459;7900;24;0;@@viessmann.eventtype.name.NRx_SolarErtrag_5;NRx_SolarErtrag_5~0xCF30;NoConversion;@@viessmann.eventtype.NRx_SolarErtrag_5.description;100;-1;-1;1;;0;-1
VScotHC1_200;459;7901;24;0;@@viessmann.eventtype.name.NRx_SolarErtrag_6;NRx_SolarErtrag_6~0xCF30;NoConversion;@@viessmann.eventtype.NRx_SolarErtrag_6.description;100;-1;-1;1;;0;-1
VScotHC1_200;459;7902;24;0;@@viessmann.eventtype.name.NRx_SolarErtrag_7;NRx_SolarErtrag_7~0xCF30;NoConversion;@@viessmann.eventtype.NRx_SolarErtrag_7.description;100;-1;-1;1;;0;-1
VScotHC1_200;459;8020;24;-1;@@viessmann.eventtype.name.K51_KonfiHydrWeicheIntPumpe;K51_KonfiHydrWeicheIntPumpe~0x7751;NoConversion;@@viessmann.eventtype.K51_KonfiHydrWeicheIntPumpe.description;50;-1;-1;3;;0;-1
VScotHC1_200;459;8161;24;0;@@viessmann.eventtype.name.Temperatur_Hydraulische_Weiche;Temperatur_Hydraulische_Weiche~0x080C;Div10;@@viessmann.eventtype.Temperatur_Hydraulische_Weiche.description;100;-1;-1;1;;;-1
VScotHC1_200;459;8169;24;0;@@viessmann.eventtype.name.VSKO_Scot_CES_P0;VSKO_Scot_CES_P0~0x4000;NoConversion;@@viessmann.eventtype.VSKO_Scot_CES_P0.description;100;-1;-1;1;;;-1
VScotHC1_200;459;8170;24;0;@@viessmann.eventtype.name.VSKO_Scot_CES_P1;VSKO_Scot_CES_P1~0x4001;NoConversion;@@viessmann.eventtype.VSKO_Scot_CES_P1.description;100;-1;-1;1;;;-1
VScotHC1_200;459;8171;24;0;@@viessmann.eventtype.name.VSKO_Scot_CES_P2;VSKO_Scot_CES_P0~0x4002;NoConversion;@@viessmann.eventtype.VSKO_Scot_CES_P2.description;100;-1;-1;1;;;-1
VScotHC1_200;459;8172;24;0;@@viessmann.eventtype.name.VSKO_Scot_CES_P3;VSKO_Scot_CES_P3~0x4003;NoConversion;@@viessmann.eventtype.VSKO_Scot_CES_P3.description;100;-1;-1;1;;;-1
VScotHC1_200;459;8173;24;0;@@viessmann.eventtype.name.VSKO_Scot_CES_P4;VSKO_Scot_CES_P4~0x4004;NoConversion;@@viessmann.eventtype.VSKO_Scot_CES_P4.description;100;-1;-1;1;;;-1
VScotHC1_200;459;8174;24;0;@@viessmann.eventtype.name.VSKO_Scot_CES_P5;VSKO_Scot_CES_P5~0x4005;MultOffset;@@viessmann.eventtype.VSKO_Scot_CES_P5.description;100;-1;-1;1;;;-1
VScotHC1_200;459;8175;24;0;@@viessmann.eventtype.name.VSKO_Scot_CES_P6;VSKO_Scot_CES_P6~0x4006;MultOffset;@@viessmann.eventtype.VSKO_Scot_CES_P6.description;100;-1;-1;1;;;-1
VScotHC1_200;459;8176;24;0;@@viessmann.eventtype.name.VSKO_Scot_CES_P7;VSKO_Scot_CES_P7~0x4007;NoConversion;@@viessmann.eventtype.VSKO_Scot_CES_P7.description;100;-1;-1;1;;;-1
VScotHC1_200;459;8177;24;0;@@viessmann.eventtype.name.VSKO_Scot_CES_P8;VSKO_Scot_CES_P8~0x4008;NoConversion;@@viessmann.eventtype.VSKO_Scot_CES_P8.description;100;-1;-1;1;;;-1
VScotHC1_200;459;8178;24;0;@@viessmann.eventtype.name.VSKO_Scot_CES_P9;VSKO_Scot_CES_P9~0x4009;MultOffset;@@viessmann.eventtype.VSKO_Scot_CES_P9.description;100;-1;-1;1;;;-1
VScotHC1_200;459;8179;24;0;@@viessmann.eventtype.name.VSKO_Scot_CES_P10;VSKO_Scot_CES_P10~0x400A;MultOffset;@@viessmann.eventtype.VSKO_Scot_CES_P10.description;100;-1;-1;1;;;-1
VScotHC1_200;459;8180;24;0;@@viessmann.eventtype.name.VSKO_Scot_CES_P11;VSKO_Scot_CES_P11~0x400B;NoConversion;@@viessmann.eventtype.VSKO_Scot_CES_P11.description;100;-1;-1;1;;;-1
VScotHC1_200;459;8181;24;0;@@viessmann.eventtype.name.VSKO_Scot_CES_P12;VSKO_Scot_CES_P12~0x400C;NoConversion;@@viessmann.eventtype.VSKO_Scot_CES_P12.description;100;-1;-1;1;;;-1
VScotHC1_200;459;8182;24;0;@@viessmann.eventtype.name.VSKO_Scot_CES_P13;VSKO_Scot_CES_P13~0x400D;NoConversion;@@viessmann.eventtype.VSKO_Scot_CES_P13.description;100;-1;-1;1;;;-1
VScotHC1_200;459;8183;24;0;@@viessmann.eventtype.name.VSKO_Scot_CES_P14;VSKO_Scot_CES_P14~0x400E;NoConversion;@@viessmann.eventtype.VSKO_Scot_CES_P14.description;100;-1;-1;1;;;-1
VScotHC1_200;459;8184;24;0;@@viessmann.eventtype.name.VSKO_Scot_CES_P15;VSKO_Scot_CES_P15~0x400F;NoConversion;@@viessmann.eventtype.VSKO_Scot_CES_P12.description;100;-1;-1;1;;;-1
VScotHC1_200;459;8185;24;0;@@viessmann.eventtype.name.VSKO_Scot_CES_P16;VSKO_Scot_CES_P16~0x4010;MultOffset;@@viessmann.eventtype.VSKO_Scot_CES_P16.description;100;-1;-1;1;;;-1
VScotHC1_200;459;8186;24;0;@@viessmann.eventtype.name.VSKO_Scot_CES_P17;VSKO_Scot_CES_P17~0x4011;Div10;@@viessmann.eventtype.VSKO_Scot_CES_P17.description;100;-1;-1;1;;;-1
VScotHC1_200;459;8187;24;0;@@viessmann.eventtype.name.VSKO_Scot_CES_P18;VSKO_Scot_CES_P18~0x4012;NoConversion;@@viessmann.eventtype.VSKO_Scot_CES_P18.description;100;-1;-1;1;;;-1
VScotHC1_200;459;8188;24;0;@@viessmann.eventtype.name.VSKO_Scot_CES_P25;VSKO_Scot_CES_P25~0x4019;NoConversion;@@viessmann.eventtype.VSKO_Scot_CES_P25.description;100;-1;-1;1;;;-1
VScotHC1_200;459;8189;24;0;@@viessmann.eventtype.name.VSKO_Scot_CES_P26;VSKO_Scot_CES_P26~0x401A;NoConversion;@@viessmann.eventtype.VSKO_Scot_CES_P26.description;100;-1;-1;1;;;-1
VScotHC1_200;459;8190;24;0;@@viessmann.eventtype.name.VSKO_Scot_CES_P27;VSKO_Scot_CES_P27~0x401B;NoConversion;@@viessmann.eventtype.VSKO_Scot_CES_P27.description;100;-1;-1;1;;;-1
VScotHC1_200;459;8191;24;0;@@viessmann.eventtype.name.VSKO_Scot_CES_P28;VSKO_Scot_CES_P28~0x401C;NoConversion;@@viessmann.eventtype.VSKO_Scot_CES_P28.description;100;-1;-1;1;;;-1
VScotHC1_200;459;8192;24;0;@@viessmann.eventtype.name.VSKO_Scot_CES_P29;VSKO_Scot_CES_P29~0x401D;NoConversion;@@viessmann.eventtype.VSKO_Scot_CES_P29.description;100;-1;-1;1;;;-1
VScotHC1_200;459;8193;24;0;@@viessmann.eventtype.name.VSKO_Scot_CES_P30;VSKO_Scot_CES_P30~0x401E;NoConversion;@@viessmann.eventtype.VSKO_Scot_CES_P30.description;100;-1;-1;1;;;-1
VScotHC1_200;459;8194;24;0;@@viessmann.eventtype.name.VSKO_Scot_CES_P70;VSKO_Scot_CES_P70~0x4046;NoConversion;@@viessmann.eventtype.VSKO_Scot_CES_P70.description;100;-1;-1;1;;;-1
VScotHC1_200;459;8195;24;0;@@viessmann.eventtype.name.VSKO_Scot_CES_P71;VSKO_Scot_CES_P71~0x4047;NoConversion;@@viessmann.eventtype.VSKO_Scot_CES_P71.description;100;-1;-1;1;;;-1
VScotHC1_200;459;8196;24;0;@@viessmann.eventtype.name.VSKO_Scot_CES_P72;VSKO_Scot_CES_P72~0x4048;NoConversion;@@viessmann.eventtype.VSKO_Scot_CES_P72.description;100;-1;-1;1;;;-1
VScotHC1_200;459;8197;24;0;@@viessmann.eventtype.name.VSKO_Scot_CES_P73;VSKO_Scot_CES_P73~0x4049;NoConversion;@@viessmann.eventtype.VSKO_Scot_CES_P73.description;100;-1;-1;1;;;-1
VScotHC1_200;459;8198;24;0;@@viessmann.eventtype.name.VSKO_Scot_CES_P74;VSKO_Scot_CES_P74~0x404A;NoConversion;@@viessmann.eventtype.VSKO_Scot_CES_P74.description;100;-1;-1;1;;;-1
VScotHC1_200;459;8199;24;0;@@viessmann.eventtype.name.VSKO_Scot_CES_P75;VSKO_Scot_CES_P75~0x404B;NoConversion;@@viessmann.eventtype.VSKO_Scot_CES_P75.description;100;-1;-1;1;;;-1
VScotHC1_200;459;8200;24;0;@@viessmann.eventtype.name.VSKO_Scot_CES_P76;VSKO_Scot_CES_P76~0x404C;Mult2;@@viessmann.eventtype.VSKO_Scot_CES_P76.description;100;-1;-1;1;;;-1
VScotHC1_200;459;8201;24;0;@@viessmann.eventtype.name.VSKO_Scot_CES_P77;VSKO_Scot_CES_P77~0x404D;MultOffset;@@viessmann.eventtype.VSKO_Scot_CES_P77.description;100;-1;-1;1;;;-1
VScotHC1_200;459;8202;24;0;@@viessmann.eventtype.name.VSKO_Scot_CES_P78;VSKO_Scot_CES_P78~0x404E;MultOffset;@@viessmann.eventtype.VSKO_Scot_CES_P78.description;100;-1;-1;1;;;-1
VScotHC1_200;459;8203;24;0;@@viessmann.eventtype.name.VSKO_Scot_CES_P79;VSKO_Scot_CES_P79~0x404F;MultOffset;@@viessmann.eventtype.VSKO_Scot_CES_P79.description;100;-1;-1;1;;;-1
VScotHC1_200;459;8205;24;0;@@viessmann.eventtype.name.VSKO_Scot_CES_P81;VSKO_Scot_CES_P81~0x4051;NoConversion;@@viessmann.eventtype.VSKO_Scot_CES_P81.description;100;-1;-1;1;;;-1
VScotHC1_200;459;8206;24;0;@@viessmann.eventtype.name.VSKO_Scot_CES_P82;VSKO_Scot_CES_P82~0x4052;NoConversion;@@viessmann.eventtype.VSKO_Scot_CES_P82.description;100;-1;-1;1;;;-1
VScotHC1_200;459;8207;24;0;@@viessmann.eventtype.name.VSKO_Scot_CES_P83;VSKO_Scot_CES_P83~0x4053;NoConversion;@@viessmann.eventtype.VSKO_Scot_CES_P83.description;100;-1;-1;1;;;-1
VScotHC1_200;459;8208;24;0;@@viessmann.eventtype.name.VSKO_Scot_CES_P84;VSKO_Scot_CES_P84~0x4054;NoConversion;@@viessmann.eventtype.VSKO_Scot_CES_P84.description;100;-1;-1;1;;;-1
VScotHC1_200;459;8209;24;0;@@viessmann.eventtype.name.VSKO_Scot_CES_P85;VSKO_Scot_CES_P85~0x4055;NoConversion;@@viessmann.eventtype.VSKO_Scot_CES_P85.description;100;-1;-1;1;;;-1
VScotHC1_200;459;8210;24;0;@@viessmann.eventtype.name.VSKO_Scot_CES_P86;VSKO_Scot_CES_P86~0x4056;NoConversion;@@viessmann.eventtype.VSKO_Scot_CES_P86.description;100;-1;-1;1;;;-1
VScotHC1_200;459;8211;24;0;@@viessmann.eventtype.name.VSKO_Scot_CES_P87;VSKO_Scot_CES_P87~0x4057;NoConversion;@@viessmann.eventtype.VSKO_Scot_CES_P87.description;100;-1;-1;1;;;-1
VScotHC1_200;459;8212;24;0;@@viessmann.eventtype.name.VSKO_Scot_CES_P88;VSKO_Scot_CES_P88~0x4058;NoConversion;@@viessmann.eventtype.VSKO_Scot_CES_P88.description;100;-1;-1;1;;;-1
VScotHC1_200;459;8213;24;0;@@viessmann.eventtype.name.VSKO_Scot_CES_P89;VSKO_Scot_CES_P89~0x4059;NoConversion;@@viessmann.eventtype.VSKO_Scot_CES_P89.description;100;-1;-1;1;;;-1
VScotHC1_200;459;8214;24;0;@@viessmann.eventtype.name.VSKO_Scot_CES_P90;VSKO_Scot_CES_P90~0x405A;NoConversion;@@viessmann.eventtype.VSKO_Scot_CES_P90.description;100;-1;-1;1;;;-1
VScotHC1_200;459;8215;24;0;@@viessmann.eventtype.name.VSKO_Scot_CES_P100;VSKO_Scot_CES_P100~0x4064;MultOffset;@@viessmann.eventtype.VSKO_Scot_CES_P100.description;100;-1;-1;1;;;-1
VScotHC1_200;459;8216;24;0;@@viessmann.eventtype.name.VSKO_Scot_CES_P101;VSKO_Scot_CES_P101~0x4065;NoConversion;@@viessmann.eventtype.VSKO_Scot_CES_P101.description;100;-1;-1;1;;;-1
VScotHC1_200;459;8217;24;0;@@viessmann.eventtype.name.VSKO_Scot_CES_P102;VSKO_Scot_CES_P102~0x4066;NoConversion;@@viessmann.eventtype.VSKO_Scot_CES_P102.description;100;-1;-1;1;;;-1
VScotHC1_200;459;8218;24;0;@@viessmann.eventtype.name.VSKO_Scot_CES_P103;VSKO_Scot_CES_P103~0x4067;NoConversion;@@viessmann.eventtype.VSKO_Scot_CES_P103.description;100;-1;-1;1;;;-1
VScotHC1_200;459;8219;24;0;@@viessmann.eventtype.name.VSKO_Scot_CES_P104;VSKO_Scot_CES_P104~0x4068;NoConversion;@@viessmann.eventtype.VSKO_Scot_CES_P104.description;100;-1;-1;1;;;-1
VScotHC1_200;459;8220;24;0;@@viessmann.eventtype.name.VSKO_Scot_CES_P105;VSKO_Scot_CES_P105~0x4069;NoConversion;@@viessmann.eventtype.VSKO_Scot_CES_P105.description;100;-1;-1;1;;;-1
VScotHC1_200;459;8221;24;0;@@viessmann.eventtype.name.VSKO_Scot_CES_P106;VSKO_Scot_CES_P106~0x406A;NoConversion;@@viessmann.eventtype.VSKO_Scot_CES_P106.description;100;-1;-1;1;;;-1
VScotHC1_200;459;8222;24;0;@@viessmann.eventtype.name.VSKO_Scot_CES_P107;VSKO_Scot_CES_P107~0x406B;NoConversion;@@viessmann.eventtype.VSKO_Scot_CES_P107.description;100;-1;-1;1;;;-1
VScotHC1_200;459;8223;24;0;@@viessmann.eventtype.name.VSKO_Scot_CES_P108;VSKO_Scot_CES_P108~0x406C;NoConversion;@@viessmann.eventtype.VSKO_Scot_CES_P108.description;100;-1;-1;1;;;-1
VScotHC1_200;459;8224;24;0;@@viessmann.eventtype.name.VSKO_Scot_P0;VSKO_Scot_P0~0x4000;NoConversion;@@viessmann.eventtype.VSKO_Scot_P0.description;100;-1;-1;1;;;-1
VScotHC1_200;459;8225;24;0;@@viessmann.eventtype.name.VSKO_Scot_P1;VSKO_Scot_P1~0x4001;NoConversion;@@viessmann.eventtype.VSKO_Scot_P1.description;100;-1;-1;1;;;-1
VScotHC1_200;459;8226;24;0;@@viessmann.eventtype.name.VSKO_Scot_P2;VSKO_Scot_P2~0x4002;NoConversion;@@viessmann.eventtype.VSKO_Scot_P2.description;100;-1;-1;1;;;-1
VScotHC1_200;459;8227;24;0;@@viessmann.eventtype.name.VSKO_Scot_P3;VSKO_Scot_P3~0x4003;NoConversion;@@viessmann.eventtype.VSKO_Scot_P3.description;100;-1;-1;1;;;-1
VScotHC1_200;459;8228;24;0;@@viessmann.eventtype.name.VSKO_Scot_P4;VSKO_Scot_P4~0x4004;NoConversion;@@viessmann.eventtype.VSKO_Scot_P4.description;100;-1;-1;1;;;-1
VScotHC1_200;459;8229;24;0;@@viessmann.eventtype.name.VSKO_Scot_P5;VSKO_Scot_P5~0x4005;NoConversion;@@viessmann.eventtype.VSKO_Scot_P5.description;100;-1;-1;1;;;-1
VScotHC1_200;459;8230;24;0;@@viessmann.eventtype.name.VSKO_Scot_P6;VSKO_Scot_P6~0x4006;MultOffset;@@viessmann.eventtype.VSKO_Scot_P6.description;100;-1;-1;1;;;-1
VScotHC1_200;459;8231;24;0;@@viessmann.eventtype.name.VSKO_Scot_P7;VSKO_Scot_P7~0x4007;NoConversion;@@viessmann.eventtype.VSKO_Scot_P7.description;100;-1;-1;1;;;-1
VScotHC1_200;459;8232;24;0;@@viessmann.eventtype.name.VSKO_Scot_P8;VSKO_Scot_P8~0x4008;NoConversion;@@viessmann.eventtype.VSKO_Scot_P8.description;100;-1;-1;1;;;-1
VScotHC1_200;459;8233;24;0;@@viessmann.eventtype.name.VSKO_Scot_P9;0x4009;MultOffset;@@viessmann.eventtype.VSKO_Scot_P9.description;100;-1;-1;1;;;-1
VScotHC1_200;459;8234;24;0;@@viessmann.eventtype.name.VSKO_Scot_P10;VSKO_Scot_P10~0x400A;MultOffset;@@viessmann.eventtype.VSKO_Scot_P10.description;100;-1;-1;1;;;-1
VScotHC1_200;459;8235;24;0;@@viessmann.eventtype.name.VSKO_Scot_P11;VSKO_Scot_P11~0x400B;NoConversion;@@viessmann.eventtype.VSKO_Scot_P11.description;100;-1;-1;1;;;-1
VScotHC1_200;459;8236;24;0;@@viessmann.eventtype.name.VSKO_Scot_P12;VSKO_Scot_P12~400C;NoConversion;@@viessmann.eventtype.VSKO_Scot_P12.description;100;-1;-1;1;;;-1
VScotHC1_200;459;8237;24;0;@@viessmann.eventtype.name.VSKO_Scot_P13;VSKO_Scot_P13~0x400D;NoConversion;@@viessmann.eventtype.VSKO_Scot_P13.description;100;-1;-1;1;;;-1
VScotHC1_200;459;8238;24;0;@@viessmann.eventtype.name.VSKO_Scot_P14;VSKO_Scot_P14~0x400E;NoConversion;@@viessmann.eventtype.VSKO_Scot_P14.description;100;-1;-1;1;;;-1
VScotHC1_200;459;8239;24;0;@@viessmann.eventtype.name.VSKO_Scot_P15;VSKO_Scot_P15~0x400F;NoConversion;@@viessmann.eventtype.VSKO_Scot_P15.description;100;-1;-1;1;;;-1
VScotHC1_200;459;8240;24;0;@@viessmann.eventtype.name.VSKO_Scot_P16;VSKO_Scot_P16~0x4010;MultOffset;@@viessmann.eventtype.VSKO_Scot_P16.description;100;-1;-1;1;;;-1
VScotHC1_200;459;8241;24;0;@@viessmann.eventtype.name.VSKO_Scot_P17;VSKO_Scot_P17~0x4011;Div10;@@viessmann.eventtype.VSKO_Scot_P17.description;100;-1;-1;1;;;-1
VScotHC1_200;459;8242;24;0;@@viessmann.eventtype.name.VSKO_Scot_P18;VSKO_Scot_P18~0x4012;NoConversion;@@viessmann.eventtype.VSKO_Scot_P18.description;100;-1;-1;1;;;-1
VScotHC1_200;459;8243;24;0;@@viessmann.eventtype.name.VSKO_Scot_P25;VSKO_Scot_P25~0x4019;NoConversion;@@viessmann.eventtype.VSKO_Scot_P25.description;100;-1;-1;1;;;-1
VScotHC1_200;459;8244;24;0;@@viessmann.eventtype.name.VSKO_Scot_P26;0x401A;MultOffset;@@viessmann.eventtype.VSKO_Scot_P26.description;100;-1;-1;1;;;-1
VScotHC1_200;459;8245;24;0;@@viessmann.eventtype.name.VSKO_Scot_P27;VSKO_Scot_P27~0x401B;NoConversion;@@viessmann.eventtype.VSKO_Scot_P27.description;100;-1;-1;1;;;-1
VScotHC1_200;459;8246;24;0;@@viessmann.eventtype.name.VSKO_Scot_P28;0x401C;NoConversion;@@viessmann.eventtype.VSKO_Scot_P28.description;100;-1;-1;1;;;-1
VScotHC1_200;459;8247;24;0;@@viessmann.eventtype.name.VSKO_Scot_P29;0x401D;NoConversion;@@viessmann.eventtype.VSKO_Scot_P29.description;100;-1;-1;1;;;-1
VScotHC1_200;459;8249;24;0;@@viessmann.eventtype.name.VSKO_Scot_P30;VSKO_Scot_P30~0x401E;NoConversion;@@viessmann.eventtype.VSKO_Scot_P30.description;100;-1;-1;1;;;-1
VScotHC1_200;459;8254;24;0;@@viessmann.eventtype.name.VSKO_Scot_P72;VSKO_Scot_P72~0x4048;NoConversion;@@viessmann.eventtype.VSKO_Scot_P72.description;100;-1;-1;1;;;-1
VScotHC1_200;459;8256;24;0;@@viessmann.eventtype.name.VSKO_Scot_P73;VSKO_Scot_P73~0x4049;NoConversion;@@viessmann.eventtype.VSKO_Scot_P73.description;100;-1;-1;1;;;-1
VScotHC1_200;459;8257;24;0;@@viessmann.eventtype.name.VSKO_Scot_P89;VSKO_Scot_P89~0x4059;NoConversion;@@viessmann.eventtype.VSKO_Scot_P89.description;100;-1;-1;1;;;-1
VScotHC1_200;459;8258;24;-1;@@viessmann.eventtype.name.VSKO_Scot_CES_P80;VSKO_Scot_CES_P80~0x4050;NoConversion;@@viessmann.eventtype.VSKO_Scot_CES_P80.description;50;-1;-1;1;;32;-1
VScotHC1_200;459;8259;24;0;@@viessmann.eventtype.name.VSKO_GFA_P9;VSKO_GFA_P9~0x4009;MultOffset;@@viessmann.eventtype.VSKO_GFA_P9.description;100;-1;-1;1;;;-1
VScotHC1_200;459;8260;24;0;@@viessmann.eventtype.name.VSKO_GFA_P89;VSKO_GFA_P89~0x4059;NoConversion;@@viessmann.eventtype.VSKO_Scot_P89.description;100;-1;-1;1;;;-1
VScotHC1_200;459;8313;24;0;@@viessmann.eventtype.name.SM1_Solarpumpe_Drehzahl;SM1_Solarpumpe_Drehzahl~0x0F10;NoConversion;@@viessmann.eventtype.SM1_Solarpumpe_Drehzahl.description;100;-1;-1;1;;;-1
VScotHC1_200;459;8372;24;0;@@viessmann.eventtype.name.VSKO_Codierparameter_C01;VSKO_Codierparameter_C01~0x0001;NoConversion;@@viessmann.eventtype.VSKO_Codierparameter_C01.description;100;-1;-1;1;;0;-1
VScotHC1_200;459;8375;24;0;@@viessmann.eventtype.name.VSKO_Codierparameter_C10;VSKO_Codierparameter_C10~0x000A;NoConversion;@@viessmann.eventtype.VSKO_Codierparameter_C10.description;100;-1;-1;1;;;-1
VScotHC1_200;459;8376;24;0;@@viessmann.eventtype.name.VSKO_Codierparameter_C11;VSKO_Codierparameter_C11~0x000B;NoConversion;@@viessmann.eventtype.VSKO_Codierparameter_C11.description;100;-1;-1;1;;;-1
VScotHC1_200;459;8377;24;0;@@viessmann.eventtype.name.VSKO_Codierparameter_C12;VSKO_Codierparameter_C12~0x000C;NoConversion;@@viessmann.eventtype.VSKO_Codierparameter_C12.description;100;-1;-1;1;;;-1
VScotHC1_200;459;8378;24;0;@@viessmann.eventtype.name.VSKO_Codierparameter_C13;VSKO_Codierparameter_C13~0x000D;Mult2;@@viessmann.eventtype.VSKO_Codierparameter_C13.description;100;-1;-1;1;;;-1
VScotHC1_200;459;8379;24;0;@@viessmann.eventtype.name.VSKO_Codierparameter_C14;VSKO_Codierparameter_C14~0x000E;MultOffset;@@viessmann.eventtype.VSKO_Codierparameter_C14.description;100;-1;-1;1;;;-1
VScotHC1_200;459;8380;24;0;@@viessmann.eventtype.name.VSKO_Codierparameter_C00;VSKO_Codierparameter_C00~0x0000;NoConversion;@@viessmann.eventtype.VSKO_Codierparameter_C00.description;100;-1;-1;1;;;-1
VScotHC1_200;459;8381;24;0;@@viessmann.eventtype.name.VSKO_Codierparameter_C02;VSKO_Codierparameter_C02~0x0002;NoConversion;@@viessmann.eventtype.VSKO_Codierparameter_C02.description;100;-1;-1;1;;;-1
VScotHC1_200;459;8395;24;0;@@viessmann.eventtype.name.GFA_Kennung;GFA_Kennung~0x7650;NoConversion;@@viessmann.eventtype.GFA_Kennung.description;100;-1;-1;1;;;-1
VScotHC1_200;459;8464;24;-1;@@viessmann.eventtype.name.RelaistestGWG2010_Konstant;RelaistestGWG2010_Konstant~0x7500;NoConversion;@@viessmann.eventtype.RelaistestGWG2010_Konstant.description;50;-1;-1;3;;0;-1
VScotHC1_200;459;10458;24;0;@@viessmann.eventtype.name.HO2B_IP_Adresse;HO2B_IP_Adresse~0xD006;NoConversion;@@viessmann.eventtype.HO2B_IP_Adresse.description;100;-1;-1;3;;;-1
VScotHC1_200;459;10459;24;-1;@@viessmann.eventtype.name.HO2B_DynamicIP;HO2B_DynamicIP~0xD01A;NoConversion;@@viessmann.eventtype.HO2B_DynamicIP.description;50;-1;-1;3;;0;-1
VScotHC1_200;459;10460;24;-1;@@viessmann.eventtype.name.HO2B_Proxy;HO2B_Proxy~0xD062;NoConversion;@@viessmann.eventtype.HO2B_Proxy.description;50;-1;-1;3;;0;-1
VScotHC1_200;459;10461;24;-1;@@viessmann.eventtype.name.HO2B_LAN_Card_Enabled;HO2B_LAN_Card_Enabled~0xD063;NoConversion;@@viessmann.eventtype.HO2B_LAN_Card_Enabled.description;50;-1;-1;3;;0;-1
VScotHC1_200;459;10462;24;0;@@viessmann.eventtype.name.HO2B_LAN_Card_Firmware;HO2B_LAN_Card_Firmware~0xD069;NoConversion;@@viessmann.eventtype.HO2B_LAN_Card_Firmware.description;100;-1;-1;1;;;-1
VScotHC1_200;459;10463;24;0;@@viessmann.eventtype.name.HO2B_LAN_Card_SN;HO2B_LAN_Card_SN~0xD06D;NoConversion;@@viessmann.eventtype.HO2B_LAN_Card_SN.description;100;-1;-1;1;;;-1
VScotHC1_200;459;10464;24;0;@@viessmann.eventtype.name.HO2B_LAN_Card_ID;HO2B_LAN_Card_ID~0xD096;NoConversion;@@viessmann.eventtype.HO2B_LAN_Card_ID.description;100;-1;-1;1;;;-1
VScotHC1_200;459;10756;24;0;@@viessmann.eventtype.name.HO2B_Erweiterte_Geraetekennung;HO2B_Erweiterte_Geraetekennung~0x00F0;NoConversion;@@viessmann.eventtype.HO2B_Erweiterte_Geraetekennung.description;100;-1;-1;1;;;-1
VScotHC1_200;459;10829;24;0;@@viessmann.eventtype.name.HO2B_LAN_Card_Error;HO2B_LAN_Card_Error~0xD080;NoConversion;@@viessmann.eventtype.HO2B_LAN_Card_Error.description;100;-1;-1;1;;;-1
VScotHC1_200;459;10830;24;-1;@@viessmann.eventtype.name.HO2B_LAN_Card_Status;HO2B_LAN_Card_Status~0xD07F;NoConversion;@@viessmann.eventtype.HO2B_LAN_Card_Status.description;50;-1;-1;1;;;-1
VScotHC1_200;459;11609;24;-1;@@viessmann.eventtype.name.GWG_8853_Brennertyp;GWG_8853_Brennertyp~0x8853;NoConversion;@@viessmann.eventtype.GWG_8853_Brennertyp.description;50;-1;-1;1;;;-1
VScotHC1_200;459;12646;24;0;@@viessmann.eventtype.name.DatabaseVersionForExport;DatabaseVersionForExport;NoConversion;@@viessmann.eventtype.DatabaseVersionForExport.description;100;-1;-1;1;;1.0.0;-1
VScotHC1_200;459;11655;24;-1;@@viessmann.eventtype.name.HO2B_Bedienteiltyp;HO2B_Bedienteiltyp~0x7340;NoConversion;@@viessmann.eventtype.HO2B_Bedienteiltyp.description;50;-1;-1;3;;33;-1
VScotHC1_200;459;11750;24;0;@@viessmann.eventtype.name.VSKO_Codierparameter_Vi_C08;VSKO_Codierparameter_Vi_C08~0x0008;NoConversion;@@viessmann.eventtype.VSKO_Codierparameter_Vi_C08.description;100;-1;-1;1;;;-1
VScotHC1_200;459;11927;24;-1;@@viessmann.eventtype.name.Nachheizunterdrueckung;Nachheizunterdrueckung~0x55FE;NoConversion;@@viessmann.eventtype.Nachheizunterdrueckung.description;50;-1;-1;3;;0;-1