dbo_ecnDatapointType.Address;DataPointTypeId;Id;CompanyId;EnumType;Name;dbo_ecnEventType.Address;Conversion;Description;Priority;Filtercriterion;Reportingcriterion;Type;URL;DefaultValue;ObjectId
VBC700_AW;266;1;24;-1;ecnStatusEventType;ecnStatusEventType;NoConversion;;50;-1;-1;1;;;-1
VBC700_AW;266;2;24;0;@@viessmann.eventtype.name.Absenkzeit_gelerntA1M1;Absenkzeit_gelerntA1M1~0x253D;NoConversion;@@viessmann.eventtype.Absenkzeit_gelerntA1M1.description;100;-1;-1;3;;;-1
VBC700_AW;266;989;24;-1;@@viessmann.eventtype.name.K79_KonfiFehlerManagerV100_V050_D;K79_KonfiFehlerManagerV100_V050_D~0x7779;NoConversion;@@viessmann.eventtype.K79_KonfiFehlerManagerV100_V050_D.description;50;-1;-1;1;;0;-1
VBC700_AW;266;1044;24;0;@@viessmann.eventtype.name.K98_KonfiVI_Anlagennummer_D;K98_KonfiVI_Anlagennummer_D~0x7798;NoConversion;@@viessmann.eventtype.K98_KonfiVI_Anlagennummer_D.description;100;-1;-1;1;;1;-1
VBC700_AW;266;6387;24;0;@@viessmann.eventtype.name.WPR_HK2_max_Ueberhoehung_TRaum;WPR_HK2_max_Ueberhoehung_TRaum~0x3012;Div10;@@viessmann.eventtype.WPR_HK2_max_Ueberhoehung_TRaum.description;100;-1;-1;3;;5;-1
VBC700_AW;266;6388;24;0;@@viessmann.eventtype.name.WPR_HK2_max_Vorlaufkorrekturen;WPR_HK2_max_Vorlaufkorrekturen~0x300D;Div10;@@viessmann.eventtype.WPR_HK2_max_Vorlaufkorrekturen.description;100;-1;-1;3;;100;-1
VBC700_AW;266;6389;24;0;@@viessmann.eventtype.name.WPR_HK2_max_Vorlauftemperatur_HK;WPR_HK2_max_Vorlauftemperatur_HK~0x300E;Div10;@@viessmann.eventtype.WPR_HK2_max_Vorlauftemperatur_HK.description;100;-1;-1;3;;40;-1
VBC700_AW;266;6390;24;0;@@viessmann.eventtype.name.WPR_HK2_min_Vorlauftemperatur_HK;WPR_HK2_min_Vorlauftemperatur_HK~0x300F;Div10;@@viessmann.eventtype.WPR_HK2_min_Vorlauftemperatur_HK.description;100;-1;-1;3;;10;-1
VBC700_AW;266;6393;24;0;@@viessmann.eventtype.name.WPR_HK2_Neigung_Heizkennlinie;WPR_HK2_Neigung_Heizkennlinie~0x3007;Div10;@@viessmann.eventtype.WPR_HK2_Neigung_Heizkennlinie.description;100;-1;-1;3;;0,6;-1
VBC700_AW;266;6395;24;0;@@viessmann.eventtype.name.WPR_HK2_Neigung_Raumaufschaltung;WPR_HK2_Neigung_Raumaufschaltung~0x300A;Div10;@@viessmann.eventtype.WPR_HK2_Neigung_Raumaufschaltung.description;100;-1;-1;3;;1;-1
VBC700_AW;266;6396;24;0;@@viessmann.eventtype.name.WPR_HK2_Niveau_Heizkennlinie;WPR_HK2_Niveau_Heizkennlinie~0x3006;Div10;@@viessmann.eventtype.WPR_HK2_Niveau_Heizkennlinie.description;100;-1;-1;3;;0;-1
VBC700_AW;266;6397;24;0;@@viessmann.eventtype.name.WPR_HK2_Niveau_HKMischer;WPR_HK2_Niveau_HKMischer~0x3014;Div10;@@viessmann.eventtype.WPR_HK2_Niveau_HKMischer.description;100;-1;-1;3;;2;-1
VBC700_AW;266;6399;24;0;@@viessmann.eventtype.name.WPR_HK2_Normaltemperatur;WPR_HK2_Normaltemperatur~0x3000;Div10;@@viessmann.eventtype.WPR_HK2_Normaltemperatur.description;100;-1;-1;3;;20;-1
VBC700_AW;266;6400;24;-1;@@viessmann.eventtype.name.WPR_HK2_Raumregelung;WPR_HK2_Raumregelung~0x3005;NoConversion;@@viessmann.eventtype.WPR_HK2_Raumregelung.description;50;-1;-1;3;;0;-1
VBC700_AW;266;6401;24;-1;@@viessmann.eventtype.name.WPR_HK2_Raumtemperaturaufschaltung;WPR_HK2_Raumtemperaturaufschaltung~0x300B;NoConversion;@@viessmann.eventtype.WPR_HK2_Raumtemperaturaufschaltung.description;50;-1;-1;3;;3;-1
VBC700_AW;266;6402;24;-1;@@viessmann.eventtype.name.WPR_HK2_Raumtemperatursensor;WPR_HK2_Raumtemperatursensor~0x3008;NoConversion;@@viessmann.eventtype.WPR_HK2_Raumtemperatursensor.description;50;-1;-1;3;;0;-1
VBC700_AW;266;6403;24;0;@@viessmann.eventtype.name.WPR_HK2_Redtemperatur;WPR_HK2_Redtemperatur~0x3001;Div10;@@viessmann.eventtype.WPR_HK2_Redtemperatur.description;100;-1;-1;3;;14;-1
VBC700_AW;266;6404;24;0;@@viessmann.eventtype.name.WPR_HK2_Tastband_HKMischer;WPR_HK2_Tastband_HKMischer~0x3018;Div10;@@viessmann.eventtype.WPR_HK2_Tastband_HKMischer.description;100;-1;-1;3;;4;-1
VBC700_AW;266;6405;24;0;@@viessmann.eventtype.name.WPR_HK2_Tastband_NCMischer;WPR_HK2_Tastband_NCMischer~0x301F;NoConversion;@@viessmann.eventtype.WPR_HK2_Tastband_NCMischer.description;100;-1;-1;3;;40;-1
VBC700_AW;266;6406;24;0;@@viessmann.eventtype.name.WPR_HK2_Totband_HKMischer;WPR_HK2_Totband_HKMischer~0x3019;Div10;@@viessmann.eventtype.WPR_HK2_Totband_HKMischer.description;100;-1;-1;3;;1;-1
VBC700_AW;266;6407;24;0;@@viessmann.eventtype.name.WPR_HK2_Totband_NCMischer;WPR_HK2_Totband_NCMischer~0x3020;NoConversion;@@viessmann.eventtype.WPR_HK2_Totband_NCMischer.description;100;-1;-1;3;;10;-1
VBC700_AW;266;6408;24;-1;@@viessmann.eventtype.name.WPR_HK2_WTimer_HK;WPR_HK2_WTimer_HK~0x3002;NoConversion;@@viessmann.eventtype.WPR_HK2_WTimer_HK.description;50;-1;-1;3;;2;-1
VBC700_AW;266;6409;24;-1;@@viessmann.eventtype.name.WPR_HK2_WWbeiParty;WPR_HK2_WWbeiParty~0x3010;NoConversion;@@viessmann.eventtype.WPR_HK2_WWbeiParty.description;50;-1;-1;3;;1;-1
VBC700_AW;266;6410;24;-1;@@viessmann.eventtype.name.WPR_HK3_Betriebsart_Heizkreis;WPR_HK3_Betriebsart_Heizkreis~0x4004;NoConversion;@@viessmann.eventtype.WPR_HK3_Betriebsart_Heizkreis.description;50;-1;-1;3;;6;-1
VBC700_AW;266;6411;24;-1;@@viessmann.eventtype.name.WPR_HK3_Einschaltoptimierung;WPR_HK3_Einschaltoptimierung~0x400C;NoConversion;@@viessmann.eventtype.WPR_HK3_Einschaltoptimierung.description;50;-1;-1;3;;0;-1
VBC700_AW;266;6412;24;-1;@@viessmann.eventtype.name.WPR_HK3_Fernbedienung;WPR_HK3_Fernbedienung~0x4003;NoConversion;@@viessmann.eventtype.WPR_HK3_Fernbedienung.description;50;-1;-1;3;;0;-1
VBC700_AW;266;6413;24;-1;@@viessmann.eventtype.name.WPR_HK3_heizkreis_reaktion_force;WPR_HK3_heizkreis_reaktion_force~0x4011;NoConversion;@@viessmann.eventtype.WPR_HK3_heizkreis_reaktion_force.description;50;-1;-1;3;;2;-1
VBC700_AW;266;6414;24;0;@@viessmann.eventtype.name.WPR_HK3_Integralanteil_raumregler;WPR_HK3_Integralanteil_raumregler~0x4009;NoConversion;@@viessmann.eventtype.WPR_HK3_Integralanteil_raumregler.description;100;-1;-1;3;;10;-1
VBC700_AW;266;6415;24;0;@@viessmann.eventtype.name.WPR_HK3_Laufzeit_HKMischer;WPR_HK3_Laufzeit_HKMischer~0x4015;NoConversion;@@viessmann.eventtype.WPR_HK3_Laufzeit_HKMischer.description;100;-1;-1;3;;125;-1
VBC700_AW;266;6416;24;0;@@viessmann.eventtype.name.WPR_HK3_Laufzeit_NCMischer;WPR_HK3_Laufzeit_NCMischer~0x4021;NoConversion;@@viessmann.eventtype.WPR_HK3_Laufzeit_NCMischer.description;100;-1;-1;3;;125;-1
VBC700_AW;266;4685;24;0;@@viessmann.eventtype.name.Sachnummer_GWG_Codierstecker;Sachnummer_GWG_Codierstecker~0x1010;HexByte2AsciiByte;@@viessmann.eventtype.Sachnummer_GWG_Codierstecker.description;100;-1;-1;1;;0;-1
VBC700_AW;266;5319;24;0;@@viessmann.eventtype.name.SystemIdent_SX;SystemIdent_SX~0x00F8;NoConversion;@@viessmann.eventtype.SystemIdent_SX.description;100;-1;-1;1;;;-1
VBC700_AW;266;6141;24;0;@@viessmann.eventtype.name.WPR_Anforderung_CFDM;WPR_Anforderung_CFDM~0x1908;NoConversion;@@viessmann.eventtype.WPR_Anforderung_CFDM.description;100;-1;-1;1;;;-1
VBC700_AW;266;6142;24;0;@@viessmann.eventtype.name.WPR_Anforderung_HCFDM;WPR_Anforderung_HCFDM~0x1907;NoConversion;@@viessmann.eventtype.WPR_Anforderung_HCFDM.description;100;-1;-1;1;;;-1
VBC700_AW;266;6143;24;0;@@viessmann.eventtype.name.WPR_Anforderung_Heizkreis1;WPR_Anforderung_Heizkreis1~0x1900;NoConversion;@@viessmann.eventtype.WPR_Anforderung_Heizkreis1.description;100;-1;-1;1;;;-1
VBC700_AW;266;6144;24;0;@@viessmann.eventtype.name.WPR_Anforderung_Heizkreis2;WPR_Anforderung_Heizkreis2~0x1901;NoConversion;@@viessmann.eventtype.WPR_Anforderung_Heizkreis2.description;100;-1;-1;1;;;-1
VBC700_AW;266;6145;24;0;@@viessmann.eventtype.name.WPR_Anforderung_Heizkreis3;WPR_Anforderung_Heizkreis3~0x1902;NoConversion;@@viessmann.eventtype.WPR_Anforderung_Heizkreis3.description;100;-1;-1;1;;;-1
VBC700_AW;266;6146;24;0;@@viessmann.eventtype.name.WPR_Anforderung_HW_Pufferspeicher;WPR_Anforderung_HW_Pufferspeicher~0x1904;NoConversion;@@viessmann.eventtype.WPR_Anforderung_HW_Pufferspeicher.description;100;-1;-1;1;;;-1
VBC700_AW;266;6147;24;0;@@viessmann.eventtype.name.WPR_Anforderung_Kuehlkreis;WPR_Anforderung_Kuehlkreis~0x1903;NoConversion;@@viessmann.eventtype.WPR_Anforderung_Kuehlkreis.description;100;-1;-1;1;;;-1
VBC700_AW;266;6148;24;0;@@viessmann.eventtype.name.WPR_Anforderung_Schwimmbad;WPR_Anforderung_Schwimmbad~0x1906;NoConversion;@@viessmann.eventtype.WPR_Anforderung_Schwimmbad.description;100;-1;-1;1;;;-1
VBC700_AW;266;6149;24;0;@@viessmann.eventtype.name.WPR_Anforderung_Warmwasser;WPR_Anforderung_Warmwasser~0x1905;NoConversion;@@viessmann.eventtype.WPR_Anforderung_Warmwasser.description;100;-1;-1;1;;;-1
VBC700_AW;266;6150;24;-1;@@viessmann.eventtype.name.WPR_Anlagenkonfig_Anlagenschema;WPR_Anlagenkonfig_Anlagenschema~0x7000;NoConversion;@@viessmann.eventtype.WPR_Anlagenkonfig_Anlagenschema.description;50;-1;-1;3;;2;-1
VBC700_AW;266;6151;24;0;@@viessmann.eventtype.name.WPR_Anlagenkonfig_BA_Umschaltung_Dauer;WPR_Anlagenkonfig_BA_Umschaltung_Dauer~0x7013;NoConversion;@@viessmann.eventtype.WPR_Anlagenkonfig_BA_Umschaltung_Dauer.description;100;-1;-1;3;;8;-1
VBC700_AW;266;6152;24;-1;@@viessmann.eventtype.name.WPR_Anlagenkonfig_BA_Umschaltung_Wirkung;WPR_Anlagenkonfig_BA_Umschaltung_Wirkung~0x7012;NoConversion;@@viessmann.eventtype.WPR_Anlagenkonfig_BA_Umschaltung_Wirkung.description;50;-1;-1;3;;2;-1
VBC700_AW;266;6153;24;-1;@@viessmann.eventtype.name.WPR_Anlagenkonfig_BA_UmschaltungAufHK;WPR_Anlagenkonfig_BA_UmschaltungAufHK~0x7011;NoConversion;@@viessmann.eventtype.WPR_Anlagenkonfig_BA_UmschaltungAufHK.description;50;-1;-1;3;;11;-1
VBC700_AW;266;6154;24;-1;@@viessmann.eventtype.name.WPR_Anlagenkonfig_Ext_Anschlusserw_vorhanden;WPR_Anlagenkonfig_Ext_Anschlusserw_vorhanden~0x7010;NoConversion;@@viessmann.eventtype.WPR_Anlagenkonfig_Ext_Anschlusserw_vorhanden.description;50;-1;-1;3;;0;-1
VBC700_AW;266;6155;24;-1;@@viessmann.eventtype.name.WPR_Anlagenkonfig_Ext_WP_auf_Cool;WPR_Anlagenkonfig_Ext_WP_auf_Cool~0x700D;NoConversion;@@viessmann.eventtype.WPR_Anlagenkonfig_Ext_WP_auf_Cool.description;50;-1;-1;3;;0;-1
VBC700_AW;266;6156;24;-1;@@viessmann.eventtype.name.WPR_Anlagenkonfig_Ext_WP_auf_WW;WPR_Anlagenkonfig_Ext_WP_auf_WW~0x700E;NoConversion;@@viessmann.eventtype.WPR_Anlagenkonfig_Ext_WP_auf_WW.description;50;-1;-1;3;;0;-1
VBC700_AW;266;6157;24;-1;@@viessmann.eventtype.name.WPR_Anlagenkonfig_ExternAnf_MiAuf;WPR_Anlagenkonfig_ExternAnf_MiAuf~0x7014;NoConversion;@@viessmann.eventtype.WPR_Anlagenkonfig_ExternAnf_MiAuf.description;50;-1;-1;3;;4;-1
VBC700_AW;266;6158;24;-1;@@viessmann.eventtype.name.WPR_Anlagenkonfig_ExternSperren_MiZu;WPR_Anlagenkonfig_ExternSperren_MiZu~0x7015;NoConversion;@@viessmann.eventtype.WPR_Anlagenkonfig_ExternSperren_MiZu.description;50;-1;-1;3;;4;-1
VBC700_AW;266;6159;24;-1;@@viessmann.eventtype.name.WPR_Anlagenkonfig_ExternSperrenWirkung_HKP1;WPR_Anlagenkonfig_ExternSperrenWirkung_HKP1~0x701A;NoConversion;@@viessmann.eventtype.WPR_Anlagenkonfig_ExternSperrenWirkung_HKP1.description;50;-1;-1;3;;0;-1
VBC700_AW;266;6160;24;-1;@@viessmann.eventtype.name.WPR_Anlagenkonfig_ExternSperrenWirkung_HKP2;WPR_Anlagenkonfig_ExternSperrenWirkung_HKP2~0x701A;NoConversion;@@viessmann.eventtype.WPR_Anlagenkonfig_ExternSperrenWirkung_HKP2.description;50;-1;-1;3;;0;-1
VBC700_AW;266;6161;24;-1;@@viessmann.eventtype.name.WPR_Anlagenkonfig_ExternSperrenWirkung_HKP3;WPR_Anlagenkonfig_ExternSperrenWirkung_HKP3~0x701A;NoConversion;@@viessmann.eventtype.WPR_Anlagenkonfig_ExternSperrenWirkung_HKP3.description;50;-1;-1;3;;0;-1
VBC700_AW;266;6162;24;-1;@@viessmann.eventtype.name.WPR_Anlagenkonfig_ExternSperrenWirkung_PrimPumpeVentilator;WPR_Anlagenkonfig_ExternSperrenWirkung_PrimPumpeVentilator~0x701A;NoConversion;@@viessmann.eventtype.WPR_Anlagenkonfig_ExternSperrenWirkung_PrimPumpeVentilator.description;50;-1;-1;3;;0;-1
VBC700_AW;266;6163;24;-1;@@viessmann.eventtype.name.WPR_Anlagenkonfig_ExternSperrenWirkung_SekPumpe;WPR_Anlagenkonfig_ExternSperrenWirkung_SekPumpe~0x701A;NoConversion;@@viessmann.eventtype.WPR_Anlagenkonfig_ExternSperrenWirkung_SekPumpe.description;50;-1;-1;3;;0;-1
VBC700_AW;266;6164;24;-1;@@viessmann.eventtype.name.WPR_Anlagenkonfig_ExternSperrenWirkung_SLP;WPR_Anlagenkonfig_ExternSperrenWirkung_SLP~0x701A;NoConversion;@@viessmann.eventtype.WPR_Anlagenkonfig_ExternSperrenWirkung_SLP.description;50;-1;-1;3;;0;-1
VBC700_AW;266;6165;24;0;@@viessmann.eventtype.name.WPR_Anlagenkonfig_Frostschutztemperatur;WPR_Anlagenkonfig_Frostschutztemperatur~0x7006;Div10;@@viessmann.eventtype.WPR_Anlagenkonfig_Frostschutztemperatur.description;100;-1;-1;3;;1;-1
VBC700_AW;266;6166;24;0;@@viessmann.eventtype.name.WPR_Anlagenkonfig_Hysterese_Heizgrenze;WPR_Anlagenkonfig_Hysterese_Heizgrenze~0x7003;Div10;@@viessmann.eventtype.WPR_Anlagenkonfig_Hysterese_Heizgrenze.description;100;-1;-1;3;;4;-1
VBC700_AW;266;6167;24;0;@@viessmann.eventtype.name.WPR_Anlagenkonfig_Hysterese_Kuehlgrenze;WPR_Anlagenkonfig_Hysterese_Kuehlgrenze~0x7004;Div10;@@viessmann.eventtype.WPR_Anlagenkonfig_Hysterese_Kuehlgrenze.description;100;-1;-1;3;;4;-1
VBC700_AW;266;6168;24;0;@@viessmann.eventtype.name.WPR_Anlagenkonfig_Hysterese_TempGrenze_red_BA;WPR_Anlagenkonfig_Hysterese_TempGrenze_red_BA~0x7005;Div10;@@viessmann.eventtype.WPR_Anlagenkonfig_Hysterese_TempGrenze_red_BA.description;100;-1;-1;3;;-40;-1
VBC700_AW;266;6169;24;-1;@@viessmann.eventtype.name.WPR_Anlagenkonfig_Kaskade;WPR_Anlagenkonfig_Kaskade~0x700A;NoConversion;@@viessmann.eventtype.WPR_Anlagenkonfig_Kaskade.description;50;-1;-1;3;;0;-1
VBC700_AW;266;6170;24;0;@@viessmann.eventtype.name.WPR_Anlagenkonfig_LeistungFolgeWP;WPR_Anlagenkonfig_LeistungFolgeWP~0x700B;NoConversion;@@viessmann.eventtype.WPR_Anlagenkonfig_LeistungFolgeWP.description;100;-1;-1;3;;1;-1
VBC700_AW;266;6171;24;-1;@@viessmann.eventtype.name.WPR_Anlagenkonfig_Mischertyp;WPR_Anlagenkonfig_Mischertyp~0x700F;NoConversion;@@viessmann.eventtype.WPR_Anlagenkonfig_Mischertyp.description;50;-1;-1;3;;1;-1
VBC700_AW;266;6172;24;0;@@viessmann.eventtype.name.WPR_Anlagenkonfig_Mittelzeit_aussentemperatur;WPR_Anlagenkonfig_Mittelzeit_aussentemperatur~0x7002;NoConversion;@@viessmann.eventtype.WPR_Anlagenkonfig_Mittelzeit_aussentemperatur.description;100;-1;-1;3;;180;-1
VBC700_AW;266;6173;24;-1;@@viessmann.eventtype.name.WPR_Anlagenkonfig_Primearpumpe_NatCooling;WPR_Anlagenkonfig_Primearpumpe_NatCooling~0x7007;NoConversion;@@viessmann.eventtype.WPR_Anlagenkonfig_Primearpumpe_NatCooling.description;50;-1;-1;3;;0;-1
VBC700_AW;266;6174;24;-1;@@viessmann.eventtype.name.WPR_Anlagenkonfig_PrioExtAnf;WPR_Anlagenkonfig_PrioExtAnf~0x7019;NoConversion;@@viessmann.eventtype.WPR_Anlagenkonfig_PrioExtAnf.description;50;-1;-1;3;;0;-1
VBC700_AW;266;6175;24;-1;@@viessmann.eventtype.name.WPR_Anlagenkonfig_Schwimmbad;WPR_Anlagenkonfig_Schwimmbad~0x7008;NoConversion;@@viessmann.eventtype.WPR_Anlagenkonfig_Schwimmbad.description;50;-1;-1;3;;0;-1
VBC700_AW;266;6176;24;-1;@@viessmann.eventtype.name.WPR_Anlagenkonfig_Sprache;WPR_Anlagenkonfig_Sprache~0x7001;NoConversion;@@viessmann.eventtype.WPR_Anlagenkonfig_Sprache.description;50;-1;-1;3;;0;-1
VBC700_AW;266;6177;24;-1;@@viessmann.eventtype.name.WPR_Anlagenkonfig_TypNCMischer;WPR_Anlagenkonfig_TypNCMischer~0x701B;NoConversion;@@viessmann.eventtype.WPR_Anlagenkonfig_TypNCMischer.description;50;-1;-1;3;;0;-1
VBC700_AW;266;6178;24;-1;@@viessmann.eventtype.name.WPR_Anlagenkonfig_Vitocom100;WPR_Anlagenkonfig_Vitocom100~0x7017;NoConversion;@@viessmann.eventtype.WPR_Anlagenkonfig_Vitocom100.description;50;-1;-1;3;;0;-1
VBC700_AW;266;6179;24;-1;@@viessmann.eventtype.name.WPR_Anlagenkonfig_Vitosolic100200;WPR_Anlagenkonfig_Vitosolic100200~0x7016;NoConversion;@@viessmann.eventtype.WPR_Anlagenkonfig_Vitosolic100200.description;50;-1;-1;3;;0;-1
VBC700_AW;266;6180;24;0;@@viessmann.eventtype.name.WPR_Anlagenkonfig_Wertebereich0_10V;WPR_Anlagenkonfig_Wertebereich0_10V~0x7018;NoConversion;@@viessmann.eventtype.WPR_Anlagenkonfig_Wertebereich0_10V.description;100;-1;-1;3;;1000;-1
VBC700_AW;266;6181;24;-1;@@viessmann.eventtype.name.WPR_Anlagenschema;WPR_Anlagenschema~0x7000;NoConversion;@@viessmann.eventtype.WPR_Anlagenschema.description;50;-1;-1;1;;;-1
VBC700_AW;266;6182;24;0;@@viessmann.eventtype.name.WPR_Anlagenvorlauftemperatur;WPR_Anlagenvorlauftemperatur~0x010A;Div10;@@viessmann.eventtype.WPR_Anlagenvorlauftemperatur.description;100;-1;-1;1;;;-1
VBC700_AW;266;6183;24;0;@@viessmann.eventtype.name.WPR_Aussentemperatur;WPR_Aussentemperatur~0x0101;Div10;@@viessmann.eventtype.WPR_Aussentemperatur.description;100;-1;-1;1;;;-1
VBC700_AW;266;6184;24;0;@@viessmann.eventtype.name.WPR_Belastungsklasse1_Verdichter1;WPR_Belastungsklasse1_Verdichter1~0x1620;NoConversion;@@viessmann.eventtype.WPR_Belastungsklasse1_Verdichter1.description;100;-1;-1;1;;;-1
VBC700_AW;266;6185;24;0;@@viessmann.eventtype.name.WPR_Belastungsklasse1_Verdichter2;WPR_Belastungsklasse1_Verdichter2~0x1621;NoConversion;@@viessmann.eventtype.WPR_Belastungsklasse1_Verdichter2.description;100;-1;-1;1;;;-1
VBC700_AW;266;6186;24;0;@@viessmann.eventtype.name.WPR_Belastungsklasse2_Verdichter1;WPR_Belastungsklasse2_Verdichter1~0x1622;NoConversion;@@viessmann.eventtype.WPR_Belastungsklasse2_Verdichter1.description;100;-1;-1;1;;;-1
VBC700_AW;266;6187;24;0;@@viessmann.eventtype.name.WPR_Belastungsklasse2_Verdichter2;WPR_Belastungsklasse2_Verdichter2~0x1623;NoConversion;@@viessmann.eventtype.WPR_Belastungsklasse2_Verdichter2.description;100;-1;-1;1;;;-1
VBC700_AW;266;6188;24;0;@@viessmann.eventtype.name.WPR_Belastungsklasse3_Verdichter1;WPR_Belastungsklasse3_Verdichter1~0x1624;NoConversion;@@viessmann.eventtype.WPR_Belastungsklasse3_Verdichter1.description;100;-1;-1;1;;;-1
VBC700_AW;266;6189;24;0;@@viessmann.eventtype.name.WPR_Belastungsklasse3_Verdichter2;WPR_Belastungsklasse3_Verdichter2~0x1625;NoConversion;@@viessmann.eventtype.WPR_Belastungsklasse3_Verdichter2.description;100;-1;-1;1;;;-1
VBC700_AW;266;6190;24;0;@@viessmann.eventtype.name.WPR_Belastungsklasse4_Verdichter1;WPR_Belastungsklasse4_Verdichter1~0x1626;NoConversion;@@viessmann.eventtype.WPR_Belastungsklasse4_Verdichter1.description;100;-1;-1;1;;;-1
VBC700_AW;266;6191;24;0;@@viessmann.eventtype.name.WPR_Belastungsklasse4_Verdichter2;WPR_Belastungsklasse4_Verdichter2~0x1627;NoConversion;@@viessmann.eventtype.WPR_Belastungsklasse4_Verdichter2.description;100;-1;-1;1;;;-1
VBC700_AW;266;6192;24;0;@@viessmann.eventtype.name.WPR_Belastungsklasse5_Verdichter1;WPR_Belastungsklasse5_Verdichter1~0x1628;NoConversion;@@viessmann.eventtype.WPR_Belastungsklasse5_Verdichter1.description;100;-1;-1;1;;;-1
VBC700_AW;266;6193;24;0;@@viessmann.eventtype.name.WPR_Belastungsklasse5_Verdichter2;WPR_Belastungsklasse5_Verdichter2~0x1629;NoConversion;@@viessmann.eventtype.WPR_Belastungsklasse5_Verdichter2.description;100;-1;-1;1;;;-1
VBC700_AW;266;6194;24;-1;@@viessmann.eventtype.name.WPR_eHeizung_Eheizstufe_EVUSperre;WPR_eHeizung_Eheizstufe_EVUSperre~0x790A;NoConversion;@@viessmann.eventtype.WPR_eHeizung_Eheizstufe_EVUSperre.description;50;-1;-1;3;;0;-1
VBC700_AW;266;6195;24;-1;@@viessmann.eventtype.name.WPR_eHeizung_Eheizstufe_sperreStromausfall;WPR_eHeizung_Eheizstufe_sperreStromausfall~0x7909;NoConversion;@@viessmann.eventtype.WPR_eHeizung_Eheizstufe_sperreStromausfall.description;50;-1;-1;3;;0;-1
VBC700_AW;266;6196;24;-1;@@viessmann.eventtype.name.WPR_eHeizung_Heizbetrieb_mit_Elektro;WPR_eHeizung_Heizbetrieb_mit_Elektro~0x7902;NoConversion;@@viessmann.eventtype.WPR_eHeizung_Heizbetrieb_mit_Elektro.description;50;-1;-1;3;;1;-1
VBC700_AW;266;6197;24;0;@@viessmann.eventtype.name.WPR_eHeizung_hysterese_heizung_elektro_not;WPR_eHeizung_hysterese_heizung_elektro_not~0x7906;NoConversion;@@viessmann.eventtype.WPR_eHeizung_hysterese_heizung_elektro_not.description;100;-1;-1;3;;300;-1
VBC700_AW;266;6198;24;-1;@@viessmann.eventtype.name.WPR_eHeizung_max_Stufe_Elektro;WPR_eHeizung_max_Stufe_Elektro~0x7907;NoConversion;@@viessmann.eventtype.WPR_eHeizung_max_Stufe_Elektro.description;50;-1;-1;3;;2;-1
VBC700_AW;266;6199;24;0;@@viessmann.eventtype.name.WPR_eHeizung_sperrzeit_Eheiz;WPR_eHeizung_sperrzeit_Eheiz~0x7908;NoConversion;@@viessmann.eventtype.WPR_eHeizung_sperrzeit_Eheiz.description;100;-1;-1;3;;0;-1
VBC700_AW;266;6200;24;0;@@viessmann.eventtype.name.WPR_eHeizung_Stufe;WPR_eHeizung_Stufe~0x1909;NoConversion;@@viessmann.eventtype.WPR_eHeizung_Stufe.description;100;-1;-1;1;;;-1
VBC700_AW;266;6201;24;0;@@viessmann.eventtype.name.WPR_eHeizung_Temp_vorlauf_max_elektro;WPR_eHeizung_Temp_vorlauf_max_elektro~0x7904;Div10;@@viessmann.eventtype.WPR_eHeizung_Temp_vorlauf_max_elektro.description;100;-1;-1;3;;65;-1
VBC700_AW;266;6202;24;0;@@viessmann.eventtype.name.WPR_eHeizung_totzeit_einschalt_elektro;WPR_eHeizung_totzeit_einschalt_elektro~0x7905;NoConversion;@@viessmann.eventtype.WPR_eHeizung_totzeit_einschalt_elektro.description;100;-1;-1;3;;30;-1
VBC700_AW;266;6203;24;-1;@@viessmann.eventtype.name.WPR_eHeizung_vorhanden;WPR_eHeizung_vorhanden~0x7900;NoConversion;@@viessmann.eventtype.WPR_eHeizung_vorhanden.description;50;-1;-1;3;;1;-1
VBC700_AW;266;6204;24;-1;@@viessmann.eventtype.name.WPR_eHeizung_Warmwasser_mit_Elektro;WPR_eHeizung_Warmwasser_mit_Elektro~0x7903;NoConversion;@@viessmann.eventtype.WPR_eHeizung_Warmwasser_mit_Elektro.description;50;-1;-1;3;;1;-1
VBC700_AW;266;6205;24;0;@@viessmann.eventtype.name.WPR_elektrExpansionsventil_Stufe1;WPR_elektrExpansionsventil_Stufe1~0x06E0;NoConversion;@@viessmann.eventtype.WPR_elektrExpansionsventil_Stufe1.description;100;-1;-1;1;;;-1
VBC700_AW;266;6206;24;0;@@viessmann.eventtype.name.WPR_elektrExpansionsventil_Stufe2;WPR_elektrExpansionsventil_Stufe2~0x06E0;NoConversion;@@viessmann.eventtype.WPR_elektrExpansionsventil_Stufe2.description;100;-1;-1;1;;;-1
VBC700_AW;266;6209;24;-1;@@viessmann.eventtype.name.WPR_extWE_auf_WW;WPR_extWE_auf_WW~0x7B0D;NoConversion;@@viessmann.eventtype.WPR_extWE_auf_WW.description;50;-1;-1;3;;0;-1
VBC700_AW;266;6210;24;-1;@@viessmann.eventtype.name.WPR_extWE_Bivalentbetrieb;WPR_extWE_Bivalentbetrieb~0x7B0E;NoConversion;@@viessmann.eventtype.WPR_extWE_Bivalentbetrieb.description;50;-1;-1;3;;1;-1
VBC700_AW;266;6211;24;-1;@@viessmann.eventtype.name.WPR_extWE_ExtWaermeerzeuger;WPR_extWE_ExtWaermeerzeuger~0x7B00;NoConversion;@@viessmann.eventtype.WPR_extWE_ExtWaermeerzeuger.description;50;-1;-1;3;;0;-1
VBC700_AW;266;6212;24;0;@@viessmann.eventtype.name.WPR_extWE_Hysterese_extWE;WPR_extWE_Hysterese_extWE~0x7B03;NoConversion;@@viessmann.eventtype.WPR_extWE_Hysterese_extWE.description;100;-1;-1;3;;300;-1
VBC700_AW;266;6213;24;0;@@viessmann.eventtype.name.WPR_extWE_Laufzeit;WPR_extWE_Laufzeit~0x7B07;NoConversion;@@viessmann.eventtype.WPR_extWE_Laufzeit.description;100;-1;-1;3;;120;-1
VBC700_AW;266;6214;24;0;@@viessmann.eventtype.name.WPR_extWE_Laufzeit_extWEMischer;WPR_extWE_Laufzeit_extWEMischer~0x7B08;NoConversion;@@viessmann.eventtype.WPR_extWE_Laufzeit_extWEMischer.description;100;-1;-1;3;;125;-1
VBC700_AW;266;6215;24;0;@@viessmann.eventtype.name.WPR_extWE_minLaufzeit;WPR_extWE_minLaufzeit~0x7B06;NoConversion;@@viessmann.eventtype.WPR_extWE_minLaufzeit.description;100;-1;-1;3;;120;-1
VBC700_AW;266;6216;24;0;@@viessmann.eventtype.name.WPR_extWE_Niveau_extWEMischer;WPR_extWE_Niveau_extWEMischer~0x7B0B;NoConversion;@@viessmann.eventtype.WPR_extWE_Niveau_extWEMischer.description;100;-1;-1;3;;0;-1
VBC700_AW;266;6217;24;0;@@viessmann.eventtype.name.WPR_extWE_TambMax;WPR_extWE_TambMax~0x7B02;Div10;@@viessmann.eventtype.WPR_extWE_TambMax.description;100;-1;-1;3;;10;-1
VBC700_AW;266;6218;24;0;@@viessmann.eventtype.name.WPR_extWE_Tastband_extWEMischer;WPR_extWE_Tastband_extWEMischer~0x7B09;NoConversion;@@viessmann.eventtype.WPR_extWE_Tastband_extWEMischer.description;100;-1;-1;3;;40;-1
VBC700_AW;266;6219;24;0;@@viessmann.eventtype.name.WPR_extWE_Temp_Mischer_extWE;WPR_extWE_Temp_Mischer_extWE~0x7B05;NoConversion;@@viessmann.eventtype.WPR_extWE_Temp_Mischer_extWE.description;100;-1;-1;3;;20;-1
VBC700_AW;266;6220;24;0;@@viessmann.eventtype.name.WPR_extWE_Totband_extWEMischer;WPR_extWE_Totband_extWEMischer~0x7B0A;NoConversion;@@viessmann.eventtype.WPR_extWE_Totband_extWEMischer.description;100;-1;-1;3;;10;-1
VBC700_AW;266;6221;24;0;@@viessmann.eventtype.name.WPR_extWE_totzeit_einschalt_extWE;WPR_extWE_totzeit_einschalt_extWE~0x7B04;NoConversion;@@viessmann.eventtype.WPR_extWE_totzeit_einschalt_extWE.description;100;-1;-1;3;;30;-1
VBC700_AW;266;6222;24;-1;@@viessmann.eventtype.name.WPR_extWE_Vorrang;WPR_extWE_Vorrang~0x7B01;NoConversion;@@viessmann.eventtype.WPR_extWE_Vorrang.description;50;-1;-1;3;;1;-1
VBC700_AW;266;6223;24;0;@@viessmann.eventtype.name.WPR_Fluessiggastemperatur_EEV1;WPR_Fluessiggastemperatur_EEV1~0x0123;Div10;@@viessmann.eventtype.WPR_Fluessiggastemperatur_EEV1.description;100;-1;-1;1;;;-1
VBC700_AW;266;6224;24;0;@@viessmann.eventtype.name.WPR_Fluessiggastemperatur_EEV2;WPR_Fluessiggastemperatur_EEV2~0x0124;Div10;@@viessmann.eventtype.WPR_Fluessiggastemperatur_EEV2.description;100;-1;-1;1;;;-1
VBC700_AW;266;6225;24;0;@@viessmann.eventtype.name.WPR_Frostschutz_Heizkreis1;WPR_Frostschutz_Heizkreis1~0x1406;NoConversion;@@viessmann.eventtype.WPR_Frostschutz_Heizkreis1.description;100;-1;-1;1;;;-1
VBC700_AW;266;6226;24;0;@@viessmann.eventtype.name.WPR_Frostschutz_Heizkreis2;WPR_Frostschutz_Heizkreis2~0x1407;NoConversion;@@viessmann.eventtype.WPR_Frostschutz_Heizkreis2.description;100;-1;-1;1;;;-1
VBC700_AW;266;6227;24;0;@@viessmann.eventtype.name.WPR_Frostschutz_Heizkreis3;WPR_Frostschutz_Heizkreis3~0x1408;NoConversion;@@viessmann.eventtype.WPR_Frostschutz_Heizkreis3.description;100;-1;-1;1;;;-1
VBC700_AW;266;6228;24;0;@@viessmann.eventtype.name.WPR_gemitteltDruck_Kondensationsdruck_Verdichter1;WPR_gemitteltDruck_Kondensationsdruck_Verdichter1~0x1612;Div10;@@viessmann.eventtype.WPR_gemitteltDruck_Kondensationsdruck_Verdichter1.description;100;-1;-1;1;;;-1
VBC700_AW;266;6229;24;0;@@viessmann.eventtype.name.WPR_gemitteltDruck_Kondensationsdruck_Verdichter2;WPR_gemitteltDruck_Kondensationsdruck_Verdichter2~0x1613;Div10;@@viessmann.eventtype.WPR_gemitteltDruck_Kondensationsdruck_Verdichter2.description;100;-1;-1;1;;;-1
VBC700_AW;266;6230;24;0;@@viessmann.eventtype.name.WPR_gemitteltDruck_Verdampfungsdruck_Verdichter1;WPR_gemitteltDruck_Verdampfungsdruck_Verdichter1~0x1610;Div10;@@viessmann.eventtype.WPR_gemitteltDruck_Verdampfungsdruck_Verdichter1.description;100;-1;-1;1;;;-1
VBC700_AW;266;6231;24;0;@@viessmann.eventtype.name.WPR_gemitteltDruck_Verdampfungsdruck_Verdichter2;WPR_gemitteltDruck_Verdampfungsdruck_Verdichter2~0x1611;Div10;@@viessmann.eventtype.WPR_gemitteltDruck_Verdampfungsdruck_Verdichter2.description;100;-1;-1;1;;;-1
VBC700_AW;266;6232;24;0;@@viessmann.eventtype.name.WPR_gemitteltTemp_PrimAusgTemp;WPR_gemitteltTemp_PrimAusgTemp~0x1601;Div10;@@viessmann.eventtype.WPR_gemitteltTemp_PrimAusgTemp.description;100;-1;-1;1;;;-1
VBC700_AW;266;6233;24;0;@@viessmann.eventtype.name.WPR_gemitteltTemp_PrimEingTemp;WPR_gemitteltTemp_PrimEingTemp~0x1600;Div10;@@viessmann.eventtype.WPR_gemitteltTemp_PrimEingTemp.description;100;-1;-1;1;;;-1
VBC700_AW;266;6234;24;0;@@viessmann.eventtype.name.WPR_gemitteltTemp_Sek_RL1Temp;WPR_gemitteltTemp_Sek_RL1Temp~0x1603;Div10;@@viessmann.eventtype.WPR_gemitteltTemp_Sek_RL1Temp.description;100;-1;-1;1;;;-1
VBC700_AW;266;6235;24;0;@@viessmann.eventtype.name.WPR_gemitteltTemp_Sek_RL2Temp;WPR_gemitteltTemp_Sek_RL2Temp~0x1604;Div10;@@viessmann.eventtype.WPR_gemitteltTemp_Sek_RL2Temp.description;100;-1;-1;1;;;-1
VBC700_AW;266;6236;24;0;@@viessmann.eventtype.name.WPR_gemitteltTemp_Sek_VLTemp;WPR_gemitteltTemp_Sek_VLTemp~0x1602;Div10;@@viessmann.eventtype.WPR_gemitteltTemp_Sek_VLTemp.description;100;-1;-1;1;;;-1
VBC700_AW;266;6237;24;0;@@viessmann.eventtype.name.WPR_Geraeteklasse;WPR_Geraeteklasse~0x00F7;NoConversion;@@viessmann.eventtype.WPR_Geraeteklasse.description;100;-1;-1;1;;;-1
VBC700_AW;266;6238;24;0;@@viessmann.eventtype.name.WPR_GeraetevariantenErkennung;WPR_GeraetevariantenErkennung~0x00F9;NoConversion;@@viessmann.eventtype.WPR_GeraetevariantenErkennung.description;100;-1;-1;1;;;-1
VBC700_AW;266;6239;24;0;@@viessmann.eventtype.name.WPR_Gradient_Anlagenvorlauftemperatur;WPR_Gradient_Anlagenvorlauftemperatur~0x028A;NoConversion;@@viessmann.eventtype.WPR_Gradient_Anlagenvorlauftemperatur.description;100;-1;-1;1;;;-1
VBC700_AW;266;6240;24;0;@@viessmann.eventtype.name.WPR_Gradient_Aussentemperatur;WPR_Gradient_Aussentemperatur~0x0281;NoConversion;@@viessmann.eventtype.WPR_Gradient_Aussentemperatur.description;100;-1;-1;1;;;-1
VBC700_AW;266;6241;24;0;@@viessmann.eventtype.name.WPR_Gradient_EVI_Sauggastemperatur_EEV1;WPR_Gradient_EVI_Sauggastemperatur_EEV1~0x02A5;NoConversion;@@viessmann.eventtype.WPR_Gradient_EVI_Sauggastemperatur_EEV1.description;100;-1;-1;1;;;-1
VBC700_AW;266;6242;24;0;@@viessmann.eventtype.name.WPR_Gradient_EVI_Sauggastemperatur_EEV2;WPR_Gradient_EVI_Sauggastemperatur_EEV2~0x02A6;NoConversion;@@viessmann.eventtype.WPR_Gradient_EVI_Sauggastemperatur_EEV2.description;100;-1;-1;1;;;-1
VBC700_AW;266;6243;24;0;@@viessmann.eventtype.name.WPR_Gradient_Fluessiggastemperatur_EEV1;WPR_Gradient_Fluessiggastemperatur_EEV1~0x02A3;NoConversion;@@viessmann.eventtype.WPR_Gradient_Fluessiggastemperatur_EEV1.description;100;-1;-1;1;;;-1
VBC700_AW;266;6244;24;0;@@viessmann.eventtype.name.WPR_Gradient_Fluessiggastemperatur_EEV2;WPR_Gradient_Fluessiggastemperatur_EEV2~0x02A4;NoConversion;@@viessmann.eventtype.WPR_Gradient_Fluessiggastemperatur_EEV2.description;100;-1;-1;1;;;-1
VBC700_AW;266;6245;24;0;@@viessmann.eventtype.name.WPR_Gradient_Heissgastemperatur_EEV1;WPR_Gradient_Heissgastemperatur_EEV1~0x02A1;NoConversion;@@viessmann.eventtype.WPR_Gradient_Heissgastemperatur_EEV1.description;100;-1;-1;1;;;-1
VBC700_AW;266;6246;24;0;@@viessmann.eventtype.name.WPR_Gradient_Heissgastemperatur_EEV2;WPR_Gradient_Heissgastemperatur_EEV2~0x02A2;NoConversion;@@viessmann.eventtype.WPR_Gradient_Heissgastemperatur_EEV2.description;100;-1;-1;1;;;-1
VBC700_AW;266;6247;24;0;@@viessmann.eventtype.name.WPR_Gradient_Heissgastemperatur1;WPR_Gradient_Heissgastemperatur1~0x0288;NoConversion;@@viessmann.eventtype.WPR_Gradient_Heissgastemperatur1.description;100;-1;-1;1;;;-1
VBC700_AW;266;6248;24;0;@@viessmann.eventtype.name.WPR_Gradient_Heissgastemperatur2;WPR_Gradient_Heissgastemperatur2~0x0289;NoConversion;@@viessmann.eventtype.WPR_Gradient_Heissgastemperatur2.description;100;-1;-1;1;;;-1
VBC700_AW;266;6249;24;0;@@viessmann.eventtype.name.WPR_Gradient_HeizwasserPufferspeichertemperatur;WPR_Gradient_HeizwasserPufferspeichertemperatur~0x028B;NoConversion;@@viessmann.eventtype.WPR_Gradient_HeizwasserPufferspeichertemperatur.description;100;-1;-1;1;;;-1
VBC700_AW;266;6250;24;0;@@viessmann.eventtype.name.WPR_Gradient_Kollektortemperatur_Solar;WPR_Gradient_Kollektortemperatur_Solar~0x0291;NoConversion;@@viessmann.eventtype.WPR_Gradient_Kollektortemperatur_Solar.description;100;-1;-1;1;;;-1
VBC700_AW;266;6251;24;0;@@viessmann.eventtype.name.WPR_Gradient_Mediumtemperatur_extWaermeerzeuger;WPR_Gradient_Mediumtemperatur_extWaermeerzeuger~0x028C;NoConversion;@@viessmann.eventtype.WPR_Gradient_Mediumtemperatur_extWaermeerzeuger.description;100;-1;-1;1;;;-1
VBC700_AW;266;6252;24;0;@@viessmann.eventtype.name.WPR_Gradient_Raumsolltemperatur_HK_A1_Vitocom100;WPR_Gradient_Raumsolltemperatur_HK_A1_Vitocom100~0x029C;NoConversion;@@viessmann.eventtype.WPR_Gradient_Raumsolltemperatur_HK_A1_Vitocom100.description;100;-1;-1;1;;;-1
VBC700_AW;266;6253;24;0;@@viessmann.eventtype.name.WPR_Gradient_Raumsolltemperatur_HK_M2_Vitocom100;WPR_Gradient_Raumsolltemperatur_HK_M2_Vitocom100~0x029D;NoConversion;@@viessmann.eventtype.WPR_Gradient_Raumsolltemperatur_HK_M2_Vitocom100.description;100;-1;-1;1;;;-1
VBC700_AW;266;6254;24;0;@@viessmann.eventtype.name.WPR_Gradient_Raumsolltemperatur_HK_M3_Vitocom100;WPR_Gradient_Raumsolltemperatur_HK_M3_Vitocom100~0x029E;NoConversion;@@viessmann.eventtype.WPR_Gradient_Raumsolltemperatur_HK_M3_Vitocom100.description;100;-1;-1;1;;;-1
VBC700_AW;266;6255;24;0;@@viessmann.eventtype.name.WPR_Gradient_Raumtemperatur_HK_A1_Vitotrol;WPR_Gradient_Raumtemperatur_HK_A1_Vitotrol~0x0296;NoConversion;@@viessmann.eventtype.WPR_Gradient_Raumtemperatur_HK_A1_Vitotrol.description;100;-1;-1;1;;;-1
VBC700_AW;266;6256;24;0;@@viessmann.eventtype.name.WPR_Gradient_Raumtemperatur_HK_M2_Vitotrol;WPR_Gradient_Raumtemperatur_HK_M2_Vitotrol~0x0297;NoConversion;@@viessmann.eventtype.WPR_Gradient_Raumtemperatur_HK_M2_Vitotrol.description;100;-1;-1;1;;;-1
VBC700_AW;266;6257;24;0;@@viessmann.eventtype.name.WPR_Gradient_Raumtemperatur_HK_M3_Vitotrol;WPR_Gradient_Raumtemperatur_HK_M3_Vitotrol~0x0298;NoConversion;@@viessmann.eventtype.WPR_Gradient_Raumtemperatur_HK_M3_Vitotrol.description;100;-1;-1;1;;;-1
VBC700_AW;266;6258;24;0;@@viessmann.eventtype.name.WPR_Gradient_Raumtemperatur_NatCooling;WPR_Gradient_Raumtemperatur_NatCooling~0x029B;NoConversion;@@viessmann.eventtype.WPR_Gradient_Raumtemperatur_NatCooling.description;100;-1;-1;1;;;-1
VBC700_AW;266;6259;24;0;@@viessmann.eventtype.name.WPR_Gradient_Ruecklauftemperatur_Prim;WPR_Gradient_Ruecklauftemperatur_Prim~0x0284;NoConversion;@@viessmann.eventtype.WPR_Gradient_Ruecklauftemperatur_Prim.description;100;-1;-1;1;;;-1
VBC700_AW;266;6260;24;0;@@viessmann.eventtype.name.WPR_Gradient_Ruecklauftemperatur_Solar;WPR_Gradient_Ruecklauftemperatur_Solar~0x0292;NoConversion;@@viessmann.eventtype.WPR_Gradient_Ruecklauftemperatur_Solar.description;100;-1;-1;1;;;-1
VBC700_AW;266;6261;24;0;@@viessmann.eventtype.name.WPR_Gradient_Ruecklauftemperatur1_Sek;WPR_Gradient_Ruecklauftemperatur1_Sek~0x0286;NoConversion;@@viessmann.eventtype.WPR_Gradient_Ruecklauftemperatur1_Sek.description;100;-1;-1;1;;;-1
VBC700_AW;266;6262;24;0;@@viessmann.eventtype.name.WPR_Gradient_Ruecklauftemperatur2_Sek;WPR_Gradient_Ruecklauftemperatur2_Sek~0x0287;NoConversion;@@viessmann.eventtype.WPR_Gradient_Ruecklauftemperatur2_Sek.description;100;-1;-1;1;;;-1
VBC700_AW;266;6263;24;0;@@viessmann.eventtype.name.WPR_Gradient_Sauggastemperatur_EEV1;WPR_Gradient_Sauggastemperatur_EEV1~0x029F;NoConversion;@@viessmann.eventtype.WPR_Gradient_Sauggastemperatur_EEV1.description;100;-1;-1;1;;;-1
VBC700_AW;266;6264;24;0;@@viessmann.eventtype.name.WPR_Gradient_Sauggastemperatur_EEV2;WPR_Gradient_Sauggastemperatur_EEV2~0x02A0;NoConversion;@@viessmann.eventtype.WPR_Gradient_Sauggastemperatur_EEV2.description;100;-1;-1;1;;;-1
VBC700_AW;266;6265;24;0;@@viessmann.eventtype.name.WPR_Gradient_Speichertemperatur_SolarmodulVitosolic;WPR_Gradient_Speichertemperatur_SolarmodulVitosolic~0x0293;NoConversion;@@viessmann.eventtype.WPR_Gradient_Speichertemperatur_SolarmodulVitosolic.description;100;-1;-1;1;;;-1
VBC700_AW;266;6266;24;0;@@viessmann.eventtype.name.WPR_Gradient_Verdampfertemperatur;WPR_Gradient_Verdampfertemperatur~0x0282;NoConversion;@@viessmann.eventtype.WPR_Gradient_Verdampfertemperatur.description;100;-1;-1;1;;;-1
VBC700_AW;266;6267;24;0;@@viessmann.eventtype.name.WPR_Gradient_Vorlauftemperatur_HK_M2;WPR_Gradient_Vorlauftemperatur_HK_M2~0x0294;NoConversion;@@viessmann.eventtype.WPR_Gradient_Vorlauftemperatur_HK_M2.description;100;-1;-1;1;;;-1
VBC700_AW;266;6268;24;0;@@viessmann.eventtype.name.WPR_Gradient_Vorlauftemperatur_HK_M3;WPR_Gradient_Vorlauftemperatur_HK_M3~0x0295;NoConversion;@@viessmann.eventtype.WPR_Gradient_Vorlauftemperatur_HK_M3.description;100;-1;-1;1;;;-1
VBC700_AW;266;6269;24;0;@@viessmann.eventtype.name.WPR_Gradient_Vorlauftemperatur_NatCoolingHKxx;WPR_Gradient_Vorlauftemperatur_NatCoolingHKxx~0x029A;NoConversion;@@viessmann.eventtype.WPR_Gradient_Vorlauftemperatur_NatCoolingHKxx.description;100;-1;-1;1;;;-1
VBC700_AW;266;6270;24;0;@@viessmann.eventtype.name.WPR_Gradient_Vorlauftemperatur_NatCoolingKreis;WPR_Gradient_Vorlauftemperatur_NatCoolingKreis~0x0299;NoConversion;@@viessmann.eventtype.WPR_Gradient_Vorlauftemperatur_NatCoolingKreis.description;100;-1;-1;1;;;-1
VBC700_AW;266;6271;24;0;@@viessmann.eventtype.name.WPR_Gradient_Vorlauftemperatur_Prim;WPR_Gradient_Vorlauftemperatur_Prim~0x0283;NoConversion;@@viessmann.eventtype.WPR_Gradient_Vorlauftemperatur_Prim.description;100;-1;-1;1;;;-1
VBC700_AW;266;6272;24;0;@@viessmann.eventtype.name.WPR_Gradient_Vorlauftemperatur_Sek;WPR_Gradient_Vorlauftemperatur_Sek~0x0285;NoConversion;@@viessmann.eventtype.WPR_Gradient_Vorlauftemperatur_Sek.description;100;-1;-1;1;;;-1
VBC700_AW;266;6273;24;0;@@viessmann.eventtype.name.WPR_Gradient_WW_TemperaturAusgang;WPR_Gradient_WW_TemperaturAusgang~0x0290;NoConversion;@@viessmann.eventtype.WPR_Gradient_WW_TemperaturAusgang.description;100;-1;-1;1;;;-1
VBC700_AW;266;6274;24;0;@@viessmann.eventtype.name.WPR_Gradient_WW_TemperaturMitte;WPR_Gradient_WW_TemperaturMitte~0x028F;NoConversion;@@viessmann.eventtype.WPR_Gradient_WW_TemperaturMitte.description;100;-1;-1;1;;;-1
VBC700_AW;266;6275;24;0;@@viessmann.eventtype.name.WPR_Gradient_WW_TemperaturOben;WPR_Gradient_WW_TemperaturOben~0x028D;NoConversion;@@viessmann.eventtype.WPR_Gradient_WW_TemperaturOben.description;100;-1;-1;1;;;-1
VBC700_AW;266;6276;24;0;@@viessmann.eventtype.name.WPR_Gradient_WW_TemperaturUnten;WPR_Gradient_WW_TemperaturUnten~0x028E;NoConversion;@@viessmann.eventtype.WPR_Gradient_WW_TemperaturUnten.description;100;-1;-1;1;;;-1
VBC700_AW;266;6277;24;-1;@@viessmann.eventtype.name.WPR_GueltBedarf_HK1;WPR_GueltBedarf_HK1~0x1200;NoConversion;@@viessmann.eventtype.WPR_GueltBedarf_HK1.description;50;-1;-1;1;;;-1
VBC700_AW;266;6278;24;-1;@@viessmann.eventtype.name.WPR_GueltBedarf_HK2;WPR_GueltBedarf_HK2~0x1201;NoConversion;@@viessmann.eventtype.WPR_GueltBedarf_HK2.description;50;-1;-1;1;;;-1
VBC700_AW;266;6279;24;-1;@@viessmann.eventtype.name.WPR_GueltBedarf_HK3;WPR_GueltBedarf_HK3~0x1202;NoConversion;@@viessmann.eventtype.WPR_GueltBedarf_HK3.description;50;-1;-1;1;;;-1
VBC700_AW;266;6280;24;-1;@@viessmann.eventtype.name.WPR_GueltBedarf_HW_Pufferspeicher;WPR_GueltBedarf_HW_Pufferspeicher~0x1204;NoConversion;@@viessmann.eventtype.WPR_GueltBedarf_HW_Pufferspeicher.description;50;-1;-1;1;;;-1
VBC700_AW;266;6281;24;-1;@@viessmann.eventtype.name.WPR_GueltBedarf_Kuehlkreis;WPR_GueltBedarf_Kuehlkreis~0x1203;NoConversion;@@viessmann.eventtype.WPR_GueltBedarf_Kuehlkreis.description;50;-1;-1;1;;;-1
VBC700_AW;266;6282;24;-1;@@viessmann.eventtype.name.WPR_GueltBedarf_resultHeizKreisanforderung;WPR_GueltBedarf_resultHeizKreisanforderung~0x1207;NoConversion;@@viessmann.eventtype.WPR_GueltBedarf_resultHeizKreisanforderung.description;50;-1;-1;1;;;-1
VBC700_AW;266;6283;24;-1;@@viessmann.eventtype.name.WPR_GueltBedarf_Schwimmbad;WPR_GueltBedarf_Schwimmbad~0x1206;NoConversion;@@viessmann.eventtype.WPR_GueltBedarf_Schwimmbad.description;50;-1;-1;1;;;-1
VBC700_AW;266;6284;24;-1;@@viessmann.eventtype.name.WPR_GueltBedarf_Warmwasser;WPR_GueltBedarf_Warmwasser~0x1205;NoConversion;@@viessmann.eventtype.WPR_GueltBedarf_Warmwasser.description;50;-1;-1;1;;;-1
VBC700_AW;266;6285;24;-1;@@viessmann.eventtype.name.WPR_GueltBedarf_ZentrAnforderung;WPR_GueltBedarf_ZentrAnforderung~0x1208;NoConversion;@@viessmann.eventtype.WPR_GueltBedarf_ZentrAnforderung.description;50;-1;-1;1;;;-1
VBC700_AW;266;6286;24;-1;@@viessmann.eventtype.name.WPR_GueltBetriebsart_HK1;WPR_GueltBetriebsart_HK1~0x1250;NoConversion;@@viessmann.eventtype.WPR_GueltBetriebsart_HK1.description;50;-1;-1;1;;;-1
VBC700_AW;266;6287;24;-1;@@viessmann.eventtype.name.WPR_GueltBetriebsart_HK2;WPR_GueltBetriebsart_HK2~0x1251;NoConversion;@@viessmann.eventtype.WPR_GueltBetriebsart_HK2.description;50;-1;-1;1;;;-1
VBC700_AW;266;6288;24;-1;@@viessmann.eventtype.name.WPR_GueltBetriebsart_HK3;WPR_GueltBetriebsart_HK3~0x1252;NoConversion;@@viessmann.eventtype.WPR_GueltBetriebsart_HK3.description;50;-1;-1;1;;;-1
VBC700_AW;266;6289;24;-1;@@viessmann.eventtype.name.WPR_GueltBetriebsart_HW_Pufferspeicher;WPR_GueltBetriebsart_HW_Pufferspeicher~0x1254;NoConversion;@@viessmann.eventtype.WPR_GueltBetriebsart_HW_Pufferspeicher.description;50;-1;-1;1;;;-1
VBC700_AW;266;6290;24;-1;@@viessmann.eventtype.name.WPR_GueltBetriebsart_Kuehlkreis;WPR_GueltBetriebsart_Kuehlkreis~0x1253;NoConversion;@@viessmann.eventtype.WPR_GueltBetriebsart_Kuehlkreis.description;50;-1;-1;1;;;-1
VBC700_AW;266;6291;24;-1;@@viessmann.eventtype.name.WPR_GueltBetriebsart_resultHeizKreisanforderung;WPR_GueltBetriebsart_resultHeizKreisanforderung~0x1257;NoConversion;@@viessmann.eventtype.WPR_GueltBetriebsart_resultHeizKreisanforderung.description;50;-1;-1;1;;;-1
VBC700_AW;266;6292;24;-1;@@viessmann.eventtype.name.WPR_GueltBetriebsart_Schwimmbad;WPR_GueltBetriebsart_Schwimmbad~0x1256;NoConversion;@@viessmann.eventtype.WPR_GueltBetriebsart_Schwimmbad.description;50;-1;-1;1;;;-1
VBC700_AW;266;6293;24;-1;@@viessmann.eventtype.name.WPR_GueltBetriebsart_Warmwasser;WPR_GueltBetriebsart_Warmwasser~0x1255;NoConversion;@@viessmann.eventtype.WPR_GueltBetriebsart_Warmwasser.description;50;-1;-1;1;;;-1
VBC700_AW;266;6294;24;-1;@@viessmann.eventtype.name.WPR_GueltBetriebsart_ZentrAnforderung;WPR_GueltBetriebsart_ZentrAnforderung~0x1258;NoConversion;@@viessmann.eventtype.WPR_GueltBetriebsart_ZentrAnforderung.description;50;-1;-1;1;;;-1
VBC700_AW;266;6295;24;-1;@@viessmann.eventtype.name.WPR_GueltBetriebsmodus_HK1;WPR_GueltBetriebsmodus_HK1~0x12A0;NoConversion;@@viessmann.eventtype.WPR_GueltBetriebsmodus_HK1.description;50;-1;-1;1;;;-1
VBC700_AW;266;6296;24;-1;@@viessmann.eventtype.name.WPR_GueltBetriebsmodus_HK2;WPR_GueltBetriebsmodus_HK2~0x12A1;NoConversion;@@viessmann.eventtype.WPR_GueltBetriebsmodus_HK2.description;50;-1;-1;1;;;-1
VBC700_AW;266;6297;24;-1;@@viessmann.eventtype.name.WPR_GueltBetriebsmodus_HK3;WPR_GueltBetriebsmodus_HK3~0x12A2;NoConversion;@@viessmann.eventtype.WPR_GueltBetriebsmodus_HK3.description;50;-1;-1;1;;;-1
VBC700_AW;266;6298;24;-1;@@viessmann.eventtype.name.WPR_GueltBetriebsmodus_HW_Pufferspeicher;WPR_GueltBetriebsmodus_HW_Pufferspeicher~0x12A4;NoConversion;@@viessmann.eventtype.WPR_GueltBetriebsmodus_HW_Pufferspeicher.description;50;-1;-1;1;;;-1
VBC700_AW;266;6299;24;-1;@@viessmann.eventtype.name.WPR_GueltBetriebsmodus_Kuehlkreis;WPR_GueltBetriebsmodus_Kuehlkreis~0x12A3;NoConversion;@@viessmann.eventtype.WPR_GueltBetriebsmodus_Kuehlkreis.description;50;-1;-1;1;;;-1
VBC700_AW;266;6300;24;-1;@@viessmann.eventtype.name.WPR_GueltBetriebsmodus_resultHeizKreisanforderung;WPR_GueltBetriebsmodus_resultHeizKreisanforderung~0x12A7;NoConversion;@@viessmann.eventtype.WPR_GueltBetriebsmodus_resultHeizKreisanforderung.description;50;-1;-1;1;;;-1
VBC700_AW;266;6301;24;-1;@@viessmann.eventtype.name.WPR_GueltBetriebsmodus_Schwimmbad;WPR_GueltBetriebsmodus_Schwimmbad~0x12A6;NoConversion;@@viessmann.eventtype.WPR_GueltBetriebsmodus_Schwimmbad.description;50;-1;-1;1;;;-1
VBC700_AW;266;6302;24;-1;@@viessmann.eventtype.name.WPR_GueltBetriebsmodus_Warmwasser;WPR_GueltBetriebsmodus_Warmwasser~0x12A5;NoConversion;@@viessmann.eventtype.WPR_GueltBetriebsmodus_Warmwasser.description;50;-1;-1;1;;;-1
VBC700_AW;266;6303;24;-1;@@viessmann.eventtype.name.WPR_GueltBetriebsmodus_ZentrAnforderung;WPR_GueltBetriebsmodus_ZentrAnforderung~0x12A8;NoConversion;@@viessmann.eventtype.WPR_GueltBetriebsmodus_ZentrAnforderung.description;50;-1;-1;1;;;-1
VBC700_AW;266;6304;24;0;@@viessmann.eventtype.name.WPR_GueltSollleistung_HK1;WPR_GueltSollleistung_HK1~0x1100;NoConversion;@@viessmann.eventtype.WPR_GueltSollleistung_HK1.description;100;-1;-1;1;;;-1
VBC700_AW;266;6305;24;0;@@viessmann.eventtype.name.WPR_GueltSollleistung_HK2;WPR_GueltSollleistung_HK2~0x1101;NoConversion;@@viessmann.eventtype.WPR_GueltSollleistung_HK2.description;100;-1;-1;1;;;-1
VBC700_AW;266;6306;24;0;@@viessmann.eventtype.name.WPR_GueltSollleistung_HK3;WPR_GueltSollleistung_HK3~0x1102;NoConversion;@@viessmann.eventtype.WPR_GueltSollleistung_HK3.description;100;-1;-1;1;;;-1
VBC700_AW;266;6307;24;0;@@viessmann.eventtype.name.WPR_GueltSollleistung_HW_Pufferspeicher;WPR_GueltSollleistung_HW_Pufferspeicher~0x1104;NoConversion;@@viessmann.eventtype.WPR_GueltSollleistung_HW_Pufferspeicher.description;100;-1;-1;1;;;-1
VBC700_AW;266;6308;24;0;@@viessmann.eventtype.name.WPR_GueltSollleistung_Kuehlkreis;WPR_GueltSollleistung_Kuehlkreis~0x1103;NoConversion;@@viessmann.eventtype.WPR_GueltSollleistung_Kuehlkreis.description;100;-1;-1;1;;;-1
VBC700_AW;266;6309;24;0;@@viessmann.eventtype.name.WPR_GueltSollleistung_resultHeizKreisanforderung;WPR_GueltSollleistung_resultHeizKreisanforderung~0x1107;NoConversion;@@viessmann.eventtype.WPR_GueltSollleistung_resultHeizKreisanforderung.description;100;-1;-1;1;;;-1
VBC700_AW;266;6310;24;0;@@viessmann.eventtype.name.WPR_GueltSollleistung_Schwimmbad;WPR_GueltSollleistung_Schwimmbad~0x1106;NoConversion;@@viessmann.eventtype.WPR_GueltSollleistung_Schwimmbad.description;100;-1;-1;1;;;-1
VBC700_AW;266;6311;24;0;@@viessmann.eventtype.name.WPR_GueltSollleistung_Warmwasser;WPR_GueltSollleistung_Warmwasser~0x1105;NoConversion;@@viessmann.eventtype.WPR_GueltSollleistung_Warmwasser.description;100;-1;-1;1;;;-1
VBC700_AW;266;6312;24;0;@@viessmann.eventtype.name.WPR_GueltSollleistung_ZentrAnforderung;WPR_GueltSollleistung_ZentrAnforderung~0x1108;NoConversion;@@viessmann.eventtype.WPR_GueltSollleistung_ZentrAnforderung.description;100;-1;-1;1;;;-1
VBC700_AW;266;6313;24;0;@@viessmann.eventtype.name.WPR_GueltSolltemp_HK1;WPR_GueltSolltemp_HK1~0x1000;Div10;@@viessmann.eventtype.WPR_GueltSolltemp_HK1.description;100;-1;-1;1;;;-1
VBC700_AW;266;6314;24;0;@@viessmann.eventtype.name.WPR_GueltSolltemp_HK2;WPR_GueltSolltemp_HK2~0x1001;Div10;@@viessmann.eventtype.WPR_GueltSolltemp_HK2.description;100;-1;-1;1;;;-1
VBC700_AW;266;6315;24;0;@@viessmann.eventtype.name.WPR_GueltSolltemp_HK3;WPR_GueltSolltemp_HK3~0x1002;Div10;@@viessmann.eventtype.WPR_GueltSolltemp_HK3.description;100;-1;-1;1;;;-1
VBC700_AW;266;6316;24;0;@@viessmann.eventtype.name.WPR_GueltSolltemp_HW_Pufferspeicher;WPR_GueltSolltemp_HW_Pufferspeicher~0x1004;Div10;@@viessmann.eventtype.WPR_GueltSolltemp_HW_Pufferspeicher.description;100;-1;-1;1;;;-1
VBC700_AW;266;6317;24;0;@@viessmann.eventtype.name.WPR_GueltSolltemp_Kuehlkreis;WPR_GueltSolltemp_Kuehlkreis~0x1003;Div10;@@viessmann.eventtype.WPR_GueltSolltemp_Kuehlkreis.description;100;-1;-1;1;;;-1
VBC700_AW;266;6318;24;0;@@viessmann.eventtype.name.WPR_GueltSolltemp_resultHeizKreisanforderung;WPR_GueltSolltemp_resultHeizKreisanforderung~0x1007;Div10;@@viessmann.eventtype.WPR_GueltSolltemp_resultHeizKreisanforderung.description;100;-1;-1;1;;;-1
VBC700_AW;266;6319;24;0;@@viessmann.eventtype.name.WPR_GueltSolltemp_Schwimmbad;WPR_GueltSolltemp_Schwimmbad~0x1006;Div10;@@viessmann.eventtype.WPR_GueltSolltemp_Schwimmbad.description;100;-1;-1;1;;;-1
VBC700_AW;266;6320;24;0;@@viessmann.eventtype.name.WPR_GueltSolltemp_Warmwasser;WPR_GueltSolltemp_Warmwasser~0x1005;Div10;@@viessmann.eventtype.WPR_GueltSolltemp_Warmwasser.description;100;-1;-1;1;;;-1
VBC700_AW;266;6321;24;0;@@viessmann.eventtype.name.WPR_GueltSolltemp_ZentrAnforderung;WPR_GueltSolltemp_ZentrAnforderung~0x1008;Div10;@@viessmann.eventtype.WPR_GueltSolltemp_ZentrAnforderung.description;100;-1;-1;1;;;-1
VBC700_AW;266;6322;24;0;@@viessmann.eventtype.name.WPR_Hardware_Index;WPR_Hardware_Index~0x00FA;NoConversion;@@viessmann.eventtype.WPR_Hardware_Index.description;100;-1;-1;1;;;-1
VBC700_AW;266;6323;24;0;@@viessmann.eventtype.name.WPR_Heissgastemperatur_EEV1;WPR_Heissgastemperatur_EEV1~0x0121;Div10;@@viessmann.eventtype.WPR_Heissgastemperatur_EEV1.description;100;-1;-1;1;;;-1
VBC700_AW;266;6324;24;0;@@viessmann.eventtype.name.WPR_Heissgastemperatur_EEV2;WPR_Heissgastemperatur_EEV2~0x0122;Div10;@@viessmann.eventtype.WPR_Heissgastemperatur_EEV2.description;100;-1;-1;1;;;-1
VBC700_AW;266;6325;24;0;@@viessmann.eventtype.name.WPR_Heissgastemperatur1;WPR_Heissgastemperatur1~0x0108;Div10;@@viessmann.eventtype.WPR_Heissgastemperatur1.description;100;-1;-1;1;;;-1
VBC700_AW;266;6326;24;0;@@viessmann.eventtype.name.WPR_Heissgastemperatur2;WPR_Heissgastemperatur2~0x0109;Div10;@@viessmann.eventtype.WPR_Heissgastemperatur2.description;100;-1;-1;1;;;-1
VBC700_AW;266;6327;24;0;@@viessmann.eventtype.name.WPR_Heizperiode_Heizkreis1;WPR_Heizperiode_Heizkreis1~0x1400;NoConversion;@@viessmann.eventtype.WPR_Heizperiode_Heizkreis1.description;100;-1;-1;1;;;-1
VBC700_AW;266;6328;24;0;@@viessmann.eventtype.name.WPR_Heizperiode_Heizkreis2;WPR_Heizperiode_Heizkreis2~0x1401;NoConversion;@@viessmann.eventtype.WPR_Heizperiode_Heizkreis2.description;100;-1;-1;1;;;-1
VBC700_AW;266;6329;24;0;@@viessmann.eventtype.name.WPR_Heizperiode_Heizkreis3;WPR_Heizperiode_Heizkreis3~0x1402;NoConversion;@@viessmann.eventtype.WPR_Heizperiode_Heizkreis3.description;100;-1;-1;1;;;-1
VBC700_AW;266;6330;24;-1;@@viessmann.eventtype.name.WPR_HeizSpeicher_Abschaltoptimierung_HS;WPR_HeizSpeicher_Abschaltoptimierung_HS~0x7205;NoConversion;@@viessmann.eventtype.WPR_HeizSpeicher_Abschaltoptimierung_HS.description;50;-1;-1;3;;0;-1
VBC700_AW;266;6331;24;-1;@@viessmann.eventtype.name.WPR_HeizSpeicher_Heizspeicher;WPR_HeizSpeicher_Heizspeicher~0x7200;NoConversion;@@viessmann.eventtype.WPR_HeizSpeicher_Heizspeicher.description;50;-1;-1;3;;0;-1
VBC700_AW;266;6332;24;0;@@viessmann.eventtype.name.WPR_HeizSpeicher_hysterese_heizspeicher;WPR_HeizSpeicher_hysterese_heizspeicher~0x7203;Div10;@@viessmann.eventtype.WPR_HeizSpeicher_hysterese_heizspeicher.description;100;-1;-1;3;;5;-1
VBC700_AW;266;6333;24;0;@@viessmann.eventtype.name.WPR_HeizSpeicher_MaxTemp_Heizspeicher;WPR_HeizSpeicher_MaxTemp_Heizspeicher~0x7204;Div10;@@viessmann.eventtype.WPR_HeizSpeicher_MaxTemp_Heizspeicher.description;100;-1;-1;3;;60;-1
VBC700_AW;266;6334;24;-1;@@viessmann.eventtype.name.WPR_HeizSpeicher_reaktion_force;WPR_HeizSpeicher_reaktion_force~0x7206;NoConversion;@@viessmann.eventtype.WPR_HeizSpeicher_reaktion_force.description;50;-1;-1;3;;2;-1
VBC700_AW;266;6335;24;0;@@viessmann.eventtype.name.WPR_HeizSpeicher_SollTemp_Heizspeicher;WPR_HeizSpeicher_SollTemp_Heizspeicher~0x7202;Div10;@@viessmann.eventtype.WPR_HeizSpeicher_SollTemp_Heizspeicher.description;100;-1;-1;3;;50;-1
VBC700_AW;266;6336;24;-1;@@viessmann.eventtype.name.WPR_HeizSpeicher_Wtimer_Puffer;WPR_HeizSpeicher_Wtimer_Puffer~0x7201;NoConversion;@@viessmann.eventtype.WPR_HeizSpeicher_Wtimer_Puffer.description;50;-1;-1;3;;2;-1
VBC700_AW;266;6337;24;0;@@viessmann.eventtype.name.WPR_Heizwaerme01;WPR_Heizwaerme01~0x1640;Div100;@@viessmann.eventtype.WPR_Heizwaerme01.description;100;-1;-1;1;;;-1
VBC700_AW;266;6338;24;0;@@viessmann.eventtype.name.WPR_Heizwaerme02;WPR_Heizwaerme02~0x1641;Div100;@@viessmann.eventtype.WPR_Heizwaerme02.description;100;-1;-1;1;;;-1
VBC700_AW;266;6339;24;0;@@viessmann.eventtype.name.WPR_Heizwaerme03;WPR_Heizwaerme03~0x1642;Div100;@@viessmann.eventtype.WPR_Heizwaerme03.description;100;-1;-1;1;;;-1
VBC700_AW;266;6340;24;0;@@viessmann.eventtype.name.WPR_Heizwaerme04;WPR_Heizwaerme04~0x1643;Div100;@@viessmann.eventtype.WPR_Heizwaerme04.description;100;-1;-1;1;;;-1
VBC700_AW;266;6341;24;0;@@viessmann.eventtype.name.WPR_Heizwaerme05;WPR_Heizwaerme05~0x1644;Div100;@@viessmann.eventtype.WPR_Heizwaerme05.description;100;-1;-1;1;;;-1
VBC700_AW;266;6342;24;0;@@viessmann.eventtype.name.WPR_Heizwaerme06;WPR_Heizwaerme06~0x1645;Div100;@@viessmann.eventtype.WPR_Heizwaerme06.description;100;-1;-1;1;;;-1
VBC700_AW;266;6343;24;0;@@viessmann.eventtype.name.WPR_Heizwaerme07;WPR_Heizwaerme07~0x1646;Div100;@@viessmann.eventtype.WPR_Heizwaerme07.description;100;-1;-1;1;;;-1
VBC700_AW;266;6344;24;0;@@viessmann.eventtype.name.WPR_Heizwaerme08;WPR_Heizwaerme08~0x1647;Div100;@@viessmann.eventtype.WPR_Heizwaerme08.description;100;-1;-1;1;;;-1
VBC700_AW;266;6345;24;0;@@viessmann.eventtype.name.WPR_Heizwaerme09;WPR_Heizwaerme09~0x1648;Div100;@@viessmann.eventtype.WPR_Heizwaerme09.description;100;-1;-1;1;;;-1
VBC700_AW;266;6346;24;0;@@viessmann.eventtype.name.WPR_Heizwaerme10;WPR_Heizwaerme10~0x1649;Div100;@@viessmann.eventtype.WPR_Heizwaerme10.description;100;-1;-1;1;;;-1
VBC700_AW;266;6347;24;0;@@viessmann.eventtype.name.WPR_Heizwaerme11;WPR_Heizwaerme11~0x164A;Div100;@@viessmann.eventtype.WPR_Heizwaerme11.description;100;-1;-1;1;;;-1
VBC700_AW;266;6348;24;0;@@viessmann.eventtype.name.WPR_Heizwaerme12;WPR_Heizwaerme12~0x164B;Div100;@@viessmann.eventtype.WPR_Heizwaerme12.description;100;-1;-1;1;;;-1
VBC700_AW;266;6349;24;0;@@viessmann.eventtype.name.WPR_HeizwasserPufferspeicher_Temperatur;WPR_HeizwasserPufferspeicher_Temperatur~0x010B;Div10;@@viessmann.eventtype.WPR_HeizwasserPufferspeicher_Temperatur.description;100;-1;-1;1;;;-1
VBC700_AW;266;6350;24;-1;@@viessmann.eventtype.name.WPR_HK1_Betriebsart_Heizkreis;WPR_HK1_Betriebsart_Heizkreis~0x2004;NoConversion;@@viessmann.eventtype.WPR_HK1_Betriebsart_Heizkreis.description;50;-1;-1;3;;6;-1
VBC700_AW;266;6351;24;-1;@@viessmann.eventtype.name.WPR_HK1_Einschaltoptimierung;WPR_HK1_Einschaltoptimierung~0x200C;NoConversion;@@viessmann.eventtype.WPR_HK1_Einschaltoptimierung.description;50;-1;-1;3;;0;-1
VBC700_AW;266;6352;24;-1;@@viessmann.eventtype.name.WPR_HK1_Fernbedienung;WPR_HK1_Fernbedienung~0x2003;NoConversion;@@viessmann.eventtype.WPR_HK1_Fernbedienung.description;50;-1;-1;3;;0;-1
VBC700_AW;266;6353;24;-1;@@viessmann.eventtype.name.WPR_HK1_heizkreis_reaktion_force;WPR_HK1_heizkreis_reaktion_force~0x2011;NoConversion;@@viessmann.eventtype.WPR_HK1_heizkreis_reaktion_force.description;50;-1;-1;3;;2;-1
VBC700_AW;266;6354;24;0;@@viessmann.eventtype.name.WPR_HK1_Integralanteil_raumregler;WPR_HK1_Integralanteil_raumregler~0x2009;NoConversion;@@viessmann.eventtype.WPR_HK1_Integralanteil_raumregler.description;100;-1;-1;3;;10;-1
VBC700_AW;266;6355;24;0;@@viessmann.eventtype.name.WPR_HK1_Laufzeit_HKMischer;WPR_HK1_Laufzeit_HKMischer~0x2015;NoConversion;@@viessmann.eventtype.WPR_HK1_Laufzeit_HKMischer.description;100;-1;-1;3;;125;-1
VBC700_AW;266;6356;24;0;@@viessmann.eventtype.name.WPR_HK1_Laufzeit_NCMischer;WPR_HK1_Laufzeit_NCMischer~0x2021;NoConversion;@@viessmann.eventtype.WPR_HK1_Laufzeit_NCMischer.description;100;-1;-1;3;;125;-1
VBC700_AW;266;6357;24;0;@@viessmann.eventtype.name.WPR_HK1_max_Ueberhoehung_TRaum;WPR_HK1_max_Ueberhoehung_TRaum~0x2012;Div10;@@viessmann.eventtype.WPR_HK1_max_Ueberhoehung_TRaum.description;100;-1;-1;3;;5;-1
VBC700_AW;266;6358;24;0;@@viessmann.eventtype.name.WPR_HK1_max_Vorlaufkorrekturen;WPR_HK1_max_Vorlaufkorrekturen~0x200D;Div10;@@viessmann.eventtype.WPR_HK1_max_Vorlaufkorrekturen.description;100;-1;-1;3;;10;-1
VBC700_AW;266;6359;24;0;@@viessmann.eventtype.name.WPR_HK1_max_Vorlauftemperatur_HK;WPR_HK1_max_Vorlauftemperatur_HK~0x200E;Div10;@@viessmann.eventtype.WPR_HK1_max_Vorlauftemperatur_HK.description;100;-1;-1;3;;40;-1
VBC700_AW;266;6360;24;0;@@viessmann.eventtype.name.WPR_HK1_min_Vorlauftemperatur_HK;WPR_HK1_min_Vorlauftemperatur_HK~0x200F;Div10;@@viessmann.eventtype.WPR_HK1_min_Vorlauftemperatur_HK.description;100;-1;-1;3;;10;-1
VBC700_AW;266;6363;24;0;@@viessmann.eventtype.name.WPR_HK1_Neigung_Heizkennlinie;WPR_HK1_Neigung_Heizkennlinie~0x2007;Div10;@@viessmann.eventtype.WPR_HK1_Neigung_Heizkennlinie.description;100;-1;-1;3;;0,6;-1
VBC700_AW;266;6364;24;0;@@viessmann.eventtype.name.WPR_HK1_Neigung_Kuehlkennlinie;WPR_HK1_Neigung_Kuehlkennlinie~0x201D;NoConversion;@@viessmann.eventtype.WPR_HK1_Neigung_Kuehlkennlinie.description;100;-1;-1;3;;12;-1
VBC700_AW;266;6365;24;0;@@viessmann.eventtype.name.WPR_HK1_Neigung_Raumaufschaltung;WPR_HK1_Neigung_Raumaufschaltung~0x200A;Div10;@@viessmann.eventtype.WPR_HK1_Neigung_Raumaufschaltung.description;100;-1;-1;3;;1;-1
VBC700_AW;266;6366;24;0;@@viessmann.eventtype.name.WPR_HK1_Niveau_Heizkennlinie;WPR_HK1_Niveau_Heizkennlinie~0x2006;Div10;@@viessmann.eventtype.WPR_HK1_Niveau_Heizkennlinie.description;100;-1;-1;3;;0;-1
VBC700_AW;266;6367;24;0;@@viessmann.eventtype.name.WPR_HK1_Niveau_HKMischer;WPR_HK1_Niveau_HKMischer~0x2014;Div10;@@viessmann.eventtype.WPR_HK1_Niveau_HKMischer.description;100;-1;-1;3;;2;-1
VBC700_AW;266;6369;24;0;@@viessmann.eventtype.name.WPR_HK1_Normaltemperatur;WPR_HK1_Normaltemperatur~0x2000;Div10;@@viessmann.eventtype.WPR_HK1_Normaltemperatur.description;100;-1;-1;3;;20;-1
VBC700_AW;266;6370;24;-1;@@viessmann.eventtype.name.WPR_HK1_Raumregelung;WPR_HK1_Raumregelung~0x2005;NoConversion;@@viessmann.eventtype.WPR_HK1_Raumregelung.description;50;-1;-1;3;;0;-1
VBC700_AW;266;6371;24;-1;@@viessmann.eventtype.name.WPR_HK1_Raumtemperaturaufschaltung;WPR_HK1_Raumtemperaturaufschaltung~0x200B;NoConversion;@@viessmann.eventtype.WPR_HK1_Raumtemperaturaufschaltung.description;50;-1;-1;3;;3;-1
VBC700_AW;266;6372;24;-1;@@viessmann.eventtype.name.WPR_HK1_Raumtemperatursensor;WPR_HK1_Raumtemperatursensor~0x2008;NoConversion;@@viessmann.eventtype.WPR_HK1_Raumtemperatursensor.description;50;-1;-1;3;;0;-1
VBC700_AW;266;6373;24;0;@@viessmann.eventtype.name.WPR_HK1_Redtemperatur;WPR_HK1_Redtemperatur~0x2001;Div10;@@viessmann.eventtype.WPR_HK1_Redtemperatur.description;100;-1;-1;3;;14;-1
VBC700_AW;266;6374;24;0;@@viessmann.eventtype.name.WPR_HK1_Tastband_HKMischer;WPR_HK1_Tastband_HKMischer~0x2018;Div10;@@viessmann.eventtype.WPR_HK1_Tastband_HKMischer.description;100;-1;-1;3;;4;-1
VBC700_AW;266;6375;24;0;@@viessmann.eventtype.name.WPR_HK1_Tastband_NCMischer;WPR_HK1_Tastband_NCMischer~0x201F;NoConversion;@@viessmann.eventtype.WPR_HK1_Tastband_NCMischer.description;100;-1;-1;3;;40;-1
VBC700_AW;266;6376;24;0;@@viessmann.eventtype.name.WPR_HK1_Totband_HKMischer;WPR_HK1_Totband_HKMischer~0x2019;Div10;@@viessmann.eventtype.WPR_HK1_Totband_HKMischer.description;100;-1;-1;3;;1;-1
VBC700_AW;266;6377;24;0;@@viessmann.eventtype.name.WPR_HK1_Totband_NCMischer;WPR_HK1_Totband_NCMischer~0x2020;NoConversion;@@viessmann.eventtype.WPR_HK1_Totband_NCMischer.description;100;-1;-1;3;;10;-1
VBC700_AW;266;6378;24;-1;@@viessmann.eventtype.name.WPR_HK1_WTimer_HK;WPR_HK1_WTimer_HK~0x2002;NoConversion;@@viessmann.eventtype.WPR_HK1_WTimer_HK.description;50;-1;-1;3;;2;-1
VBC700_AW;266;6379;24;-1;@@viessmann.eventtype.name.WPR_HK1_WWbeiParty;WPR_HK1_WWbeiParty~0x2010;NoConversion;@@viessmann.eventtype.WPR_HK1_WWbeiParty.description;50;-1;-1;3;;1;-1
VBC700_AW;266;6380;24;-1;@@viessmann.eventtype.name.WPR_HK2_Betriebsart_Heizkreis;WPR_HK2_Betriebsart_Heizkreis~0x3004;NoConversion;@@viessmann.eventtype.WPR_HK2_Betriebsart_Heizkreis.description;50;-1;-1;3;;6;-1
VBC700_AW;266;6381;24;-1;@@viessmann.eventtype.name.WPR_HK2_Einschaltoptimierung;WPR_HK2_Einschaltoptimierung~0x300C;NoConversion;@@viessmann.eventtype.WPR_HK2_Einschaltoptimierung.description;50;-1;-1;3;;0;-1
VBC700_AW;266;6382;24;-1;@@viessmann.eventtype.name.WPR_HK2_Fernbedienung;WPR_HK2_Fernbedienung~0x3003;NoConversion;@@viessmann.eventtype.WPR_HK2_Fernbedienung.description;50;-1;-1;3;;0;-1
VBC700_AW;266;6383;24;-1;@@viessmann.eventtype.name.WPR_HK2_heizkreis_reaktion_force;WPR_HK2_heizkreis_reaktion_force~0x3011;NoConversion;@@viessmann.eventtype.WPR_HK2_heizkreis_reaktion_force.description;50;-1;-1;3;;2;-1
VBC700_AW;266;6384;24;0;@@viessmann.eventtype.name.WPR_HK2_Integralanteil_raumregler;WPR_HK2_Integralanteil_raumregler~0x3009;Div10;@@viessmann.eventtype.WPR_HK2_Integralanteil_raumregler.description;100;-1;-1;3;;10;-1
VBC700_AW;266;6385;24;0;@@viessmann.eventtype.name.WPR_HK2_Laufzeit_HKMischer;WPR_HK2_Laufzeit_HKMischer~0x3015;NoConversion;@@viessmann.eventtype.WPR_HK2_Laufzeit_HKMischer.description;100;-1;-1;3;;125;-1
VBC700_AW;266;6386;24;0;@@viessmann.eventtype.name.WPR_HK2_Laufzeit_NCMischer;WPR_HK2_Laufzeit_NCMischer~0x3021;NoConversion;@@viessmann.eventtype.WPR_HK2_Laufzeit_NCMischer.description;100;-1;-1;3;;125;-1
VBC700_AW;266;6417;24;0;@@viessmann.eventtype.name.WPR_HK3_max_Ueberhoehung_TRaum;WPR_HK3_max_Ueberhoehung_TRaum~0x4012;Div10;@@viessmann.eventtype.WPR_HK3_max_Ueberhoehung_TRaum.description;100;-1;-1;3;;5;-1
VBC700_AW;266;6418;24;0;@@viessmann.eventtype.name.WPR_HK3_max_Vorlaufkorrekturen;WPR_HK3_max_Vorlaufkorrekturen~0x400D;Div10;@@viessmann.eventtype.WPR_HK3_max_Vorlaufkorrekturen.description;100;-1;-1;3;;100;-1
VBC700_AW;266;6419;24;0;@@viessmann.eventtype.name.WPR_HK3_max_Vorlauftemperatur_HK;WPR_HK3_max_Vorlauftemperatur_HK~0x400E;Div10;@@viessmann.eventtype.WPR_HK3_max_Vorlauftemperatur_HK.description;100;-1;-1;3;;40;-1
VBC700_AW;266;6420;24;0;@@viessmann.eventtype.name.WPR_HK3_min_Vorlauftemperatur_HK;WPR_HK3_min_Vorlauftemperatur_HK~0x400F;Div10;@@viessmann.eventtype.WPR_HK3_min_Vorlauftemperatur_HK.description;100;-1;-1;3;;10;-1
VBC700_AW;266;6423;24;0;@@viessmann.eventtype.name.WPR_HK3_Neigung_Heizkennlinie;WPR_HK3_Neigung_Heizkennlinie~0x4007;Div10;@@viessmann.eventtype.WPR_HK3_Neigung_Heizkennlinie.description;100;-1;-1;3;;0,6;-1
VBC700_AW;266;6425;24;0;@@viessmann.eventtype.name.WPR_HK3_Neigung_Raumaufschaltung;WPR_HK3_Neigung_Raumaufschaltung~0x400A;Div10;@@viessmann.eventtype.WPR_HK3_Neigung_Raumaufschaltung.description;100;-1;-1;3;;1;-1
VBC700_AW;266;6426;24;0;@@viessmann.eventtype.name.WPR_HK3_Niveau_Heizkennlinie;WPR_HK3_Niveau_Heizkennlinie~0x4006;Div10;@@viessmann.eventtype.WPR_HK3_Niveau_Heizkennlinie.description;100;-1;-1;3;;0;-1
VBC700_AW;266;6427;24;0;@@viessmann.eventtype.name.WPR_HK3_Niveau_HKMischer;WPR_HK3_Niveau_HKMischer~0x4014;Div10;@@viessmann.eventtype.WPR_HK3_Niveau_HKMischer.description;100;-1;-1;3;;2;-1
VBC700_AW;266;6429;24;0;@@viessmann.eventtype.name.WPR_HK3_Normaltemperatur;WPR_HK3_Normaltemperatur~0x4000;Div10;@@viessmann.eventtype.WPR_HK3_Normaltemperatur.description;100;-1;-1;3;;20;-1
VBC700_AW;266;6430;24;-1;@@viessmann.eventtype.name.WPR_HK3_Raumregelung;WPR_HK3_Raumregelung~0x4005;NoConversion;@@viessmann.eventtype.WPR_HK3_Raumregelung.description;50;-1;-1;3;;0;-1
VBC700_AW;266;6431;24;-1;@@viessmann.eventtype.name.WPR_HK3_Raumtemperaturaufschaltung;WPR_HK3_Raumtemperaturaufschaltung~0x400B;NoConversion;@@viessmann.eventtype.WPR_HK3_Raumtemperaturaufschaltung.description;50;-1;-1;3;;3;-1
VBC700_AW;266;6432;24;-1;@@viessmann.eventtype.name.WPR_HK3_Raumtemperatursensor;WPR_HK3_Raumtemperatursensor~0x4008;NoConversion;@@viessmann.eventtype.WPR_HK3_Raumtemperatursensor.description;50;-1;-1;3;;0;-1
VBC700_AW;266;6433;24;0;@@viessmann.eventtype.name.WPR_HK3_Redtemperatur;WPR_HK3_Redtemperatur~0x4001;Div10;@@viessmann.eventtype.WPR_HK3_Redtemperatur.description;100;-1;-1;3;;14;-1
VBC700_AW;266;6434;24;0;@@viessmann.eventtype.name.WPR_HK3_Tastband_HKMischer;WPR_HK3_Tastband_HKMischer~0x4018;Div10;@@viessmann.eventtype.WPR_HK3_Tastband_HKMischer.description;100;-1;-1;3;;4;-1
VBC700_AW;266;6435;24;0;@@viessmann.eventtype.name.WPR_HK3_Tastband_NCMischer;WPR_HK3_Tastband_NCMischer~0x401F;NoConversion;@@viessmann.eventtype.WPR_HK3_Tastband_NCMischer.description;100;-1;-1;3;;40;-1
VBC700_AW;266;6436;24;0;@@viessmann.eventtype.name.WPR_HK3_Totband_HKMischer;WPR_HK3_Totband_HKMischer~0x4019;Div10;@@viessmann.eventtype.WPR_HK3_Totband_HKMischer.description;100;-1;-1;3;;1;-1
VBC700_AW;266;6437;24;0;@@viessmann.eventtype.name.WPR_HK3_Totband_NCMischer;WPR_HK3_Totband_NCMischer~0x4020;NoConversion;@@viessmann.eventtype.WPR_HK3_Totband_NCMischer.description;100;-1;-1;3;;10;-1
VBC700_AW;266;6438;24;-1;@@viessmann.eventtype.name.WPR_HK3_WTimer_HK;WPR_HK3_WTimer_HK~0x4002;NoConversion;@@viessmann.eventtype.WPR_HK3_WTimer_HK.description;50;-1;-1;3;;2;-1
VBC700_AW;266;6439;24;-1;@@viessmann.eventtype.name.WPR_HK3_WWbeiParty;WPR_HK3_WWbeiParty~0x4010;NoConversion;@@viessmann.eventtype.WPR_HK3_WWbeiParty.description;50;-1;-1;3;;1;-1
VBC700_AW;266;6441;24;-1;@@viessmann.eventtype.name.WPR_Hydraulik_Estrichprogramm;WPR_Hydraulik_Estrichprogramm~0x7303;NoConversion;@@viessmann.eventtype.WPR_Hydraulik_Estrichprogramm.description;50;-1;-1;3;;0;-1
VBC700_AW;266;6442;24;0;@@viessmann.eventtype.name.WPR_Hydraulik_hysterese_vorlauf;WPR_Hydraulik_hysterese_vorlauf~0x7304;Div10;@@viessmann.eventtype.WPR_Hydraulik_hysterese_vorlauf.description;100;-1;-1;3;;2;-1
VBC700_AW;266;6443;24;0;@@viessmann.eventtype.name.WPR_Hydraulik_integralanteil_ventil;WPR_Hydraulik_integralanteil_ventil~0x7305;NoConversion;@@viessmann.eventtype.WPR_Hydraulik_integralanteil_ventil.description;100;-1;-1;3;;30;-1
VBC700_AW;266;6444;24;0;@@viessmann.eventtype.name.WPR_Hydraulik_max_schrittzahl_3W_Ventil;WPR_Hydraulik_max_schrittzahl_3W_Ventil~0x7307;NoConversion;@@viessmann.eventtype.WPR_Hydraulik_max_schrittzahl_3W_Ventil.description;100;-1;-1;3;;320;-1
VBC700_AW;266;6445;24;0;@@viessmann.eventtype.name.WPR_Hydraulik_nachlauf_hydraulikkreis;WPR_Hydraulik_nachlauf_hydraulikkreis~0x730B;NoConversion;@@viessmann.eventtype.WPR_Hydraulik_nachlauf_hydraulikkreis.description;100;-1;-1;3;;120;-1
VBC700_AW;266;6446;24;0;@@viessmann.eventtype.name.WPR_Hydraulik_nachlauf_verdichter;WPR_Hydraulik_nachlauf_verdichter~0x7309;NoConversion;@@viessmann.eventtype.WPR_Hydraulik_nachlauf_verdichter.description;100;-1;-1;3;;120;-1
VBC700_AW;266;6447;24;0;@@viessmann.eventtype.name.WPR_Hydraulik_proportional_ventil;WPR_Hydraulik_proportional_ventil~0x7306;NoConversion;@@viessmann.eventtype.WPR_Hydraulik_proportional_ventil.description;100;-1;-1;3;;30;-1
VBC700_AW;266;6448;24;0;@@viessmann.eventtype.name.WPR_Hydraulik_VorlaufTempSoll_ExtAnf;WPR_Hydraulik_VorlaufTempSoll_ExtAnf~0x730C;Div10;@@viessmann.eventtype.WPR_Hydraulik_VorlaufTempSoll_ExtAnf.description;100;-1;-1;3;;50;-1
VBC700_AW;266;6449;24;-1;@@viessmann.eventtype.name.WPR_Hydraulik_Waermepumpe_fuer_Bautrocknung;WPR_Hydraulik_Waermepumpe_fuer_Bautrocknung~0x7300;NoConversion;@@viessmann.eventtype.WPR_Hydraulik_Waermepumpe_fuer_Bautrocknung.description;50;-1;-1;3;;0;-1
VBC700_AW;266;6451;24;0;@@viessmann.eventtype.name.WPR_Hydraulikmanager_HKPumpe1;WPR_Hydraulikmanager_HKPumpe1~0x1500;NoConversion;@@viessmann.eventtype.WPR_Hydraulikmanager_HKPumpe1.description;100;-1;-1;1;;;-1
VBC700_AW;266;6452;24;0;@@viessmann.eventtype.name.WPR_Hydraulikmanager_HKPumpe2;WPR_Hydraulikmanager_HKPumpe2~0x1501;NoConversion;@@viessmann.eventtype.WPR_Hydraulikmanager_HKPumpe2.description;100;-1;-1;1;;;-1
VBC700_AW;266;6453;24;0;@@viessmann.eventtype.name.WPR_Hydraulikmanager_HKPumpe3;WPR_Hydraulikmanager_HKPumpe3~0x1502;NoConversion;@@viessmann.eventtype.WPR_Hydraulikmanager_HKPumpe3.description;100;-1;-1;1;;;-1
VBC700_AW;266;6454;24;0;@@viessmann.eventtype.name.WPR_Hydraulikmanager_PrimPumpe_WP1;WPR_Hydraulikmanager_PrimPumpe_WP1~0x1503;NoConversion;@@viessmann.eventtype.WPR_Hydraulikmanager_PrimPumpe_WP1.description;100;-1;-1;1;;;-1
VBC700_AW;266;6455;24;0;@@viessmann.eventtype.name.WPR_Hydraulikmanager_PrimPumpe_WP2;WPR_Hydraulikmanager_PrimPumpe_WP2~0x1504;NoConversion;@@viessmann.eventtype.WPR_Hydraulikmanager_PrimPumpe_WP2.description;100;-1;-1;1;;;-1
VBC700_AW;266;6456;24;0;@@viessmann.eventtype.name.WPR_Hydraulikmanager_SekPumpe_WP1;WPR_Hydraulikmanager_SekPumpe_WP1~0x1505;NoConversion;@@viessmann.eventtype.WPR_Hydraulikmanager_SekPumpe_WP1.description;100;-1;-1;1;;;-1
VBC700_AW;266;6457;24;0;@@viessmann.eventtype.name.WPR_Hydraulikmanager_SekPumpe_WP2;WPR_Hydraulikmanager_SekPumpe_WP2~0x1506;NoConversion;@@viessmann.eventtype.WPR_Hydraulikmanager_SekPumpe_WP2.description;100;-1;-1;1;;;-1
VBC700_AW;266;6458;24;0;@@viessmann.eventtype.name.WPR_Hydraulikmanager_Solarpumpe;WPR_Hydraulikmanager_Solarpumpe~0x1509;NoConversion;@@viessmann.eventtype.WPR_Hydraulikmanager_Solarpumpe.description;100;-1;-1;1;;;-1
VBC700_AW;266;6459;24;0;@@viessmann.eventtype.name.WPR_Hydraulikmanager_WW_Ladepumpe;WPR_Hydraulikmanager_WW_Ladepumpe~0x1508;NoConversion;@@viessmann.eventtype.WPR_Hydraulikmanager_WW_Ladepumpe.description;100;-1;-1;1;;;-1
VBC700_AW;266;6460;24;0;@@viessmann.eventtype.name.WPR_Hydraulikmanager_ZK_Pumpe;WPR_Hydraulikmanager_ZK_Pumpe~0x1507;NoConversion;@@viessmann.eventtype.WPR_Hydraulikmanager_ZK_Pumpe.description;100;-1;-1;1;;;-1
VBC700_AW;266;6461;24;0;@@viessmann.eventtype.name.WPR_Kollektortemperatur_Solar;WPR_Kollektortemperatur_Solar~0x0111;Div10;@@viessmann.eventtype.WPR_Kollektortemperatur_Solar.description;100;-1;-1;1;;;-1
VBC700_AW;266;6462;24;0;@@viessmann.eventtype.name.WPR_Konfig_Regelung;WPR_Konfig_Regelung~0x5018;NoConversion;@@viessmann.eventtype.WPR_Konfig_Regelung.description;100;-1;-1;3;;57;-1
VBC700_AW;266;6463;24;0;@@viessmann.eventtype.name.WPR_Korrekturwert_Anlagenvorlauftemperatur;WPR_Korrekturwert_Anlagenvorlauftemperatur~0x020A;Div10;@@viessmann.eventtype.WPR_Korrekturwert_Anlagenvorlauftemperatur.description;100;-1;-1;1;;;-1
VBC700_AW;266;6464;24;0;@@viessmann.eventtype.name.WPR_Korrekturwert_Aussentemperatur;WPR_Korrekturwert_Aussentemperatur~0x0201;Div10;@@viessmann.eventtype.WPR_Korrekturwert_Aussentemperatur.description;100;-1;-1;1;;;-1
VBC700_AW;266;6465;24;0;@@viessmann.eventtype.name.WPR_Korrekturwert_EVI_Sauggastemperatur_EEV1;WPR_Korrekturwert_EVI_Sauggastemperatur_EEV1~0x0225;Div10;@@viessmann.eventtype.WPR_Korrekturwert_EVI_Sauggastemperatur_EEV1.description;100;-1;-1;1;;;-1
VBC700_AW;266;6466;24;0;@@viessmann.eventtype.name.WPR_Korrekturwert_EVI_Sauggastemperatur_EEV2;WPR_Korrekturwert_EVI_Sauggastemperatur_EEV2~0x0226;Div10;@@viessmann.eventtype.WPR_Korrekturwert_EVI_Sauggastemperatur_EEV2.description;100;-1;-1;1;;;-1
VBC700_AW;266;6467;24;0;@@viessmann.eventtype.name.WPR_Korrekturwert_Fluessiggastemperatur_EEV1;WPR_Korrekturwert_Fluessiggastemperatur_EEV1~0x0223;Div10;@@viessmann.eventtype.WPR_Korrekturwert_Fluessiggastemperatur_EEV1.description;100;-1;-1;1;;;-1
VBC700_AW;266;6468;24;0;@@viessmann.eventtype.name.WPR_Korrekturwert_Fluessiggastemperatur_EEV2;WPR_Korrekturwert_Fluessiggastemperatur_EEV2~0x0224;Div10;@@viessmann.eventtype.WPR_Korrekturwert_Fluessiggastemperatur_EEV2.description;100;-1;-1;1;;;-1
VBC700_AW;266;6469;24;0;@@viessmann.eventtype.name.WPR_Korrekturwert_Heissgastemperatur_EEV1;WPR_Korrekturwert_Heissgastemperatur_EEV1~0x0221;Div10;@@viessmann.eventtype.WPR_Korrekturwert_Heissgastemperatur_EEV1.description;100;-1;-1;1;;;-1
VBC700_AW;266;6470;24;0;@@viessmann.eventtype.name.WPR_Korrekturwert_Heissgastemperatur_EEV2;WPR_Korrekturwert_Heissgastemperatur_EEV2~0x0222;Div10;@@viessmann.eventtype.WPR_Korrekturwert_Heissgastemperatur_EEV2.description;100;-1;-1;1;;;-1
VBC700_AW;266;6471;24;0;@@viessmann.eventtype.name.WPR_Korrekturwert_Heissgastemperatur1;WPR_Korrekturwert_Heissgastemperatur1~0x0208;Div10;@@viessmann.eventtype.WPR_Korrekturwert_Heissgastemperatur1.description;100;-1;-1;1;;;-1
VBC700_AW;266;6472;24;0;@@viessmann.eventtype.name.WPR_Korrekturwert_Heissgastemperatur2;WPR_Korrekturwert_Heissgastemperatur2~0x0209;Div10;@@viessmann.eventtype.WPR_Korrekturwert_Heissgastemperatur2.description;100;-1;-1;1;;;-1
VBC700_AW;266;6473;24;0;@@viessmann.eventtype.name.WPR_Korrekturwert_HeizwasserPufferspeichertemperatur;WPR_Korrekturwert_HeizwasserPufferspeichertemperatur~0x020B;Div10;@@viessmann.eventtype.WPR_Korrekturwert_HeizwasserPufferspeichertemperatur.description;100;-1;-1;1;;;-1
VBC700_AW;266;6474;24;0;@@viessmann.eventtype.name.WPR_Korrekturwert_Kollektortemperatur_Solar;WPR_Korrekturwert_Kollektortemperatur_Solar~0x0211;Div10;@@viessmann.eventtype.WPR_Korrekturwert_Kollektortemperatur_Solar.description;100;-1;-1;1;;;-1
VBC700_AW;266;6475;24;0;@@viessmann.eventtype.name.WPR_Korrekturwert_Mediumtemperatur_extWaermeerzeuger;WPR_Korrekturwert_Mediumtemperatur_extWaermeerzeuger~0x020C;Div10;@@viessmann.eventtype.WPR_Korrekturwert_Mediumtemperatur_extWaermeerzeuger.description;100;-1;-1;1;;;-1
VBC700_AW;266;6476;24;0;@@viessmann.eventtype.name.WPR_Korrekturwert_Raumsolltemperatur_HK_A1_Vitocom100;WPR_Korrekturwert_Raumsolltemperatur_HK_A1_Vitocom100~0x021C;Div10;@@viessmann.eventtype.WPR_Korrekturwert_Raumsolltemperatur_HK_A1_Vitocom100.description;100;-1;-1;1;;;-1
VBC700_AW;266;6477;24;0;@@viessmann.eventtype.name.WPR_Korrekturwert_Raumsolltemperatur_HK_M2_Vitocom100;WPR_Korrekturwert_Raumsolltemperatur_HK_M2_Vitocom100~0x021D;Div10;@@viessmann.eventtype.WPR_Korrekturwert_Raumsolltemperatur_HK_M2_Vitocom100.description;100;-1;-1;1;;;-1
VBC700_AW;266;6478;24;0;@@viessmann.eventtype.name.WPR_Korrekturwert_Raumsolltemperatur_HK_M3_Vitocom100;WPR_Korrekturwert_Raumsolltemperatur_HK_M3_Vitocom100~0x021E;Div10;@@viessmann.eventtype.WPR_Korrekturwert_Raumsolltemperatur_HK_M3_Vitocom100.description;100;-1;-1;1;;;-1
VBC700_AW;266;6479;24;0;@@viessmann.eventtype.name.WPR_Korrekturwert_Raumtemperatur_HK_A1_Vitotrol;WPR_Korrekturwert_Raumtemperatur_HK_A1_Vitotrol~0x0216;Div10;@@viessmann.eventtype.WPR_Korrekturwert_Raumtemperatur_HK_A1_Vitotrol.description;100;-1;-1;1;;;-1
VBC700_AW;266;6480;24;0;@@viessmann.eventtype.name.WPR_Korrekturwert_Raumtemperatur_HK_M2_Vitotrol;WPR_Korrekturwert_Raumtemperatur_HK_M2_Vitotrol~0x0217;Div10;@@viessmann.eventtype.WPR_Korrekturwert_Raumtemperatur_HK_M2_Vitotrol.description;100;-1;-1;1;;;-1
VBC700_AW;266;6481;24;0;@@viessmann.eventtype.name.WPR_Korrekturwert_Raumtemperatur_HK_M3_Vitotrol;WPR_Korrekturwert_Raumtemperatur_HK_M3_Vitotrol~0x0218;Div10;@@viessmann.eventtype.WPR_Korrekturwert_Raumtemperatur_HK_M3_Vitotrol.description;100;-1;-1;1;;;-1
VBC700_AW;266;6482;24;0;@@viessmann.eventtype.name.WPR_Korrekturwert_Raumtemperatur_NatCooling;WPR_Korrekturwert_Raumtemperatur_NatCooling~0x021B;Div10;@@viessmann.eventtype.WPR_Korrekturwert_Raumtemperatur_NatCooling.description;100;-1;-1;1;;;-1
VBC700_AW;266;6483;24;0;@@viessmann.eventtype.name.WPR_Korrekturwert_Ruecklauftemp_Prim;WPR_Korrekturwert_Ruecklauftemp_Prim~0x0204;Div10;@@viessmann.eventtype.WPR_Korrekturwert_Ruecklauftemp_Prim.description;100;-1;-1;1;;;-1
VBC700_AW;266;6484;24;0;@@viessmann.eventtype.name.WPR_Korrekturwert_Ruecklauftemperatur_Sek1;WPR_Korrekturwert_Ruecklauftemperatur_Sek1~0x0206;Div10;@@viessmann.eventtype.WPR_Korrekturwert_Ruecklauftemperatur_Sek1.description;100;-1;-1;1;;;-1
VBC700_AW;266;6485;24;0;@@viessmann.eventtype.name.WPR_Korrekturwert_Ruecklauftemperatur_Sek2;WPR_Korrekturwert_Ruecklauftemperatur_Sek2~0x0207;Div10;@@viessmann.eventtype.WPR_Korrekturwert_Ruecklauftemperatur_Sek2.description;100;-1;-1;1;;;-1
VBC700_AW;266;6486;24;0;@@viessmann.eventtype.name.WPR_Korrekturwert_Sauggastemperatur_EEV1;WPR_Korrekturwert_Sauggastemperatur_EEV1~0x021F;Div10;@@viessmann.eventtype.WPR_Korrekturwert_Sauggastemperatur_EEV1.description;100;-1;-1;1;;;-1
VBC700_AW;266;6487;24;0;@@viessmann.eventtype.name.WPR_Korrekturwert_Sauggastemperatur_EEV2;WPR_Korrekturwert_Sauggastemperatur_EEV2~0x0220;Div10;@@viessmann.eventtype.WPR_Korrekturwert_Sauggastemperatur_EEV2.description;100;-1;-1;1;;;-1
VBC700_AW;266;6488;24;0;@@viessmann.eventtype.name.WPR_Korrekturwert_Speichertemperatur_SolarmodulVitosolic;WPR_Korrekturwert_Speichertemperatur_SolarmodulVitosolic~0x0213;Div10;@@viessmann.eventtype.WPR_Korrekturwert_Speichertemperatur_SolarmodulVitosolic.description;100;-1;-1;1;;;-1
VBC700_AW;266;6489;24;0;@@viessmann.eventtype.name.WPR_Korrekturwert_Verdampfertemperatur;WPR_Korrekturwert_Verdampfertemperatur~0x0202;Div10;@@viessmann.eventtype.WPR_Korrekturwert_Verdampfertemperatur.description;100;-1;-1;1;;;-1
VBC700_AW;266;6490;24;0;@@viessmann.eventtype.name.WPR_Korrekturwert_Vorlauftemperatur_HK_M2;WPR_Korrekturwert_Vorlauftemperatur_HK_M2~0x0214;Div10;@@viessmann.eventtype.WPR_Korrekturwert_Vorlauftemperatur_HK_M2.description;100;-1;-1;1;;;-1
VBC700_AW;266;6491;24;0;@@viessmann.eventtype.name.WPR_Korrekturwert_Vorlauftemperatur_HK_M3;WPR_Korrekturwert_Vorlauftemperatur_HK_M3~0x0215;Div10;@@viessmann.eventtype.WPR_Korrekturwert_Vorlauftemperatur_HK_M3.description;100;-1;-1;1;;;-1
VBC700_AW;266;6492;24;0;@@viessmann.eventtype.name.WPR_Korrekturwert_Vorlauftemperatur_NatCoolingHKxx;WPR_Korrekturwert_Vorlauftemperatur_NatCoolingHKxx~0x021A;Div10;@@viessmann.eventtype.WPR_Korrekturwert_Vorlauftemperatur_NatCoolingHKxx.description;100;-1;-1;1;;;-1
VBC700_AW;266;6493;24;0;@@viessmann.eventtype.name.WPR_Korrekturwert_Vorlauftemperatur_NatCoolingKreis;WPR_Korrekturwert_Vorlauftemperatur_NatCoolingKreis~0x0219;Div10;@@viessmann.eventtype.WPR_Korrekturwert_Vorlauftemperatur_NatCoolingKreis.description;100;-1;-1;1;;;-1
VBC700_AW;266;6494;24;0;@@viessmann.eventtype.name.WPR_Korrekturwert_Vorlauftemperatur_Prim;WPR_Korrekturwert_Vorlauftemperatur_Prim~0x0203;Div10;@@viessmann.eventtype.WPR_Korrekturwert_Vorlauftemperatur_Prim.description;100;-1;-1;1;;;-1
VBC700_AW;266;6495;24;0;@@viessmann.eventtype.name.WPR_Korrekturwert_Vorlauftemperatur_Sek;WPR_Korrekturwert_Vorlauftemperatur_Sek~0x0205;Div10;@@viessmann.eventtype.WPR_Korrekturwert_Vorlauftemperatur_Sek.description;100;-1;-1;1;;;-1
VBC700_AW;266;6496;24;0;@@viessmann.eventtype.name.WPR_Korrekturwert_WW_TemperaturAusgang;WPR_Korrekturwert_WW_TemperaturAusgang~0x0210;Div10;@@viessmann.eventtype.WPR_Korrekturwert_WW_TemperaturAusgang.description;100;-1;-1;1;;;-1
VBC700_AW;266;6497;24;0;@@viessmann.eventtype.name.WPR_Korrekturwert_WW_TemperaturMitte;WPR_Korrekturwert_WW_TemperaturMitte~0x020F;Div10;@@viessmann.eventtype.WPR_Korrekturwert_WW_TemperaturMitte.description;100;-1;-1;1;;;-1
VBC700_AW;266;6498;24;0;@@viessmann.eventtype.name.WPR_Korrekturwert_WW_TemperaturOben;WPR_Korrekturwert_WW_TemperaturOben~0x020D;Div10;@@viessmann.eventtype.WPR_Korrekturwert_WW_TemperaturOben.description;100;-1;-1;1;;;-1
VBC700_AW;266;6499;24;0;@@viessmann.eventtype.name.WPR_Korrekturwert_WW_TemperaturUnten;WPR_Korrekturwert_WW_TemperaturUnten~0x020E;Div10;@@viessmann.eventtype.WPR_Korrekturwert_WW_TemperaturUnten.description;100;-1;-1;1;;;-1
VBC700_AW;266;6500;24;0;@@viessmann.eventtype.name.WPR_Kuehlperiode_Heizkreis1;WPR_Kuehlperiode_Heizkreis1~0x1403;NoConversion;@@viessmann.eventtype.WPR_Kuehlperiode_Heizkreis1.description;100;-1;-1;1;;;-1
VBC700_AW;266;6501;24;0;@@viessmann.eventtype.name.WPR_Kuehlperiode_Heizkreis2;WPR_Kuehlperiode_Heizkreis2~0x1404;NoConversion;@@viessmann.eventtype.WPR_Kuehlperiode_Heizkreis2.description;100;-1;-1;1;;;-1
VBC700_AW;266;6502;24;0;@@viessmann.eventtype.name.WPR_Kuehlperiode_Heizkreis3;WPR_Kuehlperiode_Heizkreis3~0x1405;NoConversion;@@viessmann.eventtype.WPR_Kuehlperiode_Heizkreis3.description;100;-1;-1;1;;;-1
VBC700_AW;266;6503;24;0;@@viessmann.eventtype.name.WPR_LON_Anzahl_ext_WP;WPR_LON_Anzahl_ext_WP~0x5735;NoConversion;@@viessmann.eventtype.WPR_LON_Anzahl_ext_WP.description;100;-1;-1;3;;0;-1
VBC700_AW;266;6504;24;0;@@viessmann.eventtype.name.WPR_LON_Feldbus_WP_Nr;WPR_LON_Feldbus_WP_Nr~0x5707;NoConversion;@@viessmann.eventtype.WPR_LON_Feldbus_WP_Nr.description;100;-1;-1;3;;1;-1
VBC700_AW;266;6505;24;0;@@viessmann.eventtype.name.WPR_LONObjekte_AnlagenNr;WPR_LONObjekte_AnlagenNr~0x7798;NoConversion;@@viessmann.eventtype.WPR_LONObjekte_AnlagenNr.description;100;-1;-1;3;;1;-1
VBC700_AW;266;6506;24;-1;@@viessmann.eventtype.name.WPR_LONObjekte_AussenTemp;WPR_LONObjekte_AussenTemp~0x7797;NoConversion;@@viessmann.eventtype.WPR_LONObjekte_AussenTemp.description;50;-1;-1;3;;0;-1
VBC700_AW;266;6507;24;-1;@@viessmann.eventtype.name.WPR_LONObjekte_Fehlermanager;WPR_LONObjekte_Fehlermanager~0x7779;NoConversion;@@viessmann.eventtype.WPR_LONObjekte_Fehlermanager.description;50;-1;-1;3;;0;-1
VBC700_AW;266;6508;24;0;@@viessmann.eventtype.name.WPR_LONObjekte_Feldbus_RecieveHeartbeat;WPR_LONObjekte_Feldbus_RecieveHeartbeat~0x779C;NoConversion;@@viessmann.eventtype.WPR_LONObjekte_Feldbus_RecieveHeartbeat.description;100;-1;-1;3;;20;-1
VBC700_AW;266;6509;24;0;@@viessmann.eventtype.name.WPR_LONObjekte_Feldbus_TeilnehmerNr;WPR_LONObjekte_Feldbus_TeilnehmerNr~0x7777;NoConversion;@@viessmann.eventtype.WPR_LONObjekte_Feldbus_TeilnehmerNr.description;100;-1;-1;3;;1;-1
VBC700_AW;266;6510;24;-1;@@viessmann.eventtype.name.WPR_LONObjekte_Feldbus_Uhrzeit;WPR_LONObjekte_Feldbus_Uhrzeit~0x77FF;NoConversion;@@viessmann.eventtype.WPR_LONObjekte_Feldbus_Uhrzeit.description;50;-1;-1;3;;0;-1
VBC700_AW;266;6511;24;-1;@@viessmann.eventtype.name.WPR_LONObjekte_Kommodul_LON_vorh;WPR_LONObjekte_Kommodul_LON_vorh~0x7710;NoConversion;@@viessmann.eventtype.WPR_LONObjekte_Kommodul_LON_vorh.description;50;-1;-1;3;;0;-1
VBC700_AW;266;6512;24;0;@@viessmann.eventtype.name.WPR_Mediumtemperatur_extWaermeerzeuger;WPR_Mediumtemperatur_extWaermeerzeuger~0x010C;Div10;@@viessmann.eventtype.WPR_Mediumtemperatur_extWaermeerzeuger.description;100;-1;-1;1;;;-1
VBC700_AW;266;6513;24;0;@@viessmann.eventtype.name.WPR_Mischer_EEV1_ECV_Umschaltventil_IstPos;WPR_Mischer_EEV1_ECV_Umschaltventil_IstPos~0x0606;Div2;@@viessmann.eventtype.WPR_Mischer_EEV1_ECV_Umschaltventil_IstPos.description;100;-1;-1;1;;;-1
VBC700_AW;266;6514;24;0;@@viessmann.eventtype.name.WPR_Mischer_EEV1_ECV_Umschaltventil_SollPos;WPR_Mischer_EEV1_ECV_Umschaltventil_SollPos~0x0606;Div2;@@viessmann.eventtype.WPR_Mischer_EEV1_ECV_Umschaltventil_SollPos.description;100;-1;-1;1;;;-1
VBC700_AW;266;6515;24;0;@@viessmann.eventtype.name.WPR_Mischer_EEV1_ECV_Umschaltventil_SollTemp;WPR_Mischer_EEV1_ECV_Umschaltventil_SollTemp~0x0606;Div10;@@viessmann.eventtype.WPR_Mischer_EEV1_ECV_Umschaltventil_SollTemp.description;100;-1;-1;1;;;-1
VBC700_AW;266;6516;24;-1;@@viessmann.eventtype.name.WPR_Mischer_EEV1_ECV_Umschaltventil_Status;WPR_Mischer_EEV1_ECV_Umschaltventil_Status~0x0606;NoConversion;@@viessmann.eventtype.WPR_Mischer_EEV1_ECV_Umschaltventil_Status.description;50;-1;-1;1;;;-1
VBC700_AW;266;6517;24;0;@@viessmann.eventtype.name.WPR_Mischer_EEV2_ECV_Umschaltventil_IstPos;WPR_Mischer_EEV2_ECV_Umschaltventil_IstPos~0x0607;Div2;@@viessmann.eventtype.WPR_Mischer_EEV2_ECV_Umschaltventil_IstPos.description;100;-1;-1;1;;;-1
VBC700_AW;266;6518;24;0;@@viessmann.eventtype.name.WPR_Mischer_EEV2_ECV_Umschaltventil_SollPos;WPR_Mischer_EEV2_ECV_Umschaltventil_SollPos~0x0607;Div2;@@viessmann.eventtype.WPR_Mischer_EEV2_ECV_Umschaltventil_SollPos.description;100;-1;-1;1;;;-1
VBC700_AW;266;6519;24;0;@@viessmann.eventtype.name.WPR_Mischer_EEV2_ECV_Umschaltventil_SollTemp;WPR_Mischer_EEV2_ECV_Umschaltventil_SollTemp~0x0607;Div10;@@viessmann.eventtype.WPR_Mischer_EEV2_ECV_Umschaltventil_SollTemp.description;100;-1;-1;1;;;-1
VBC700_AW;266;6520;24;-1;@@viessmann.eventtype.name.WPR_Mischer_EEV2_ECV_Umschaltventil_Status;WPR_Mischer_EEV2_ECV_Umschaltventil_Status~0x0607;NoConversion;@@viessmann.eventtype.WPR_Mischer_EEV2_ECV_Umschaltventil_Status.description;50;-1;-1;1;;;-1
VBC700_AW;266;6521;24;0;@@viessmann.eventtype.name.WPR_Mischer_ext_Waermerzeuger_IstPos;WPR_Mischer_ext_Waermerzeuger_IstPos~0x0603;Div2;@@viessmann.eventtype.WPR_Mischer_ext_Waermerzeuger_IstPos.description;100;-1;-1;1;;;-1
VBC700_AW;266;6522;24;0;@@viessmann.eventtype.name.WPR_Mischer_ext_Waermerzeuger_SollPos;WPR_Mischer_ext_Waermerzeuger_SollPos~0x0603;Div2;@@viessmann.eventtype.WPR_Mischer_ext_Waermerzeuger_SollPos.description;100;-1;-1;1;;;-1
VBC700_AW;266;6523;24;0;@@viessmann.eventtype.name.WPR_Mischer_ext_Waermerzeuger_SollTemp;WPR_Mischer_ext_Waermerzeuger_SollTemp~0x0603;Div10;@@viessmann.eventtype.WPR_Mischer_ext_Waermerzeuger_SollTemp.description;100;-1;-1;1;;;-1
VBC700_AW;266;6524;24;-1;@@viessmann.eventtype.name.WPR_Mischer_ext_Waermerzeuger_Status;WPR_Mischer_ext_Waermerzeuger_Status~0x0603;NoConversion;@@viessmann.eventtype.WPR_Mischer_ext_Waermerzeuger_Status.description;50;-1;-1;1;;;-1
VBC700_AW;266;6525;24;0;@@viessmann.eventtype.name.WPR_Mischer_HK_M2_IstPos;WPR_Mischer_HK_M2_IstPos~0x0600;Div2;@@viessmann.eventtype.WPR_Mischer_HK_M2_IstPos.description;100;-1;-1;1;;;-1
VBC700_AW;266;6526;24;0;@@viessmann.eventtype.name.WPR_Mischer_HK_M2_SollPos;WPR_Mischer_HK_M2_SollPos~0x0600;Div2;@@viessmann.eventtype.WPR_Mischer_HK_M2_SollPos.description;100;-1;-1;1;;;-1
VBC700_AW;266;6528;24;0;@@viessmann.eventtype.name.WPR_Mischer_HK_M2_TempBefehl;WPR_Mischer_HK_M2_TempBefehl~0x0600;Div10;@@viessmann.eventtype.WPR_Mischer_HK_M2_TempBefehl.description;100;-1;-1;1;;;-1
VBC700_AW;266;6529;24;0;@@viessmann.eventtype.name.WPR_Mischer_HK_M3_IstPos;WPR_Mischer_HK_M3_IstPos~0x0601;Div2;@@viessmann.eventtype.WPR_Mischer_HK_M3_IstPos.description;100;-1;-1;1;;;-1
VBC700_AW;266;6530;24;0;@@viessmann.eventtype.name.WPR_Mischer_HK_M3_SollPos;WPR_Mischer_HK_M3_SollPos~0x0601;Div2;@@viessmann.eventtype.WPR_Mischer_HK_M3_SollPos.description;100;-1;-1;1;;;-1
VBC700_AW;266;6531;24;0;@@viessmann.eventtype.name.WPR_Mischer_HK_M3_SollTemp;WPR_Mischer_HK_M3_SollTemp~0x0601;Div10;@@viessmann.eventtype.WPR_Mischer_HK_M3_SollTemp.description;100;-1;-1;1;;;-1
VBC700_AW;266;6533;24;0;@@viessmann.eventtype.name.WPR_Mischer_Kuehlkreis_NatCooling_IstPos;WPR_Mischer_Kuehlkreis_NatCooling_IstPos~0x0602;Div2;@@viessmann.eventtype.WPR_Mischer_Kuehlkreis_NatCooling_IstPos.description;100;-1;-1;1;;;-1
VBC700_AW;266;6534;24;0;@@viessmann.eventtype.name.WPR_Mischer_Kuehlkreis_NatCooling_SollPos;WPR_Mischer_Kuehlkreis_NatCooling_SollPos~0x0602;Div2;@@viessmann.eventtype.WPR_Mischer_Kuehlkreis_NatCooling_SollPos.description;100;-1;-1;1;;;-1
VBC700_AW;266;6538;24;0;@@viessmann.eventtype.name.WPR_Mischer_sep_NatCooling_Kreis_SollPos;WPR_Mischer_sep_NatCooling_Kreis_SollPos~0x0604;Div2;@@viessmann.eventtype.WPR_Mischer_sep_NatCooling_Kreis_SollPos.description;100;-1;-1;1;;;-1
VBC700_AW;266;6540;24;-1;@@viessmann.eventtype.name.WPR_Mischer_sep_NatCooling_Kreis_Status;WPR_Mischer_sep_NatCooling_Kreis_Status~0x0604;NoConversion;@@viessmann.eventtype.WPR_Mischer_sep_NatCooling_Kreis_Status.description;50;-1;-1;1;;;-1
VBC700_AW;266;6541;24;0;@@viessmann.eventtype.name.WPR_Mischer_Umschaltventil_HeizenWW1_IstPos;WPR_Mischer_Umschaltventil_HeizenWW1_IstPos~0x0605;Div2;@@viessmann.eventtype.WPR_Mischer_Umschaltventil_HeizenWW1_IstPos.description;100;-1;-1;1;;;-1
VBC700_AW;266;6542;24;0;@@viessmann.eventtype.name.WPR_Mischer_Umschaltventil_HeizenWW1_SollPos;WPR_Mischer_Umschaltventil_HeizenWW1_SollPos~0x0605;Div2;@@viessmann.eventtype.WPR_Mischer_Umschaltventil_HeizenWW1_SollPos.description;100;-1;-1;1;;;-1
VBC700_AW;266;6543;24;0;@@viessmann.eventtype.name.WPR_Mischer_Umschaltventil_HeizenWW1_SollTemp;WPR_Mischer_Umschaltventil_HeizenWW1_SollTemp~0x0605;Div10;@@viessmann.eventtype.WPR_Mischer_Umschaltventil_HeizenWW1_SollTemp.description;100;-1;-1;1;;;-1
VBC700_AW;266;6544;24;-1;@@viessmann.eventtype.name.WPR_Mischer_Umschaltventil_HeizenWW1_Status;WPR_Mischer_Umschaltventil_HeizenWW1_Status~0x0605;NoConversion;@@viessmann.eventtype.WPR_Mischer_Umschaltventil_HeizenWW1_Status.description;50;-1;-1;1;;;-1
VBC700_AW;266;6545;24;0;@@viessmann.eventtype.name.WPR_MischerBetrieb_extWaermeerzeuger;WPR_MischerBetrieb_extWaermeerzeuger~0x190F;NoConversion;@@viessmann.eventtype.WPR_MischerBetrieb_extWaermeerzeuger.description;100;-1;-1;1;;;-1
VBC700_AW;266;6546;24;0;@@viessmann.eventtype.name.WPR_MischerBetrieb_Heizkreis2;WPR_MischerBetrieb_Heizkreis2~0x190D;NoConversion;@@viessmann.eventtype.WPR_MischerBetrieb_Heizkreis2.description;100;-1;-1;1;;;-1
VBC700_AW;266;6547;24;0;@@viessmann.eventtype.name.WPR_MischerBetrieb_Heizkreis3;WPR_MischerBetrieb_Heizkreis3~0x190E;NoConversion;@@viessmann.eventtype.WPR_MischerBetrieb_Heizkreis3.description;100;-1;-1;1;;;-1
VBC700_AW;266;6548;24;0;@@viessmann.eventtype.name.WPR_MischerBetrieb_NatCoooling_Mischer_Heizkreise;WPR_MischerBetrieb_NatCoooling_Mischer_Heizkreise~0x190B;NoConversion;@@viessmann.eventtype.WPR_MischerBetrieb_NatCoooling_Mischer_Heizkreise.description;100;-1;-1;1;;;-1
VBC700_AW;266;6549;24;0;@@viessmann.eventtype.name.WPR_MischerBetrieb_sep_NatCooling_Mischer;WPR_MischerBetrieb_sep_NatCooling_Mischer~0x190C;NoConversion;@@viessmann.eventtype.WPR_MischerBetrieb_sep_NatCooling_Mischer.description;100;-1;-1;1;;;-1
VBC700_AW;266;6550;24;-1;@@viessmann.eventtype.name.WPR_Produktmerkmal_ActiveCooling_moeglich;WPR_Produktmerkmal_ActiveCooling_moeglich~0x0918;NoConversion;@@viessmann.eventtype.WPR_Produktmerkmal_ActiveCooling_moeglich.description;50;-1;-1;1;;;-1
VBC700_AW;266;6551;24;-1;@@viessmann.eventtype.name.WPR_Produktmerkmal_Anschluss_Vitosolic_moeglich;WPR_Produktmerkmal_Anschluss_Vitosolic_moeglich~0x0915;NoConversion;@@viessmann.eventtype.WPR_Produktmerkmal_Anschluss_Vitosolic_moeglich.description;50;-1;-1;1;;;-1
VBC700_AW;266;6552;24;-1;@@viessmann.eventtype.name.WPR_Produktmerkmal_eHeizung_moeglich;WPR_Produktmerkmal_eHeizung_moeglich~0x0904;NoConversion;@@viessmann.eventtype.WPR_Produktmerkmal_eHeizung_moeglich.description;50;-1;-1;1;;;-1
VBC700_AW;266;6553;24;-1;@@viessmann.eventtype.name.WPR_Produktmerkmal_ElektrExpansionsventil1_vorhanden;WPR_Produktmerkmal_ElektrExpansionsventil1_vorhanden~0x091C;NoConversion;@@viessmann.eventtype.WPR_Produktmerkmal_ElektrExpansionsventil1_vorhanden.description;50;-1;-1;1;;;-1
VBC700_AW;266;6554;24;-1;@@viessmann.eventtype.name.WPR_Produktmerkmal_ElektrExpansionsventil2_vorhanden;WPR_Produktmerkmal_ElektrExpansionsventil2_vorhanden~0x091D;NoConversion;@@viessmann.eventtype.WPR_Produktmerkmal_ElektrExpansionsventil2_vorhanden.description;50;-1;-1;1;;;-1
VBC700_AW;266;6555;24;-1;@@viessmann.eventtype.name.WPR_Produktmerkmal_Ext_Waermeerzeuger_moeglich;WPR_Produktmerkmal_Ext_Waermeerzeuger_moeglich~0x0906;NoConversion;@@viessmann.eventtype.WPR_Produktmerkmal_Ext_Waermeerzeuger_moeglich.description;50;-1;-1;1;;;-1
VBC700_AW;266;6556;24;-1;@@viessmann.eventtype.name.WPR_Produktmerkmal_Fremdansteuerung_moeglich;WPR_Produktmerkmal_Fremdansteuerung_moeglich~0x0908;NoConversion;@@viessmann.eventtype.WPR_Produktmerkmal_Fremdansteuerung_moeglich.description;50;-1;-1;1;;;-1
VBC700_AW;266;6557;24;-1;@@viessmann.eventtype.name.WPR_Produktmerkmal_Heissgassensor_vorhanden;WPR_Produktmerkmal_Heissgassensor_vorhanden~0x0909;NoConversion;@@viessmann.eventtype.WPR_Produktmerkmal_Heissgassensor_vorhanden.description;50;-1;-1;1;;;-1
VBC700_AW;266;6558;24;-1;@@viessmann.eventtype.name.WPR_Produktmerkmal_HeizenWW_ueberSolar_vorhanden;WPR_Produktmerkmal_HeizenWW_ueberSolar_vorhanden~0x0912;NoConversion;@@viessmann.eventtype.WPR_Produktmerkmal_HeizenWW_ueberSolar_vorhanden.description;50;-1;-1;1;;;-1
VBC700_AW;266;6559;24;-1;@@viessmann.eventtype.name.WPR_Produktmerkmal_Heizkreis1_moeglich;WPR_Produktmerkmal_Heizkreis1_moeglich~0x091F;NoConversion;@@viessmann.eventtype.WPR_Produktmerkmal_Heizkreis1_moeglich.description;50;-1;-1;1;;;-1
VBC700_AW;266;6560;24;-1;@@viessmann.eventtype.name.WPR_Produktmerkmal_Heizkreis2_moeglich;WPR_Produktmerkmal_Heizkreis2_moeglich~0x0920;NoConversion;@@viessmann.eventtype.WPR_Produktmerkmal_Heizkreis2_moeglich.description;50;-1;-1;1;;;-1
VBC700_AW;266;6561;24;-1;@@viessmann.eventtype.name.WPR_Produktmerkmal_Heizkreis3_moeglich;WPR_Produktmerkmal_Heizkreis3_moeglich~0x0921;NoConversion;@@viessmann.eventtype.WPR_Produktmerkmal_Heizkreis3_moeglich.description;50;-1;-1;1;;;-1
VBC700_AW;266;6562;24;-1;@@viessmann.eventtype.name.WPR_Produktmerkmal_Heizspeicher_moeglich;WPR_Produktmerkmal_Heizspeicher_moeglich~0x0910;NoConversion;@@viessmann.eventtype.WPR_Produktmerkmal_Heizspeicher_moeglich.description;50;-1;-1;1;;;-1
VBC700_AW;266;6563;24;-1;@@viessmann.eventtype.name.WPR_Produktmerkmal_Kaskade_moeglich;WPR_Produktmerkmal_Kaskade_moeglich~0x0907;NoConversion;@@viessmann.eventtype.WPR_Produktmerkmal_Kaskade_moeglich.description;50;-1;-1;1;;;-1
VBC700_AW;266;6564;24;-1;@@viessmann.eventtype.name.WPR_Produktmerkmal_KommunikModul_moeglich;WPR_Produktmerkmal_KommunikModul_moeglich~0x0919;NoConversion;@@viessmann.eventtype.WPR_Produktmerkmal_KommunikModul_moeglich.description;50;-1;-1;1;;;-1
VBC700_AW;266;6565;24;-1;@@viessmann.eventtype.name.WPR_Produktmerkmal_LeistungsregVerdichter_moeglich;WPR_Produktmerkmal_LeistungsregVerdichter_moeglich~0x090D;NoConversion;@@viessmann.eventtype.WPR_Produktmerkmal_LeistungsregVerdichter_moeglich.description;50;-1;-1;1;;;-1
VBC700_AW;266;6566;24;-1;@@viessmann.eventtype.name.WPR_Produktmerkmal_LeiterplatteMB760_moeglich;WPR_Produktmerkmal_LeiterplatteMB760_moeglich~0x090E;NoConversion;@@viessmann.eventtype.WPR_Produktmerkmal_LeiterplatteMB760_moeglich.description;50;-1;-1;1;;;-1
VBC700_AW;266;6567;24;-1;@@viessmann.eventtype.name.WPR_Produktmerkmal_LeiterplatteMB770_moeglich;WPR_Produktmerkmal_LeiterplatteMB770_moeglich~0x090F;NoConversion;@@viessmann.eventtype.WPR_Produktmerkmal_LeiterplatteMB770_moeglich.description;50;-1;-1;1;;;-1
VBC700_AW;266;6568;24;-1;@@viessmann.eventtype.name.WPR_Produktmerkmal_LONFktErweitert_vorhanden;WPR_Produktmerkmal_LONFktErweitert_vorhanden~0x091A;NoConversion;@@viessmann.eventtype.WPR_Produktmerkmal_LONFktErweitert_vorhanden.description;50;-1;-1;1;;;-1
VBC700_AW;266;6569;24;-1;@@viessmann.eventtype.name.WPR_Produktmerkmal_LuftLuftWP;WPR_Produktmerkmal_LuftLuftWP~0x0902;NoConversion;@@viessmann.eventtype.WPR_Produktmerkmal_LuftLuftWP.description;50;-1;-1;1;;;-1
VBC700_AW;266;6570;24;-1;@@viessmann.eventtype.name.WPR_Produktmerkmal_LuftWasserWP;WPR_Produktmerkmal_LuftWasserWP~0x0901;NoConversion;@@viessmann.eventtype.WPR_Produktmerkmal_LuftWasserWP.description;50;-1;-1;1;;;-1
VBC700_AW;266;6571;24;-1;@@viessmann.eventtype.name.WPR_Produktmerkmal_NaturalCooling_moeglich;WPR_Produktmerkmal_NaturalCooling_moeglich~0x0916;NoConversion;@@viessmann.eventtype.WPR_Produktmerkmal_NaturalCooling_moeglich.description;50;-1;-1;1;;;-1
VBC700_AW;266;6572;24;-1;@@viessmann.eventtype.name.WPR_Produktmerkmal_OelSumpfheizung_vorhanden;WPR_Produktmerkmal_OelSumpfheizung_vorhanden~0x090A;NoConversion;@@viessmann.eventtype.WPR_Produktmerkmal_OelSumpfheizung_vorhanden.description;50;-1;-1;1;;;-1
VBC700_AW;266;6573;24;-1;@@viessmann.eventtype.name.WPR_Produktmerkmal_ReversBetrieb_moeglich;WPR_Produktmerkmal_ReversBetrieb_moeglich~0x090C;NoConversion;@@viessmann.eventtype.WPR_Produktmerkmal_ReversBetrieb_moeglich.description;50;-1;-1;1;;;-1
VBC700_AW;266;6574;24;-1;@@viessmann.eventtype.name.WPR_Produktmerkmal_Schwimmbad_moeglich;WPR_Produktmerkmal_Schwimmbad_moeglich~0x091B;NoConversion;@@viessmann.eventtype.WPR_Produktmerkmal_Schwimmbad_moeglich.description;50;-1;-1;1;;;-1
VBC700_AW;266;6575;24;-1;@@viessmann.eventtype.name.WPR_Produktmerkmal_SepNatCoolingKreis_moeglich;WPR_Produktmerkmal_SepNatCoolingKreis_moeglich~0x0917;NoConversion;@@viessmann.eventtype.WPR_Produktmerkmal_SepNatCoolingKreis_moeglich.description;50;-1;-1;1;;;-1
VBC700_AW;266;6576;24;-1;@@viessmann.eventtype.name.WPR_Produktmerkmal_Solarsteuerung_int_moeglich;WPR_Produktmerkmal_Solarsteuerung_int_moeglich~0x0914;NoConversion;@@viessmann.eventtype.WPR_Produktmerkmal_Solarsteuerung_int_moeglich.description;50;-1;-1;1;;;-1
VBC700_AW;266;6577;24;-1;@@viessmann.eventtype.name.WPR_Produktmerkmal_SoleWasserWP;WPR_Produktmerkmal_SoleWasserWP~0x0900;NoConversion;@@viessmann.eventtype.WPR_Produktmerkmal_SoleWasserWP.description;50;-1;-1;1;;;-1
VBC700_AW;266;6578;24;-1;@@viessmann.eventtype.name.WPR_Produktmerkmal_TempSens_Prim_Ausg;WPR_Produktmerkmal_TempSens_Prim_Ausg~0x090B;NoConversion;@@viessmann.eventtype.WPR_Produktmerkmal_TempSens_Prim_Ausg.description;50;-1;-1;1;;;-1
VBC700_AW;266;6579;24;-1;@@viessmann.eventtype.name.WPR_Produktmerkmal_Verdampfersensor_vorhanden;WPR_Produktmerkmal_Verdampfersensor_vorhanden~0x091E;NoConversion;@@viessmann.eventtype.WPR_Produktmerkmal_Verdampfersensor_vorhanden.description;50;-1;-1;1;;;-1
VBC700_AW;266;6580;24;-1;@@viessmann.eventtype.name.WPR_Produktmerkmal_WP_Zweistufig;WPR_Produktmerkmal_WP_Zweistufig~0x0903;NoConversion;@@viessmann.eventtype.WPR_Produktmerkmal_WP_Zweistufig.description;50;-1;-1;1;;;-1
VBC700_AW;266;6581;24;-1;@@viessmann.eventtype.name.WPR_Produktmerkmal_WW_eHeizung_moeglich;WPR_Produktmerkmal_WW_eHeizung_moeglich~0x0905;NoConversion;@@viessmann.eventtype.WPR_Produktmerkmal_WW_eHeizung_moeglich.description;50;-1;-1;1;;;-1
VBC700_AW;266;6582;24;-1;@@viessmann.eventtype.name.WPR_Produktmerkmal_WW_Zirkulationspumpe_moeglich;WPR_Produktmerkmal_WW_Zirkulationspumpe_moeglich~0x0913;NoConversion;@@viessmann.eventtype.WPR_Produktmerkmal_WW_Zirkulationspumpe_moeglich.description;50;-1;-1;1;;;-1
VBC700_AW;266;6583;24;-1;@@viessmann.eventtype.name.WPR_Produktmerkmal_WWSpeicher_moeglich;WPR_Produktmerkmal_WWSpeicher_moeglich~0x0911;NoConversion;@@viessmann.eventtype.WPR_Produktmerkmal_WWSpeicher_moeglich.description;50;-1;-1;1;;;-1
VBC700_AW;266;6584;24;0;@@viessmann.eventtype.name.WPR_Protokollversion_LDAP;WPR_Protokollversion_LDAP~0x00FC;NoConversion;@@viessmann.eventtype.WPR_Protokollversion_LDAP.description;100;-1;-1;1;;;-1
VBC700_AW;266;6585;24;0;@@viessmann.eventtype.name.WPR_Protokollversion_RDAP;WPR_Protokollversion_RDAP~0x00FD;NoConversion;@@viessmann.eventtype.WPR_Protokollversion_RDAP.description;100;-1;-1;1;;;-1
VBC700_AW;266;6586;24;0;@@viessmann.eventtype.name.WPR_Raumsolltemperatur_HK_A1_Vitocom100;WPR_Raumsolltemperatur_HK_A1_Vitocom100~0x011C;Div10;@@viessmann.eventtype.WPR_Raumsolltemperatur_HK_A1_Vitocom100.description;100;-1;-1;1;;;-1
VBC700_AW;266;6587;24;0;@@viessmann.eventtype.name.WPR_Raumsolltemperatur_HK_M2_Vitocom100;WPR_Raumsolltemperatur_HK_M2_Vitocom100~0x011D;Div10;@@viessmann.eventtype.WPR_Raumsolltemperatur_HK_M2_Vitocom100.description;100;-1;-1;1;;;-1
VBC700_AW;266;6588;24;0;@@viessmann.eventtype.name.WPR_Raumsolltemperatur_HK_M3_Vitocom100;WPR_Raumsolltemperatur_HK_M3_Vitocom100~0x011E;Div10;@@viessmann.eventtype.WPR_Raumsolltemperatur_HK_M3_Vitocom100.description;100;-1;-1;1;;;-1
VBC700_AW;266;6589;24;0;@@viessmann.eventtype.name.WPR_Raumtemperatur_HK_A1_Vitotrol;WPR_Raumtemperatur_HK_A1_Vitotrol~0x0116;Div10;@@viessmann.eventtype.WPR_Raumtemperatur_HK_A1_Vitotrol.description;100;-1;-1;1;;;-1
VBC700_AW;266;6590;24;0;@@viessmann.eventtype.name.WPR_Raumtemperatur_HK_M2_Vitotrol;WPR_Raumtemperatur_HK_M2_Vitotrol~0x0117;Div10;@@viessmann.eventtype.WPR_Raumtemperatur_HK_M2_Vitotrol.description;100;-1;-1;1;;;-1
VBC700_AW;266;6591;24;0;@@viessmann.eventtype.name.WPR_Raumtemperatur_HK_M3_Vitotrol;WPR_Raumtemperatur_HK_M3_Vitotrol~0x0118;Div10;@@viessmann.eventtype.WPR_Raumtemperatur_HK_M3_Vitotrol.description;100;-1;-1;1;;;-1
VBC700_AW;266;6592;24;0;@@viessmann.eventtype.name.WPR_Raumtemperatur_NatCooling;WPR_Raumtemperatur_NatCooling~0x011B;Div10;@@viessmann.eventtype.WPR_Raumtemperatur_NatCooling.description;100;-1;-1;1;;;-1
VBC700_AW;266;6593;24;0;@@viessmann.eventtype.name.WPR_RelaisLaufzeiten_3W_VentilHeizen_WW1;WPR_RelaisLaufzeiten_3W_VentilHeizen_WW1~0x0594;Sec2Hour;@@viessmann.eventtype.WPR_RelaisLaufzeiten_3W_VentilHeizen_WW1.description;100;-1;-1;1;;;-1
VBC700_AW;266;6594;24;0;@@viessmann.eventtype.name.WPR_RelaisLaufzeiten_3W_VentilHeizen_WW2;WPR_RelaisLaufzeiten_3W_VentilHeizen_WW2~0x0595;Sec2Hour;@@viessmann.eventtype.WPR_RelaisLaufzeiten_3W_VentilHeizen_WW2.description;100;-1;-1;1;;;-1
VBC700_AW;266;6595;24;0;@@viessmann.eventtype.name.WPR_RelaisLaufzeiten_ActiveCooling;WPR_RelaisLaufzeiten_ActiveCooling~0x058C;Sec2Hour;@@viessmann.eventtype.WPR_RelaisLaufzeiten_ActiveCooling.description;100;-1;-1;1;;;-1
VBC700_AW;266;6596;24;0;@@viessmann.eventtype.name.WPR_RelaisLaufzeiten_Ansteuerung_ExtWaermeerzeuger;WPR_RelaisLaufzeiten_Ansteuerung_ExtWaermeerzeuger~0x058B;Sec2Hour;@@viessmann.eventtype.WPR_RelaisLaufzeiten_Ansteuerung_ExtWaermeerzeuger.description;100;-1;-1;1;;;-1
VBC700_AW;266;6597;24;0;@@viessmann.eventtype.name.WPR_RelaisLaufzeiten_EEV1_DigitalScroll;WPR_RelaisLaufzeiten_EEV1_DigitalScroll~0x05AA;Sec2Hour;@@viessmann.eventtype.WPR_RelaisLaufzeiten_EEV1_DigitalScroll.description;100;-1;-1;1;;;-1
VBC700_AW;266;6598;24;0;@@viessmann.eventtype.name.WPR_RelaisLaufzeiten_EEV1_ECVPosition;WPR_RelaisLaufzeiten_EEV1_ECVPosition~0x05AE;Sec2Hour;@@viessmann.eventtype.WPR_RelaisLaufzeiten_EEV1_ECVPosition.description;100;-1;-1;1;;;-1
VBC700_AW;266;6599;24;0;@@viessmann.eventtype.name.WPR_RelaisLaufzeiten_EEV1_EVIPosition;WPR_RelaisLaufzeiten_EEV1_EVIPosition~0x05B0;Sec2Hour;@@viessmann.eventtype.WPR_RelaisLaufzeiten_EEV1_EVIPosition.description;100;-1;-1;1;;;-1
VBC700_AW;266;6600;24;0;@@viessmann.eventtype.name.WPR_RelaisLaufzeiten_EEV1_EVIVentil;WPR_RelaisLaufzeiten_EEV1_EVIVentil~0x05AC;Sec2Hour;@@viessmann.eventtype.WPR_RelaisLaufzeiten_EEV1_EVIVentil.description;100;-1;-1;1;;;-1
VBC700_AW;266;6601;24;0;@@viessmann.eventtype.name.WPR_RelaisLaufzeiten_EEV1_FreigabeEEVRegelung;WPR_RelaisLaufzeiten_EEV1_FreigabeEEVRegelung~0x05A2;Sec2Hour;@@viessmann.eventtype.WPR_RelaisLaufzeiten_EEV1_FreigabeEEVRegelung.description;100;-1;-1;1;;;-1
VBC700_AW;266;6602;24;0;@@viessmann.eventtype.name.WPR_RelaisLaufzeiten_EEV1_FreigabeEVIRegelung;WPR_RelaisLaufzeiten_EEV1_FreigabeEVIRegelung~0x05A4;Sec2Hour;@@viessmann.eventtype.WPR_RelaisLaufzeiten_EEV1_FreigabeEVIRegelung.description;100;-1;-1;1;;;-1
VBC700_AW;266;6603;24;0;@@viessmann.eventtype.name.WPR_RelaisLaufzeiten_EEV1_HeizenKuehlen;WPR_RelaisLaufzeiten_EEV1_HeizenKuehlen~0x05A6;Sec2Hour;@@viessmann.eventtype.WPR_RelaisLaufzeiten_EEV1_HeizenKuehlen.description;100;-1;-1;1;;;-1
VBC700_AW;266;6604;24;0;@@viessmann.eventtype.name.WPR_RelaisLaufzeiten_EEV1_Verdichter;WPR_RelaisLaufzeiten_EEV1_Verdichter~0x05A8;Sec2Hour;@@viessmann.eventtype.WPR_RelaisLaufzeiten_EEV1_Verdichter.description;100;-1;-1;1;;;-1
VBC700_AW;266;6605;24;0;@@viessmann.eventtype.name.WPR_RelaisLaufzeiten_EEV2_DigitalScroll;WPR_RelaisLaufzeiten_EEV2_DigitalScroll~0x05AB;Sec2Hour;@@viessmann.eventtype.WPR_RelaisLaufzeiten_EEV2_DigitalScroll.description;100;-1;-1;1;;;-1
VBC700_AW;266;6606;24;0;@@viessmann.eventtype.name.WPR_RelaisLaufzeiten_EEV2_ECVPosition;WPR_RelaisLaufzeiten_EEV2_ECVPosition~0x05AF;Sec2Hour;@@viessmann.eventtype.WPR_RelaisLaufzeiten_EEV2_ECVPosition.description;100;-1;-1;1;;;-1
VBC700_AW;266;6607;24;0;@@viessmann.eventtype.name.WPR_RelaisLaufzeiten_EEV2_EVIPosition;WPR_RelaisLaufzeiten_EEV2_EVIPosition~0x05B1;Sec2Hour;@@viessmann.eventtype.WPR_RelaisLaufzeiten_EEV2_EVIPosition.description;100;-1;-1;1;;;-1
VBC700_AW;266;6608;24;0;@@viessmann.eventtype.name.WPR_RelaisLaufzeiten_EEV2_EVIVentil;WPR_RelaisLaufzeiten_EEV2_EVIVentil~0x05AD;Sec2Hour;@@viessmann.eventtype.WPR_RelaisLaufzeiten_EEV2_EVIVentil.description;100;-1;-1;1;;;-1
VBC700_AW;266;6609;24;0;@@viessmann.eventtype.name.WPR_RelaisLaufzeiten_EEV2_FreigabeEEVRegelung;WPR_RelaisLaufzeiten_EEV2_FreigabeEEVRegelung~0x05A3;Sec2Hour;@@viessmann.eventtype.WPR_RelaisLaufzeiten_EEV2_FreigabeEEVRegelung.description;100;-1;-1;1;;;-1
VBC700_AW;266;6610;24;0;@@viessmann.eventtype.name.WPR_RelaisLaufzeiten_EEV2_FreigabeEVIRegelung;WPR_RelaisLaufzeiten_EEV2_FreigabeEVIRegelung~0x05A5;Sec2Hour;@@viessmann.eventtype.WPR_RelaisLaufzeiten_EEV2_FreigabeEVIRegelung.description;100;-1;-1;1;;;-1
VBC700_AW;266;6611;24;0;@@viessmann.eventtype.name.WPR_RelaisLaufzeiten_EEV2_HeizenKuehlen;WPR_RelaisLaufzeiten_EEV2_HeizenKuehlen~0x05A7;Sec2Hour;@@viessmann.eventtype.WPR_RelaisLaufzeiten_EEV2_HeizenKuehlen.description;100;-1;-1;1;;;-1
VBC700_AW;266;6612;24;0;@@viessmann.eventtype.name.WPR_RelaisLaufzeiten_EEV2_Verdichter;WPR_RelaisLaufzeiten_EEV2_Verdichter~0x05A9;Sec2Hour;@@viessmann.eventtype.WPR_RelaisLaufzeiten_EEV2_Verdichter.description;100;-1;-1;1;;;-1
VBC700_AW;266;6613;24;0;@@viessmann.eventtype.name.WPR_RelaisLaufzeiten_eHeizung_Stufe1;WPR_RelaisLaufzeiten_eHeizung_Stufe1~0x0588;Sec2Hour;@@viessmann.eventtype.WPR_RelaisLaufzeiten_eHeizung_Stufe1.description;100;-1;-1;1;;;-1
VBC700_AW;266;6614;24;0;@@viessmann.eventtype.name.WPR_RelaisLaufzeiten_eHeizung_Stufe2;WPR_RelaisLaufzeiten_eHeizung_Stufe2~0x0589;Sec2Hour;@@viessmann.eventtype.WPR_RelaisLaufzeiten_eHeizung_Stufe2.description;100;-1;-1;1;;;-1
VBC700_AW;266;6615;24;0;@@viessmann.eventtype.name.WPR_RelaisLaufzeiten_extWaermeerzeuger_MischerAUF;WPR_RelaisLaufzeiten_extWaermeerzeuger_MischerAUF~0x05B8;Sec2Hour;@@viessmann.eventtype.WPR_RelaisLaufzeiten_extWaermeerzeuger_MischerAUF.description;100;-1;-1;1;;;-1
VBC700_AW;266;6616;24;0;@@viessmann.eventtype.name.WPR_RelaisLaufzeiten_extWaermeerzeuger_MischerZU;WPR_RelaisLaufzeiten_extWaermeerzeuger_MischerZU~0x05B9;Sec2Hour;@@viessmann.eventtype.WPR_RelaisLaufzeiten_extWaermeerzeuger_MischerZU.description;100;-1;-1;1;;;-1
VBC700_AW;266;6617;24;0;@@viessmann.eventtype.name.WPR_RelaisLaufzeiten_Fernbed1_StoerLED;WPR_RelaisLaufzeiten_Fernbed1_StoerLED~0x059D;Sec2Hour;@@viessmann.eventtype.WPR_RelaisLaufzeiten_Fernbed1_StoerLED.description;100;-1;-1;1;;;-1
VBC700_AW;266;6618;24;0;@@viessmann.eventtype.name.WPR_RelaisLaufzeiten_Fernbed2_StoerLED;WPR_RelaisLaufzeiten_Fernbed2_StoerLED~0x059E;Sec2Hour;@@viessmann.eventtype.WPR_RelaisLaufzeiten_Fernbed2_StoerLED.description;100;-1;-1;1;;;-1
VBC700_AW;266;6619;24;0;@@viessmann.eventtype.name.WPR_RelaisLaufzeiten_Fernbed3_StoerLED;WPR_RelaisLaufzeiten_Fernbed3_StoerLED~0x059F;Sec2Hour;@@viessmann.eventtype.WPR_RelaisLaufzeiten_Fernbed3_StoerLED.description;100;-1;-1;1;;;-1
VBC700_AW;266;6620;24;0;@@viessmann.eventtype.name.WPR_RelaisLaufzeiten_FLGasMagnetventil_V1;WPR_RelaisLaufzeiten_FLGasMagnetventil_V1~0x0586;Sec2Hour;@@viessmann.eventtype.WPR_RelaisLaufzeiten_FLGasMagnetventil_V1.description;100;-1;-1;1;;;-1
VBC700_AW;266;6621;24;0;@@viessmann.eventtype.name.WPR_RelaisLaufzeiten_FLGasMagnetventil_V2;WPR_RelaisLaufzeiten_FLGasMagnetventil_V2~0x0587;Sec2Hour;@@viessmann.eventtype.WPR_RelaisLaufzeiten_FLGasMagnetventil_V2.description;100;-1;-1;1;;;-1
VBC700_AW;266;6622;24;0;@@viessmann.eventtype.name.WPR_RelaisLaufzeiten_FolgeWP1_Kaskade;WPR_RelaisLaufzeiten_FolgeWP1_Kaskade~0x0598;Sec2Hour;@@viessmann.eventtype.WPR_RelaisLaufzeiten_FolgeWP1_Kaskade.description;100;-1;-1;1;;;-1
VBC700_AW;266;6623;24;0;@@viessmann.eventtype.name.WPR_RelaisLaufzeiten_FolgeWP2_Kaskade;WPR_RelaisLaufzeiten_FolgeWP2_Kaskade~0x0599;Sec2Hour;@@viessmann.eventtype.WPR_RelaisLaufzeiten_FolgeWP2_Kaskade.description;100;-1;-1;1;;;-1
VBC700_AW;266;6624;24;0;@@viessmann.eventtype.name.WPR_RelaisLaufzeiten_FolgeWP3_Kaskade;WPR_RelaisLaufzeiten_FolgeWP3_Kaskade~0x059A;Sec2Hour;@@viessmann.eventtype.WPR_RelaisLaufzeiten_FolgeWP3_Kaskade.description;100;-1;-1;1;;;-1
VBC700_AW;266;6625;24;0;@@viessmann.eventtype.name.WPR_RelaisLaufzeiten_FolgeWP4_Kaskade;WPR_RelaisLaufzeiten_FolgeWP4_Kaskade~0x059B;Sec2Hour;@@viessmann.eventtype.WPR_RelaisLaufzeiten_FolgeWP4_Kaskade.description;100;-1;-1;1;;;-1
VBC700_AW;266;6626;24;0;@@viessmann.eventtype.name.WPR_RelaisLaufzeiten_Heizkreispumpe_A1;WPR_RelaisLaufzeiten_Heizkreispumpe_A1~0x058D;Sec2Hour;@@viessmann.eventtype.WPR_RelaisLaufzeiten_Heizkreispumpe_A1.description;100;-1;-1;1;;;-1
VBC700_AW;266;6627;24;0;@@viessmann.eventtype.name.WPR_RelaisLaufzeiten_Heizkreispumpe_M2;WPR_RelaisLaufzeiten_Heizkreispumpe_M2~0x058E;Sec2Hour;@@viessmann.eventtype.WPR_RelaisLaufzeiten_Heizkreispumpe_M2.description;100;-1;-1;1;;;-1
VBC700_AW;266;6628;24;0;@@viessmann.eventtype.name.WPR_RelaisLaufzeiten_Heizkreispumpe_M3;WPR_RelaisLaufzeiten_Heizkreispumpe_M3~0x058F;Sec2Hour;@@viessmann.eventtype.WPR_RelaisLaufzeiten_Heizkreispumpe_M3.description;100;-1;-1;1;;;-1
VBC700_AW;266;6629;24;0;@@viessmann.eventtype.name.WPR_RelaisLaufzeiten_Kaeltekreis_Umkehr;WPR_RelaisLaufzeiten_Kaeltekreis_Umkehr~0x059C;Sec2Hour;@@viessmann.eventtype.WPR_RelaisLaufzeiten_Kaeltekreis_Umkehr.description;100;-1;-1;1;;;-1
VBC700_AW;266;6631;24;0;@@viessmann.eventtype.name.WPR_RelaisLaufzeiten_M2_MischerZU;WPR_RelaisLaufzeiten_M2_MischerZU~0x05B3;Sec2Hour;@@viessmann.eventtype.WPR_RelaisLaufzeiten_M2_MischerZU.description;100;-1;-1;1;;;-1
VBC700_AW;266;6632;24;0;@@viessmann.eventtype.name.WPR_RelaisLaufzeiten_M3_MischerAUF;WPR_RelaisLaufzeiten_M3_MischerAUF~0x05B4;Sec2Hour;@@viessmann.eventtype.WPR_RelaisLaufzeiten_M3_MischerAUF.description;100;-1;-1;1;;;-1
VBC700_AW;266;6633;24;0;@@viessmann.eventtype.name.WPR_RelaisLaufzeiten_M3_MischerZU;WPR_RelaisLaufzeiten_M3_MischerZU~0x05B5;Sec2Hour;@@viessmann.eventtype.WPR_RelaisLaufzeiten_M3_MischerZU.description;100;-1;-1;1;;;-1
VBC700_AW;266;6634;24;0;@@viessmann.eventtype.name.WPR_RelaisLaufzeiten_MischerAUF_Relaistest;WPR_RelaisLaufzeiten_MischerAUF_Relaistest~0x05BA;Sec2Hour;@@viessmann.eventtype.WPR_RelaisLaufzeiten_MischerAUF_Relaistest.description;100;-1;-1;1;;;-1
VBC700_AW;266;6635;24;0;@@viessmann.eventtype.name.WPR_RelaisLaufzeiten_MischerZU_Relaistest;WPR_RelaisLaufzeiten_MischerZU_Relaistest~0x05BB;Sec2Hour;@@viessmann.eventtype.WPR_RelaisLaufzeiten_MischerZU_Relaistest.description;100;-1;-1;1;;;-1
VBC700_AW;266;6636;24;0;@@viessmann.eventtype.name.WPR_RelaisLaufzeiten_NatCooling_Ansteuerung;WPR_RelaisLaufzeiten_NatCooling_Ansteuerung~0x0592;Sec2Hour;@@viessmann.eventtype.WPR_RelaisLaufzeiten_NatCooling_Ansteuerung.description;100;-1;-1;1;;;-1
VBC700_AW;266;6637;24;0;@@viessmann.eventtype.name.WPR_RelaisLaufzeiten_NCueberHK_MischerAUF;WPR_RelaisLaufzeiten_NCueberHK_MischerAUF~0x05B6;Sec2Hour;@@viessmann.eventtype.WPR_RelaisLaufzeiten_NCueberHK_MischerAUF.description;100;-1;-1;1;;;-1
VBC700_AW;266;6638;24;0;@@viessmann.eventtype.name.WPR_RelaisLaufzeiten_NCueberHK_MischerZU;WPR_RelaisLaufzeiten_NCueberHK_MischerZU~0x05B7;Sec2Hour;@@viessmann.eventtype.WPR_RelaisLaufzeiten_NCueberHK_MischerZU.description;100;-1;-1;1;;;-1
VBC700_AW;266;6639;24;0;@@viessmann.eventtype.name.WPR_RelaisLaufzeiten_Primaerquelle1;WPR_RelaisLaufzeiten_Primaerquelle1~0x0582;Sec2Hour;@@viessmann.eventtype.WPR_RelaisLaufzeiten_Primaerquelle1.description;100;-1;-1;1;;;-1
VBC700_AW;266;6640;24;0;@@viessmann.eventtype.name.WPR_RelaisLaufzeiten_Primaerquelle2;WPR_RelaisLaufzeiten_Primaerquelle2~0x0583;Sec2Hour;@@viessmann.eventtype.WPR_RelaisLaufzeiten_Primaerquelle2.description;100;-1;-1;1;;;-1
VBC700_AW;266;6641;24;0;@@viessmann.eventtype.name.WPR_RelaisLaufzeiten_Sammelstoerung;WPR_RelaisLaufzeiten_Sammelstoerung~0x0591;Sec2Hour;@@viessmann.eventtype.WPR_RelaisLaufzeiten_Sammelstoerung.description;100;-1;-1;1;;;-1
VBC700_AW;266;6642;24;0;@@viessmann.eventtype.name.WPR_RelaisLaufzeiten_Schaltausgang_Wtimer_ZP;WPR_RelaisLaufzeiten_Schaltausgang_Wtimer_ZP~0x0590;Sec2Hour;@@viessmann.eventtype.WPR_RelaisLaufzeiten_Schaltausgang_Wtimer_ZP.description;100;-1;-1;1;;;-1
VBC700_AW;266;6643;24;0;@@viessmann.eventtype.name.WPR_RelaisLaufzeiten_Schwimmbad_Ventil;WPR_RelaisLaufzeiten_Schwimmbad_Ventil~0x0597;Sec2Hour;@@viessmann.eventtype.WPR_RelaisLaufzeiten_Schwimmbad_Ventil.description;100;-1;-1;1;;;-1
VBC700_AW;266;6644;24;0;@@viessmann.eventtype.name.WPR_RelaisLaufzeiten_SekPumpe1;WPR_RelaisLaufzeiten_SekPumpe1~0x0584;Sec2Hour;@@viessmann.eventtype.WPR_RelaisLaufzeiten_SekPumpe1.description;100;-1;-1;1;;;-1
VBC700_AW;266;6645;24;0;@@viessmann.eventtype.name.WPR_RelaisLaufzeiten_SekPumpe2;WPR_RelaisLaufzeiten_SekPumpe2~0x0585;Sec2Hour;@@viessmann.eventtype.WPR_RelaisLaufzeiten_SekPumpe2.description;100;-1;-1;1;;;-1
VBC700_AW;266;6646;24;0;@@viessmann.eventtype.name.WPR_RelaisLaufzeiten_Solarpumpe;WPR_RelaisLaufzeiten_Solarpumpe~0x0593;Sec2Hour;@@viessmann.eventtype.WPR_RelaisLaufzeiten_Solarpumpe.description;100;-1;-1;1;;;-1
VBC700_AW;266;6647;24;0;@@viessmann.eventtype.name.WPR_RelaisLaufzeiten_SolarpumpeVitosolic;WPR_RelaisLaufzeiten_SolarpumpeVitosolic~0x05A0;Sec2Hour;@@viessmann.eventtype.WPR_RelaisLaufzeiten_SolarpumpeVitosolic.description;100;-1;-1;1;;;-1
VBC700_AW;266;6648;24;0;@@viessmann.eventtype.name.WPR_RelaisLaufzeiten_Speicherladepumpe;WPR_RelaisLaufzeiten_Speicherladepumpe~0x0596;Sec2Hour;@@viessmann.eventtype.WPR_RelaisLaufzeiten_Speicherladepumpe.description;100;-1;-1;1;;;-1
VBC700_AW;266;6649;24;0;@@viessmann.eventtype.name.WPR_RelaisLaufzeiten_Speichernachheizung;WPR_RelaisLaufzeiten_Speichernachheizung~0x058A;Sec2Hour;@@viessmann.eventtype.WPR_RelaisLaufzeiten_Speichernachheizung.description;100;-1;-1;1;;;-1
VBC700_AW;266;6650;24;0;@@viessmann.eventtype.name.WPR_RelaisLaufzeiten_Verdichter1;WPR_RelaisLaufzeiten_Verdichter1~0x0580;Sec2Hour;@@viessmann.eventtype.WPR_RelaisLaufzeiten_Verdichter1.description;100;-1;-1;1;;;-1
VBC700_AW;266;6651;24;0;@@viessmann.eventtype.name.WPR_RelaisLaufzeiten_Verdichter2;WPR_RelaisLaufzeiten_Verdichter2~0x0581;Sec2Hour;@@viessmann.eventtype.WPR_RelaisLaufzeiten_Verdichter2.description;100;-1;-1;1;;;-1
VBC700_AW;266;6652;24;0;@@viessmann.eventtype.name.WPR_RelaisLaufzeiten_WW_Ladung_2terSollwert;WPR_RelaisLaufzeiten_WW_Ladung_2terSollwert~0x05A1;Sec2Hour;@@viessmann.eventtype.WPR_RelaisLaufzeiten_WW_Ladung_2terSollwert.description;100;-1;-1;1;;;-1
VBC700_AW;266;6657;24;-1;@@viessmann.eventtype.name.WPR_RelaisStatus_EEV1_DigitalScroll;WPR_RelaisStatus_EEV1_DigitalScroll~0x04AA;NoConversion;@@viessmann.eventtype.WPR_RelaisStatus_EEV1_DigitalScroll.description;50;-1;-1;1;;;-1
VBC700_AW;266;6658;24;-1;@@viessmann.eventtype.name.WPR_RelaisStatus_EEV1_ECVPosition;WPR_RelaisStatus_EEV1_ECVPosition~0x04AE;NoConversion;@@viessmann.eventtype.WPR_RelaisStatus_EEV1_ECVPosition.description;50;-1;-1;1;;;-1
VBC700_AW;266;6660;24;-1;@@viessmann.eventtype.name.WPR_RelaisStatus_EEV1_EVIVentil;WPR_RelaisStatus_EEV1_EVIVentil~0x04AC;NoConversion;@@viessmann.eventtype.WPR_RelaisStatus_EEV1_EVIVentil.description;50;-1;-1;1;;;-1
VBC700_AW;266;6661;24;-1;@@viessmann.eventtype.name.WPR_RelaisStatus_EEV1_FreigabeEEVRegelung;WPR_RelaisStatus_EEV1_FreigabeEEVRegelung~0x04A2;NoConversion;@@viessmann.eventtype.WPR_RelaisStatus_EEV1_FreigabeEEVRegelung.description;50;-1;-1;1;;;-1
VBC700_AW;266;6663;24;-1;@@viessmann.eventtype.name.WPR_RelaisStatus_EEV1_HeizenKuehlen;WPR_RelaisStatus_EEV1_HeizenKuehlen~0x04A6;NoConversion;@@viessmann.eventtype.WPR_RelaisStatus_EEV1_HeizenKuehlen.description;50;-1;-1;1;;;-1
VBC700_AW;266;6664;24;-1;@@viessmann.eventtype.name.WPR_RelaisStatus_EEV1_Verdichter;WPR_RelaisStatus_EEV1_Verdichter~0x04A8;NoConversion;@@viessmann.eventtype.WPR_RelaisStatus_EEV1_Verdichter.description;50;-1;-1;1;;;-1
VBC700_AW;266;6665;24;-1;@@viessmann.eventtype.name.WPR_RelaisStatus_EEV2_DigitalScroll;WPR_RelaisStatus_EEV2_DigitalScroll~0x04AB;NoConversion;@@viessmann.eventtype.WPR_RelaisStatus_EEV2_DigitalScroll.description;50;-1;-1;1;;;-1
VBC700_AW;266;6666;24;-1;@@viessmann.eventtype.name.WPR_RelaisStatus_EEV2_ECVPosition;WPR_RelaisStatus_EEV2_ECVPosition~0x04AF;NoConversion;@@viessmann.eventtype.WPR_RelaisStatus_EEV2_ECVPosition.description;50;-1;-1;1;;;-1
VBC700_AW;266;6667;24;-1;@@viessmann.eventtype.name.WPR_RelaisStatus_EEV2_EVIPosition;WPR_RelaisStatus_EEV2_EVIPosition~0x04B1;NoConversion;@@viessmann.eventtype.WPR_RelaisStatus_EEV2_EVIPosition.description;50;-1;-1;1;;;-1
VBC700_AW;266;6669;24;-1;@@viessmann.eventtype.name.WPR_RelaisStatus_EEV2_FreigabeEEVRegelung;WPR_RelaisStatus_EEV2_FreigabeEEVRegelung~0x04A3;NoConversion;@@viessmann.eventtype.WPR_RelaisStatus_EEV2_FreigabeEEVRegelung.description;50;-1;-1;1;;;-1
VBC700_AW;266;6670;24;-1;@@viessmann.eventtype.name.WPR_RelaisStatus_EEV2_FreigabeEVIRegelung;WPR_RelaisStatus_EEV2_FreigabeEVIRegelung~0x04A5;NoConversion;@@viessmann.eventtype.WPR_RelaisStatus_EEV2_FreigabeEVIRegelung.description;50;-1;-1;1;;;-1
VBC700_AW;266;6671;24;-1;@@viessmann.eventtype.name.WPR_RelaisStatus_EEV2_HeizenKuehlen;WPR_RelaisStatus_EEV2_HeizenKuehlen~0x04A7;NoConversion;@@viessmann.eventtype.WPR_RelaisStatus_EEV2_HeizenKuehlen.description;50;-1;-1;1;;;-1
VBC700_AW;266;6672;24;-1;@@viessmann.eventtype.name.WPR_RelaisStatus_EEV2_Verdichter;WPR_RelaisStatus_EEV2_Verdichter~0x04A9;NoConversion;@@viessmann.eventtype.WPR_RelaisStatus_EEV2_Verdichter.description;50;-1;-1;1;;;-1
VBC700_AW;266;6676;24;-1;@@viessmann.eventtype.name.WPR_RelaisStatus_extWaermeerzeuger_MischerZU;WPR_RelaisStatus_extWaermeerzeuger_MischerZU~0x04B9;NoConversion;@@viessmann.eventtype.WPR_RelaisStatus_extWaermeerzeuger_MischerZU.description;50;-1;-1;1;;;-1
VBC700_AW;266;6677;24;-1;@@viessmann.eventtype.name.WPR_RelaisStatus_Fernbed1_StoerLED;WPR_RelaisStatus_Fernbed1_StoerLED~0x049D;NoConversion;@@viessmann.eventtype.WPR_RelaisStatus_Fernbed1_StoerLED.description;50;-1;-1;1;;;-1
VBC700_AW;266;6678;24;-1;@@viessmann.eventtype.name.WPR_RelaisStatus_Fernbed2_StoerLED;WPR_RelaisStatus_Fernbed2_StoerLED~0x049E;NoConversion;@@viessmann.eventtype.WPR_RelaisStatus_Fernbed2_StoerLED.description;50;-1;-1;1;;;-1
VBC700_AW;266;6679;24;-1;@@viessmann.eventtype.name.WPR_RelaisStatus_Fernbed3_StoerLED;WPR_RelaisStatus_Fernbed3_StoerLED~0x049F;NoConversion;@@viessmann.eventtype.WPR_RelaisStatus_Fernbed3_StoerLED.description;50;-1;-1;1;;;-1
VBC700_AW;266;6680;24;-1;@@viessmann.eventtype.name.WPR_RelaisStatus_FLGasMagnetventil_V1;WPR_RelaisStatus_FLGasMagnetventil_V1~0x0486;NoConversion;@@viessmann.eventtype.WPR_RelaisStatus_FLGasMagnetventil_V1.description;50;-1;-1;1;;;-1
VBC700_AW;266;6681;24;-1;@@viessmann.eventtype.name.WPR_RelaisStatus_FLGasMagnetventil_V2;WPR_RelaisStatus_FLGasMagnetventil_V2~0x0487;NoConversion;@@viessmann.eventtype.WPR_RelaisStatus_FLGasMagnetventil_V2.description;50;-1;-1;1;;;-1
VBC700_AW;266;6692;24;-1;@@viessmann.eventtype.name.WPR_RelaisStatus_M3_MischerAUF;WPR_RelaisStatus_M3_MischerAUF~0x04B4;NoConversion;@@viessmann.eventtype.WPR_RelaisStatus_M3_MischerAUF.description;50;-1;-1;1;;;-1
VBC700_AW;266;6693;24;-1;@@viessmann.eventtype.name.WPR_RelaisStatus_M3_MischerZU;WPR_RelaisStatus_M3_MischerZU~0x04B5;NoConversion;@@viessmann.eventtype.WPR_RelaisStatus_M3_MischerZU.description;50;-1;-1;1;;;-1
VBC700_AW;266;6695;24;-1;@@viessmann.eventtype.name.WPR_RelaisStatus_MischerZU_Relaistest;WPR_RelaisStatus_MischerZU_Relaistest~0x04BB;NoConversion;@@viessmann.eventtype.WPR_RelaisStatus_MischerZU_Relaistest.description;50;-1;-1;1;;;-1
VBC700_AW;266;6697;24;-1;@@viessmann.eventtype.name.WPR_RelaisStatus_NCueberHK_MischerAUF;WPR_RelaisStatus_NCueberHK_MischerAUF~0x04B6;NoConversion;@@viessmann.eventtype.WPR_RelaisStatus_NCueberHK_MischerAUF.description;50;-1;-1;1;;;-1
VBC700_AW;266;6698;24;-1;@@viessmann.eventtype.name.WPR_RelaisStatus_NCueberHK_MischerZU;WPR_RelaisStatus_NCueberHK_MischerZU~0x04B7;NoConversion;@@viessmann.eventtype.WPR_RelaisStatus_NCueberHK_MischerZU.description;50;-1;-1;1;;;-1
VBC700_AW;266;6701;24;-1;@@viessmann.eventtype.name.WPR_RelaisStatus_Sammelstoerung;WPR_RelaisStatus_Sammelstoerung~0x0491;NoConversion;@@viessmann.eventtype.WPR_RelaisStatus_Sammelstoerung.description;50;-1;-1;1;;;-1
VBC700_AW;266;6711;24;-1;@@viessmann.eventtype.name.WPR_RelaisStatus_Verdichter2;WPR_RelaisStatus_Verdichter2~0x0481;NoConversion;@@viessmann.eventtype.WPR_RelaisStatus_Verdichter2.description;50;-1;-1;1;;;-1
VBC700_AW;266;6926;24;-1;@@viessmann.eventtype.name.WPR_SensorStatus_Fluessiggastemperatur_EEV2;WPR_SensorStatus_Fluessiggastemperatur_EEV2~0x01A4;NoConversion;@@viessmann.eventtype.WPR_SensorStatus_Fluessiggastemperatur_EEV2.description;50;-1;-1;1;;;-1
VBC700_AW;266;6927;24;-1;@@viessmann.eventtype.name.WPR_SensorStatus_Heissgastemperatur_EEV1;WPR_SensorStatus_Heissgastemperatur_EEV1~0x01A1;NoConversion;@@viessmann.eventtype.WPR_SensorStatus_Heissgastemperatur_EEV1.description;50;-1;-1;1;;;-1
VBC700_AW;266;6928;24;-1;@@viessmann.eventtype.name.WPR_SensorStatus_Heissgastemperatur_EEV2;WPR_SensorStatus_Heissgastemperatur_EEV2~0x01A2;NoConversion;@@viessmann.eventtype.WPR_SensorStatus_Heissgastemperatur_EEV2.description;50;-1;-1;1;;;-1
VBC700_AW;266;6929;24;-1;@@viessmann.eventtype.name.WPR_SensorStatus_Heissgastemperatur1;WPR_SensorStatus_Heissgastemperatur1~0x0188;NoConversion;@@viessmann.eventtype.WPR_SensorStatus_Heissgastemperatur1.description;50;-1;-1;1;;;-1
VBC700_AW;266;6930;24;-1;@@viessmann.eventtype.name.WPR_SensorStatus_Heissgastemperatur2;WPR_SensorStatus_Heissgastemperatur2~0x0189;NoConversion;@@viessmann.eventtype.WPR_SensorStatus_Heissgastemperatur2.description;50;-1;-1;1;;;-1
VBC700_AW;266;6931;24;-1;@@viessmann.eventtype.name.WPR_SensorStatus_HeizwasserPufferspeichertemperatur;WPR_SensorStatus_HeizwasserPufferspeichertemperatur~0x018B;NoConversion;@@viessmann.eventtype.WPR_SensorStatus_HeizwasserPufferspeichertemperatur.description;50;-1;-1;1;;;-1
VBC700_AW;266;6932;24;-1;@@viessmann.eventtype.name.WPR_SensorStatus_Kollektortemperatur_Solar;WPR_SensorStatus_Kollektortemperatur_Solar~0x0191;NoConversion;@@viessmann.eventtype.WPR_SensorStatus_Kollektortemperatur_Solar.description;50;-1;-1;1;;;-1
VBC700_AW;266;6933;24;-1;@@viessmann.eventtype.name.WPR_SensorStatus_Mediumtemperatur_extWaermeerzeuger;WPR_SensorStatus_Mediumtemperatur_extWaermeerzeuger~0x018C;NoConversion;@@viessmann.eventtype.WPR_SensorStatus_Mediumtemperatur_extWaermeerzeuger.description;50;-1;-1;1;;;-1
VBC700_AW;266;6934;24;-1;@@viessmann.eventtype.name.WPR_SensorStatus_Raumsolltemperatur_HK_A1_Vitocom100;WPR_SensorStatus_Raumsolltemperatur_HK_A1_Vitocom100~0x019C;NoConversion;@@viessmann.eventtype.WPR_SensorStatus_Raumsolltemperatur_HK_A1_Vitocom100.description;50;-1;-1;1;;;-1
VBC700_AW;266;6935;24;-1;@@viessmann.eventtype.name.WPR_SensorStatus_Raumsolltemperatur_HK_M2_Vitocom100;WPR_SensorStatus_Raumsolltemperatur_HK_M2_Vitocom100~0x019D;NoConversion;@@viessmann.eventtype.WPR_SensorStatus_Raumsolltemperatur_HK_M2_Vitocom100.description;50;-1;-1;1;;;-1
VBC700_AW;266;6936;24;-1;@@viessmann.eventtype.name.WPR_SensorStatus_Raumsolltemperatur_HK_M3_Vitocom100;WPR_SensorStatus_Raumsolltemperatur_HK_M3_Vitocom100~0x019E;NoConversion;@@viessmann.eventtype.WPR_SensorStatus_Raumsolltemperatur_HK_M3_Vitocom100.description;50;-1;-1;1;;;-1
VBC700_AW;266;6937;24;-1;@@viessmann.eventtype.name.WPR_SensorStatus_Raumtemperatur_HK_A1_Vitotrol;WPR_SensorStatus_Raumtemperatur_HK_A1_Vitotrol~0x0196;NoConversion;@@viessmann.eventtype.WPR_SensorStatus_Raumtemperatur_HK_A1_Vitotrol.description;50;-1;-1;1;;;-1
VBC700_AW;266;7218;24;-1;@@viessmann.eventtype.name.WPR_SepNCKreis_NatCooling_Kuehlkreis;WPR_SepNCKreis_NatCooling_Kuehlkreis~0x7101;NoConversion;@@viessmann.eventtype.WPR_SepNCKreis_NatCooling_Kuehlkreis.description;50;-1;-1;3;;;-1
VBC700_AW;266;7608;24;0;ecnsysEventType~ErrorNotification;ecnsysEventType~ErrorNotification;NoConversion;;100;-1;-1;1;;;-1
VBC700_AW;266;6712;24;-1;@@viessmann.eventtype.name.WPR_RelaisStatus_WW_Ladung_2terSollwert;WPR_RelaisStatus_WW_Ladung_2terSollwert~0x04A1;NoConversion;@@viessmann.eventtype.WPR_RelaisStatus_WW_Ladung_2terSollwert.description;50;-1;-1;1;;;-1
VBC700_AW;266;6713;24;-1;@@viessmann.eventtype.name.WPR_RelaisZustand_3W_VentilHeizen_WW1;WPR_RelaisZustand_3W_VentilHeizen_WW1~0x0414;NoConversion;@@viessmann.eventtype.WPR_RelaisZustand_3W_VentilHeizen_WW1.description;50;-1;-1;1;;;-1
VBC700_AW;266;6714;24;-1;@@viessmann.eventtype.name.WPR_RelaisZustand_3W_VentilHeizen_WW2;WPR_RelaisZustand_3W_VentilHeizen_WW2~0x0415;NoConversion;@@viessmann.eventtype.WPR_RelaisZustand_3W_VentilHeizen_WW2.description;50;-1;-1;1;;;-1
VBC700_AW;266;6715;24;-1;@@viessmann.eventtype.name.WPR_RelaisZustand_ActiveCooling;WPR_RelaisZustand_ActiveCooling~0x040C;NoConversion;@@viessmann.eventtype.WPR_RelaisZustand_ActiveCooling.description;50;-1;-1;1;;;-1
VBC700_AW;266;6716;24;-1;@@viessmann.eventtype.name.WPR_RelaisZustand_Ansteuerung_ExtWaermeerzeuger;WPR_RelaisZustand_Ansteuerung_ExtWaermeerzeuger~0x040B;NoConversion;@@viessmann.eventtype.WPR_RelaisZustand_Ansteuerung_ExtWaermeerzeuger.description;50;-1;-1;1;;;-1
VBC700_AW;266;6717;24;-1;@@viessmann.eventtype.name.WPR_RelaisZustand_EEV1_DigitalScroll;WPR_RelaisZustand_EEV1_DigitalScroll~0x042A;NoConversion;@@viessmann.eventtype.WPR_RelaisZustand_EEV1_DigitalScroll.description;50;-1;-1;1;;;-1
VBC700_AW;266;6718;24;-1;@@viessmann.eventtype.name.WPR_RelaisZustand_EEV1_ECVPosition;WPR_RelaisZustand_EEV1_ECVPosition~0x042E;NoConversion;@@viessmann.eventtype.WPR_RelaisZustand_EEV1_ECVPosition.description;50;-1;-1;1;;;-1
VBC700_AW;266;6720;24;-1;@@viessmann.eventtype.name.WPR_RelaisZustand_EEV1_EVIVentil;WPR_RelaisZustand_EEV1_EVIVentil~0x042C;NoConversion;@@viessmann.eventtype.WPR_RelaisZustand_EEV1_EVIVentil.description;50;-1;-1;1;;;-1
VBC700_AW;266;6721;24;-1;@@viessmann.eventtype.name.WPR_RelaisZustand_EEV1_FreigabeEEVRegelung;WPR_RelaisZustand_EEV1_FreigabeEEVRegelung~0x0422;NoConversion;@@viessmann.eventtype.WPR_RelaisZustand_EEV1_FreigabeEEVRegelung.description;50;-1;-1;1;;;-1
VBC700_AW;266;6722;24;-1;@@viessmann.eventtype.name.WPR_RelaisZustand_EEV1_FreigabeEVIRegelung;WPR_RelaisZustand_EEV1_FreigabeEVIRegelung~0x0424;NoConversion;@@viessmann.eventtype.WPR_RelaisZustand_EEV1_FreigabeEVIRegelung.description;50;-1;-1;1;;;-1
VBC700_AW;266;6723;24;-1;@@viessmann.eventtype.name.WPR_RelaisZustand_EEV1_HeizenKuehlen;WPR_RelaisZustand_EEV1_HeizenKuehlen~0x0426;NoConversion;@@viessmann.eventtype.WPR_RelaisZustand_EEV1_HeizenKuehlen.description;50;-1;-1;1;;;-1
VBC700_AW;266;6724;24;-1;@@viessmann.eventtype.name.WPR_RelaisZustand_EEV1_Verdichter;WPR_RelaisZustand_EEV1_Verdichter~0x0428;NoConversion;@@viessmann.eventtype.WPR_RelaisZustand_EEV1_Verdichter.description;50;-1;-1;1;;;-1
VBC700_AW;266;6725;24;-1;@@viessmann.eventtype.name.WPR_RelaisZustand_EEV2_DigitalScroll;WPR_RelaisZustand_EEV2_DigitalScroll~0x042B;NoConversion;@@viessmann.eventtype.WPR_RelaisZustand_EEV2_DigitalScroll.description;50;-1;-1;1;;;-1
VBC700_AW;266;6726;24;-1;@@viessmann.eventtype.name.WPR_RelaisZustand_EEV2_ECVPosition;WPR_RelaisZustand_EEV2_ECVPosition~0x042F;NoConversion;@@viessmann.eventtype.WPR_RelaisZustand_EEV2_ECVPosition.description;50;-1;-1;1;;;-1
VBC700_AW;266;6727;24;-1;@@viessmann.eventtype.name.WPR_RelaisZustand_EEV2_EVIPosition;WPR_RelaisZustand_EEV2_EVIPosition~0x0431;NoConversion;@@viessmann.eventtype.WPR_RelaisZustand_EEV2_EVIPosition.description;50;-1;-1;1;;;-1
VBC700_AW;266;6728;24;-1;@@viessmann.eventtype.name.WPR_RelaisZustand_EEV2_EVIVentil;WPR_RelaisZustand_EEV2_EVIVentil~0x042D;NoConversion;@@viessmann.eventtype.WPR_RelaisZustand_EEV2_EVIVentil.description;50;-1;-1;1;;;-1
VBC700_AW;266;6729;24;-1;@@viessmann.eventtype.name.WPR_RelaisZustand_EEV2_FreigabeEEVRegelung;WPR_RelaisZustand_EEV2_FreigabeEEVRegelung~0x0423;NoConversion;@@viessmann.eventtype.WPR_RelaisZustand_EEV2_FreigabeEEVRegelung.description;50;-1;-1;1;;;-1
VBC700_AW;266;6731;24;-1;@@viessmann.eventtype.name.WPR_RelaisZustand_EEV2_HeizenKuehlen;WPR_RelaisZustand_EEV2_HeizenKuehlen~0x0427;NoConversion;@@viessmann.eventtype.WPR_RelaisZustand_EEV2_HeizenKuehlen.description;50;-1;-1;1;;;-1
VBC700_AW;266;6732;24;-1;@@viessmann.eventtype.name.WPR_RelaisZustand_EEV2_Verdichter;WPR_RelaisZustand_EEV2_Verdichter~0x0429;NoConversion;@@viessmann.eventtype.WPR_RelaisZustand_EEV2_Verdichter.description;50;-1;-1;1;;;-1
VBC700_AW;266;6735;24;-1;@@viessmann.eventtype.name.WPR_RelaisZustand_extWaermeerzeuger_MischerAUF;WPR_RelaisZustand_extWaermeerzeuger_MischerAUF~0x0438;NoConversion;@@viessmann.eventtype.WPR_RelaisZustand_extWaermeerzeuger_MischerAUF.description;50;-1;-1;1;;;-1
VBC700_AW;266;6736;24;-1;@@viessmann.eventtype.name.WPR_RelaisZustand_extWaermeerzeuger_MischerZU;WPR_RelaisZustand_extWaermeerzeuger_MischerZU~0x0439;NoConversion;@@viessmann.eventtype.WPR_RelaisZustand_extWaermeerzeuger_MischerZU.description;50;-1;-1;1;;;-1
VBC700_AW;266;6737;24;-1;@@viessmann.eventtype.name.WPR_RelaisZustand_Fernbed1_StoerLED;WPR_RelaisZustand_Fernbed1_StoerLED~0x041D;NoConversion;@@viessmann.eventtype.WPR_RelaisZustand_Fernbed1_StoerLED.description;50;-1;-1;1;;;-1
VBC700_AW;266;6738;24;-1;@@viessmann.eventtype.name.WPR_RelaisZustand_Fernbed2_StoerLED;WPR_RelaisZustand_Fernbed2_StoerLED~0x041E;NoConversion;@@viessmann.eventtype.WPR_RelaisZustand_Fernbed2_StoerLED.description;50;-1;-1;1;;;-1
VBC700_AW;266;6739;24;-1;@@viessmann.eventtype.name.WPR_RelaisZustand_Fernbed3_StoerLED;WPR_RelaisZustand_Fernbed3_StoerLED~0x041F;NoConversion;@@viessmann.eventtype.WPR_RelaisZustand_Fernbed3_StoerLED.description;50;-1;-1;1;;;-1
VBC700_AW;266;6740;24;-1;@@viessmann.eventtype.name.WPR_RelaisZustand_FLGasMagnetventil_V1;WPR_RelaisZustand_FLGasMagnetventil_V1~0x0406;NoConversion;@@viessmann.eventtype.WPR_RelaisZustand_FLGasMagnetventil_V1.description;50;-1;-1;1;;;-1
VBC700_AW;266;6741;24;-1;@@viessmann.eventtype.name.WPR_RelaisZustand_FLGasMagnetventil_V2;WPR_RelaisZustand_FLGasMagnetventil_V2~0x0407;NoConversion;@@viessmann.eventtype.WPR_RelaisZustand_FLGasMagnetventil_V2.description;50;-1;-1;1;;;-1
VBC700_AW;266;6742;24;-1;@@viessmann.eventtype.name.WPR_RelaisZustand_FolgeWP1_Kaskade;WPR_RelaisZustand_FolgeWP1_Kaskade~0x0418;NoConversion;@@viessmann.eventtype.WPR_RelaisZustand_FolgeWP1_Kaskade.description;50;-1;-1;1;;;-1
VBC700_AW;266;6743;24;-1;@@viessmann.eventtype.name.WPR_RelaisZustand_FolgeWP2_Kaskade;WPR_RelaisZustand_FolgeWP2_Kaskade~0x0419;NoConversion;@@viessmann.eventtype.WPR_RelaisZustand_FolgeWP2_Kaskade.description;50;-1;-1;1;;;-1
VBC700_AW;266;6744;24;-1;@@viessmann.eventtype.name.WPR_RelaisZustand_FolgeWP3_Kaskade;WPR_RelaisZustand_FolgeWP3_Kaskade~0x041A;NoConversion;@@viessmann.eventtype.WPR_RelaisZustand_FolgeWP3_Kaskade.description;50;-1;-1;1;;;-1
VBC700_AW;266;6745;24;-1;@@viessmann.eventtype.name.WPR_RelaisZustand_FolgeWP4_Kaskade;WPR_RelaisZustand_FolgeWP4_Kaskade~0x041B;NoConversion;@@viessmann.eventtype.WPR_RelaisZustand_FolgeWP4_Kaskade.description;50;-1;-1;1;;;-1
VBC700_AW;266;6746;24;-1;@@viessmann.eventtype.name.WPR_RelaisZustand_Heizkreispumpe_A1;WPR_RelaisZustand_Heizkreispumpe_A1~0x040D;NoConversion;@@viessmann.eventtype.WPR_RelaisZustand_Heizkreispumpe_A1.description;50;-1;-1;1;;;-1
VBC700_AW;266;6747;24;-1;@@viessmann.eventtype.name.WPR_RelaisZustand_Heizkreispumpe_M2;WPR_RelaisZustand_Heizkreispumpe_M2~0x040E;NoConversion;@@viessmann.eventtype.WPR_RelaisZustand_Heizkreispumpe_M2.description;50;-1;-1;1;;;-1
VBC700_AW;266;6748;24;-1;@@viessmann.eventtype.name.WPR_RelaisZustand_Heizkreispumpe_M3;WPR_RelaisZustand_Heizkreispumpe_M3~0x040F;NoConversion;@@viessmann.eventtype.WPR_RelaisZustand_Heizkreispumpe_M3.description;50;-1;-1;1;;;-1
VBC700_AW;266;6749;24;-1;@@viessmann.eventtype.name.WPR_RelaisZustand_Kaeltekreis_Umkehr;WPR_RelaisZustand_Kaeltekreis_Umkehr~0x041C;NoConversion;@@viessmann.eventtype.WPR_RelaisZustand_Kaeltekreis_Umkehr.description;50;-1;-1;1;;;-1
VBC700_AW;266;6756;24;-1;@@viessmann.eventtype.name.WPR_RelaisZustand_NatCooling_Ansteuerung;WPR_RelaisZustand_NatCooling_Ansteuerung~0x0412;NoConversion;@@viessmann.eventtype.WPR_RelaisZustand_NatCooling_Ansteuerung.description;50;-1;-1;1;;;-1
VBC700_AW;266;6759;24;-1;@@viessmann.eventtype.name.WPR_RelaisZustand_Primaerquelle1;WPR_RelaisZustand_Primaerquelle1~0x0402;NoConversion;@@viessmann.eventtype.WPR_RelaisZustand_Primaerquelle1.description;50;-1;-1;1;;;-1
VBC700_AW;266;6760;24;-1;@@viessmann.eventtype.name.WPR_RelaisZustand_Primaerquelle2;WPR_RelaisZustand_Primaerquelle2~0x0403;NoConversion;@@viessmann.eventtype.WPR_RelaisZustand_Primaerquelle2.description;50;-1;-1;1;;;-1
VBC700_AW;266;6761;24;-1;@@viessmann.eventtype.name.WPR_RelaisZustand_Sammelstoerung;WPR_RelaisZustand_Sammelstoerung~0x0411;NoConversion;@@viessmann.eventtype.WPR_RelaisZustand_Sammelstoerung.description;50;-1;-1;1;;;-1
VBC700_AW;266;6762;24;-1;@@viessmann.eventtype.name.WPR_RelaisZustand_Schaltausgang_Wtimer_ZP;WPR_RelaisZustand_Schaltausgang_Wtimer_ZP~0x0410;NoConversion;@@viessmann.eventtype.WPR_RelaisZustand_Schaltausgang_Wtimer_ZP.description;50;-1;-1;1;;;-1
VBC700_AW;266;6763;24;-1;@@viessmann.eventtype.name.WPR_RelaisZustand_Schwimmbad_Ventil;WPR_RelaisZustand_Schwimmbad_Ventil~0x0417;NoConversion;@@viessmann.eventtype.WPR_RelaisZustand_Schwimmbad_Ventil.description;50;-1;-1;1;;;-1
VBC700_AW;266;6764;24;-1;@@viessmann.eventtype.name.WPR_RelaisZustand_SekPumpe1;WPR_RelaisZustand_SekPumpe1~0x0404;NoConversion;@@viessmann.eventtype.WPR_RelaisZustand_SekPumpe1.description;50;-1;-1;1;;;-1
VBC700_AW;266;6765;24;-1;@@viessmann.eventtype.name.WPR_RelaisZustand_SekPumpe2;WPR_RelaisZustand_SekPumpe2~0x0405;NoConversion;@@viessmann.eventtype.WPR_RelaisZustand_SekPumpe2.description;50;-1;-1;1;;;-1
VBC700_AW;266;6766;24;-1;@@viessmann.eventtype.name.WPR_RelaisZustand_Solarpumpe;WPR_RelaisZustand_Solarpumpe~0x0413;NoConversion;@@viessmann.eventtype.WPR_RelaisZustand_Solarpumpe.description;50;-1;-1;1;;;-1
VBC700_AW;266;6767;24;-1;@@viessmann.eventtype.name.WPR_RelaisZustand_SolarpumpeVitosolic;WPR_RelaisZustand_SolarpumpeVitosolic~0x0420;NoConversion;@@viessmann.eventtype.WPR_RelaisZustand_SolarpumpeVitosolic.description;50;-1;-1;1;;;-1
VBC700_AW;266;6768;24;-1;@@viessmann.eventtype.name.WPR_RelaisZustand_Speicherladepumpe;WPR_RelaisZustand_Speicherladepumpe~0x0416;NoConversion;@@viessmann.eventtype.WPR_RelaisZustand_Speicherladepumpe.description;50;-1;-1;1;;;-1
VBC700_AW;266;6769;24;-1;@@viessmann.eventtype.name.WPR_RelaisZustand_Speichernachheizung;WPR_RelaisZustand_Speichernachheizung~0x040A;NoConversion;@@viessmann.eventtype.WPR_RelaisZustand_Speichernachheizung.description;50;-1;-1;1;;;-1
VBC700_AW;266;6770;24;-1;@@viessmann.eventtype.name.WPR_RelaisZustand_Verdichter1;WPR_RelaisZustand_Verdichter1~0x0400;NoConversion;@@viessmann.eventtype.WPR_RelaisZustand_Verdichter1.description;50;-1;-1;1;;;-1
VBC700_AW;266;6771;24;-1;@@viessmann.eventtype.name.WPR_RelaisZustand_Verdichter2;WPR_RelaisZustand_Verdichter2~0x0401;NoConversion;@@viessmann.eventtype.WPR_RelaisZustand_Verdichter2.description;50;-1;-1;1;;;-1
VBC700_AW;266;6772;24;-1;@@viessmann.eventtype.name.WPR_RelaisZustand_WW_Ladung_2terSollwert;WPR_RelaisZustand_WW_Ladung_2terSollwert~0x0421;NoConversion;@@viessmann.eventtype.WPR_RelaisZustand_WW_Ladung_2terSollwert.description;50;-1;-1;1;;;-1
VBC700_AW;266;6773;24;0;@@viessmann.eventtype.name.WPR_RelaisZyklen_3W_VentilHeizen_WW1;WPR_RelaisZyklen_3W_VentilHeizen_WW1~0x0514;NoConversion;@@viessmann.eventtype.WPR_RelaisZyklen_3W_VentilHeizen_WW1.description;100;-1;-1;1;;;-1
VBC700_AW;266;6774;24;0;@@viessmann.eventtype.name.WPR_RelaisZyklen_3W_VentilHeizen_WW2;WPR_RelaisZyklen_3W_VentilHeizen_WW2~0x0515;NoConversion;@@viessmann.eventtype.WPR_RelaisZyklen_3W_VentilHeizen_WW2.description;100;-1;-1;1;;;-1
VBC700_AW;266;6775;24;0;@@viessmann.eventtype.name.WPR_RelaisZyklen_ActiveCooling;WPR_RelaisZyklen_ActiveCooling~0x050C;NoConversion;@@viessmann.eventtype.WPR_RelaisZyklen_ActiveCooling.description;100;-1;-1;1;;;-1
VBC700_AW;266;6776;24;0;@@viessmann.eventtype.name.WPR_RelaisZyklen_Ansteuerung_ExtWaermeerzeuger;WPR_RelaisZyklen_Ansteuerung_ExtWaermeerzeuger~0x050B;NoConversion;@@viessmann.eventtype.WPR_RelaisZyklen_Ansteuerung_ExtWaermeerzeuger.description;100;-1;-1;1;;;-1
VBC700_AW;266;6777;24;0;@@viessmann.eventtype.name.WPR_RelaisZyklen_EEV1_DigitalScroll;WPR_RelaisZyklen_EEV1_DigitalScroll~0x052A;NoConversion;@@viessmann.eventtype.WPR_RelaisZyklen_EEV1_DigitalScroll.description;100;-1;-1;1;;;-1
VBC700_AW;266;6778;24;0;@@viessmann.eventtype.name.WPR_RelaisZyklen_EEV1_ECVPosition;WPR_RelaisZyklen_EEV1_ECVPosition~0x052E;NoConversion;@@viessmann.eventtype.WPR_RelaisZyklen_EEV1_ECVPosition.description;100;-1;-1;1;;;-1
VBC700_AW;266;6781;24;0;@@viessmann.eventtype.name.WPR_RelaisZyklen_EEV1_FreigabeEEVRegelung;WPR_RelaisZyklen_EEV1_FreigabeEEVRegelung~0x0522;NoConversion;@@viessmann.eventtype.WPR_RelaisZyklen_EEV1_FreigabeEEVRegelung.description;100;-1;-1;1;;;-1
VBC700_AW;266;6783;24;0;@@viessmann.eventtype.name.WPR_RelaisZyklen_EEV1_HeizenKuehlen;WPR_RelaisZyklen_EEV1_HeizenKuehlen~0x0526;NoConversion;@@viessmann.eventtype.WPR_RelaisZyklen_EEV1_HeizenKuehlen.description;100;-1;-1;1;;;-1
VBC700_AW;266;6784;24;0;@@viessmann.eventtype.name.WPR_RelaisZyklen_EEV1_Verdichter;WPR_RelaisZyklen_EEV1_Verdichter~0x0528;NoConversion;@@viessmann.eventtype.WPR_RelaisZyklen_EEV1_Verdichter.description;100;-1;-1;1;;;-1
VBC700_AW;266;6785;24;0;@@viessmann.eventtype.name.WPR_RelaisZyklen_EEV2_DigitalScroll;WPR_RelaisZyklen_EEV2_DigitalScroll~0x052B;NoConversion;@@viessmann.eventtype.WPR_RelaisZyklen_EEV2_DigitalScroll.description;100;-1;-1;1;;;-1
VBC700_AW;266;6786;24;0;@@viessmann.eventtype.name.WPR_RelaisZyklen_EEV2_ECVPosition;WPR_RelaisZyklen_EEV2_ECVPosition~0x052F;NoConversion;@@viessmann.eventtype.WPR_RelaisZyklen_EEV2_ECVPosition.description;100;-1;-1;1;;;-1
VBC700_AW;266;6788;24;0;@@viessmann.eventtype.name.WPR_RelaisZyklen_EEV2_EVIVentil;WPR_RelaisZyklen_EEV2_EVIVentil~0x052D;NoConversion;@@viessmann.eventtype.WPR_RelaisZyklen_EEV2_EVIVentil.description;100;-1;-1;1;;;-1
VBC700_AW;266;6789;24;0;@@viessmann.eventtype.name.WPR_RelaisZyklen_EEV2_FreigabeEEVRegelung;WPR_RelaisZyklen_EEV2_FreigabeEEVRegelung~0x0523;NoConversion;@@viessmann.eventtype.WPR_RelaisZyklen_EEV2_FreigabeEEVRegelung.description;100;-1;-1;1;;;-1
VBC700_AW;266;6790;24;0;@@viessmann.eventtype.name.WPR_RelaisZyklen_EEV2_FreigabeEVIRegelung;WPR_RelaisZyklen_EEV2_FreigabeEVIRegelung~0x0525;NoConversion;@@viessmann.eventtype.WPR_RelaisZyklen_EEV2_FreigabeEVIRegelung.description;100;-1;-1;1;;;-1
VBC700_AW;266;6791;24;0;@@viessmann.eventtype.name.WPR_RelaisZyklen_EEV2_HeizenKuehlen;WPR_RelaisZyklen_EEV2_HeizenKuehlen~0x0527;NoConversion;@@viessmann.eventtype.WPR_RelaisZyklen_EEV2_HeizenKuehlen.description;100;-1;-1;1;;;-1
VBC700_AW;266;6792;24;0;@@viessmann.eventtype.name.WPR_RelaisZyklen_EEV2_Verdichter;WPR_RelaisZyklen_EEV2_Verdichter~0x0529;NoConversion;@@viessmann.eventtype.WPR_RelaisZyklen_EEV2_Verdichter.description;100;-1;-1;1;;;-1
VBC700_AW;266;6793;24;0;@@viessmann.eventtype.name.WPR_RelaisZyklen_eHeizung_Stufe1;WPR_RelaisZyklen_eHeizung_Stufe1~0x0508;NoConversion;@@viessmann.eventtype.WPR_RelaisZyklen_eHeizung_Stufe1.description;100;-1;-1;1;;;-1
VBC700_AW;266;6794;24;0;@@viessmann.eventtype.name.WPR_RelaisZyklen_eHeizung_Stufe2;WPR_RelaisZyklen_eHeizung_Stufe2~0x0509;NoConversion;@@viessmann.eventtype.WPR_RelaisZyklen_eHeizung_Stufe2.description;100;-1;-1;1;;;-1
VBC700_AW;266;6796;24;0;@@viessmann.eventtype.name.WPR_RelaisZyklen_extWaermeerzeuger_MischerZU;WPR_RelaisZyklen_extWaermeerzeuger_MischerZU~0x0539;NoConversion;@@viessmann.eventtype.WPR_RelaisZyklen_extWaermeerzeuger_MischerZU.description;100;-1;-1;1;;;-1
VBC700_AW;266;6797;24;0;@@viessmann.eventtype.name.WPR_RelaisZyklen_Fernbed1_StoerLED;WPR_RelaisZyklen_Fernbed1_StoerLED~0x051D;NoConversion;@@viessmann.eventtype.WPR_RelaisZyklen_Fernbed1_StoerLED.description;100;-1;-1;1;;;-1
VBC700_AW;266;6798;24;0;@@viessmann.eventtype.name.WPR_RelaisZyklen_Fernbed2_StoerLED;WPR_RelaisZyklen_Fernbed2_StoerLED~0x051E;NoConversion;@@viessmann.eventtype.WPR_RelaisZyklen_Fernbed2_StoerLED.description;100;-1;-1;1;;;-1
VBC700_AW;266;6799;24;0;@@viessmann.eventtype.name.WPR_RelaisZyklen_Fernbed3_StoerLED;WPR_RelaisZyklen_Fernbed3_StoerLED~0x051F;NoConversion;@@viessmann.eventtype.WPR_RelaisZyklen_Fernbed3_StoerLED.description;100;-1;-1;1;;;-1
VBC700_AW;266;6800;24;0;@@viessmann.eventtype.name.WPR_RelaisZyklen_FLGasMagnetventil_V1;WPR_RelaisZyklen_FLGasMagnetventil_V1~0x0506;NoConversion;@@viessmann.eventtype.WPR_RelaisZyklen_FLGasMagnetventil_V1.description;100;-1;-1;1;;;-1
VBC700_AW;266;6801;24;0;@@viessmann.eventtype.name.WPR_RelaisZyklen_FLGasMagnetventil_V2;WPR_RelaisZyklen_FLGasMagnetventil_V2~0x0507;NoConversion;@@viessmann.eventtype.WPR_RelaisZyklen_FLGasMagnetventil_V2.description;100;-1;-1;1;;;-1
VBC700_AW;266;6802;24;0;@@viessmann.eventtype.name.WPR_RelaisZyklen_FolgeWP1_Kaskade;WPR_RelaisZyklen_FolgeWP1_Kaskade~0x0518;NoConversion;@@viessmann.eventtype.WPR_RelaisZyklen_FolgeWP1_Kaskade.description;100;-1;-1;1;;;-1
VBC700_AW;266;6803;24;0;@@viessmann.eventtype.name.WPR_RelaisZyklen_FolgeWP2_Kaskade;WPR_RelaisZyklen_FolgeWP2_Kaskade~0x0519;NoConversion;@@viessmann.eventtype.WPR_RelaisZyklen_FolgeWP2_Kaskade.description;100;-1;-1;1;;;-1
VBC700_AW;266;6804;24;0;@@viessmann.eventtype.name.WPR_RelaisZyklen_FolgeWP3_Kaskade;WPR_RelaisZyklen_FolgeWP3_Kaskade~0x051A;NoConversion;@@viessmann.eventtype.WPR_RelaisZyklen_FolgeWP3_Kaskade.description;100;-1;-1;1;;;-1
VBC700_AW;266;6805;24;0;@@viessmann.eventtype.name.WPR_RelaisZyklen_FolgeWP4_Kaskade;WPR_RelaisZyklen_FolgeWP4_Kaskade~0x051B;NoConversion;@@viessmann.eventtype.WPR_RelaisZyklen_FolgeWP4_Kaskade.description;100;-1;-1;1;;;-1
VBC700_AW;266;6806;24;0;@@viessmann.eventtype.name.WPR_RelaisZyklen_Heizkreispumpe_A1;WPR_RelaisZyklen_Heizkreispumpe_A1~0x050D;NoConversion;@@viessmann.eventtype.WPR_RelaisZyklen_Heizkreispumpe_A1.description;100;-1;-1;1;;;-1
VBC700_AW;266;6807;24;0;@@viessmann.eventtype.name.WPR_RelaisZyklen_Heizkreispumpe_M2;WPR_RelaisZyklen_Heizkreispumpe_M2~0x050E;NoConversion;@@viessmann.eventtype.WPR_RelaisZyklen_Heizkreispumpe_M2.description;100;-1;-1;1;;;-1
VBC700_AW;266;6808;24;0;@@viessmann.eventtype.name.WPR_RelaisZyklen_Heizkreispumpe_M3;WPR_RelaisZyklen_Heizkreispumpe_M3~0x050F;NoConversion;@@viessmann.eventtype.WPR_RelaisZyklen_Heizkreispumpe_M3.description;100;-1;-1;1;;;-1
VBC700_AW;266;6809;24;0;@@viessmann.eventtype.name.WPR_RelaisZyklen_Kaeltekreis_Umkehr;WPR_RelaisZyklen_Kaeltekreis_Umkehr~0x051C;NoConversion;@@viessmann.eventtype.WPR_RelaisZyklen_Kaeltekreis_Umkehr.description;100;-1;-1;1;;;-1
VBC700_AW;266;6810;24;0;@@viessmann.eventtype.name.WPR_RelaisZyklen_M2_MischerAUF;WPR_RelaisZyklen_M2_MischerAUF~0x0532;NoConversion;@@viessmann.eventtype.WPR_RelaisZyklen_M2_MischerAUF.description;100;-1;-1;1;;;-1
VBC700_AW;266;6811;24;0;@@viessmann.eventtype.name.WPR_RelaisZyklen_M2_MischerZU;WPR_RelaisZyklen_M2_MischerZU~0x0533;NoConversion;@@viessmann.eventtype.WPR_RelaisZyklen_M2_MischerZU.description;100;-1;-1;1;;;-1
VBC700_AW;266;6812;24;0;@@viessmann.eventtype.name.WPR_RelaisZyklen_M3_MischerAUF;WPR_RelaisZyklen_M3_MischerAUF~0x0534;NoConversion;@@viessmann.eventtype.WPR_RelaisZyklen_M3_MischerAUF.description;100;-1;-1;1;;;-1
VBC700_AW;266;6813;24;0;@@viessmann.eventtype.name.WPR_RelaisZyklen_M3_MischerZU;WPR_RelaisZyklen_M3_MischerZU~0x0535;NoConversion;@@viessmann.eventtype.WPR_RelaisZyklen_M3_MischerZU.description;100;-1;-1;1;;;-1
VBC700_AW;266;6815;24;0;@@viessmann.eventtype.name.WPR_RelaisZyklen_MischerZU_Relaistest;WPR_RelaisZyklen_MischerZU_Relaistest~0x053B;NoConversion;@@viessmann.eventtype.WPR_RelaisZyklen_MischerZU_Relaistest.description;100;-1;-1;1;;;-1
VBC700_AW;266;6816;24;0;@@viessmann.eventtype.name.WPR_RelaisZyklen_NatCooling_Ansteuerung;WPR_RelaisZyklen_NatCooling_Ansteuerung~0x0512;NoConversion;@@viessmann.eventtype.WPR_RelaisZyklen_NatCooling_Ansteuerung.description;100;-1;-1;1;;;-1
VBC700_AW;266;6817;24;0;@@viessmann.eventtype.name.WPR_RelaisZyklen_NCueberHK_MischerAUF;WPR_RelaisZyklen_NCueberHK_MischerAUF~0x0536;NoConversion;@@viessmann.eventtype.WPR_RelaisZyklen_NCueberHK_MischerAUF.description;100;-1;-1;1;;;-1
VBC700_AW;266;6819;24;0;@@viessmann.eventtype.name.WPR_RelaisZyklen_Primaerquelle1;WPR_RelaisZyklen_Primaerquelle1~0x0502;NoConversion;@@viessmann.eventtype.WPR_RelaisZyklen_Primaerquelle1.description;100;-1;-1;1;;;-1
VBC700_AW;266;6820;24;0;@@viessmann.eventtype.name.WPR_RelaisZyklen_Primaerquelle2;WPR_RelaisZyklen_Primaerquelle2~0x0503;NoConversion;@@viessmann.eventtype.WPR_RelaisZyklen_Primaerquelle2.description;100;-1;-1;1;;;-1
VBC700_AW;266;6821;24;0;@@viessmann.eventtype.name.WPR_RelaisZyklen_Sammelstoerung;WPR_RelaisZyklen_Sammelstoerung~0x0511;NoConversion;@@viessmann.eventtype.WPR_RelaisZyklen_Sammelstoerung.description;100;-1;-1;1;;;-1
VBC700_AW;266;6822;24;0;@@viessmann.eventtype.name.WPR_RelaisZyklen_Schaltausgang_Wtimer_ZP;WPR_RelaisZyklen_Schaltausgang_Wtimer_ZP~0x0510;NoConversion;@@viessmann.eventtype.WPR_RelaisZyklen_Schaltausgang_Wtimer_ZP.description;100;-1;-1;1;;;-1
VBC700_AW;266;6823;24;0;@@viessmann.eventtype.name.WPR_RelaisZyklen_Schwimmbad_Ventil;WPR_RelaisZyklen_Schwimmbad_Ventil~0x0517;NoConversion;@@viessmann.eventtype.WPR_RelaisZyklen_Schwimmbad_Ventil.description;100;-1;-1;1;;;-1
VBC700_AW;266;6824;24;0;@@viessmann.eventtype.name.WPR_RelaisZyklen_SekPumpe1;WPR_RelaisZyklen_SekPumpe1~0x0504;NoConversion;@@viessmann.eventtype.WPR_RelaisZyklen_SekPumpe1.description;100;-1;-1;1;;;-1
VBC700_AW;266;6825;24;0;@@viessmann.eventtype.name.WPR_RelaisZyklen_SekPumpe2;WPR_RelaisZyklen_SekPumpe2~0x0505;NoConversion;@@viessmann.eventtype.WPR_RelaisZyklen_SekPumpe2.description;100;-1;-1;1;;;-1
VBC700_AW;266;6826;24;0;@@viessmann.eventtype.name.WPR_RelaisZyklen_Solarpumpe;WPR_RelaisZyklen_Solarpumpe~0x0513;NoConversion;@@viessmann.eventtype.WPR_RelaisZyklen_Solarpumpe.description;100;-1;-1;1;;;-1
VBC700_AW;266;6827;24;0;@@viessmann.eventtype.name.WPR_RelaisZyklen_SolarpumpeVitosolic;WPR_RelaisZyklen_SolarpumpeVitosolic~0x0520;NoConversion;@@viessmann.eventtype.WPR_RelaisZyklen_SolarpumpeVitosolic.description;100;-1;-1;1;;;-1
VBC700_AW;266;6828;24;0;@@viessmann.eventtype.name.WPR_RelaisZyklen_Speicherladepumpe;WPR_RelaisZyklen_Speicherladepumpe~0x0516;NoConversion;@@viessmann.eventtype.WPR_RelaisZyklen_Speicherladepumpe.description;100;-1;-1;1;;;-1
VBC700_AW;266;6829;24;0;@@viessmann.eventtype.name.WPR_RelaisZyklen_Speichernachheizung;WPR_RelaisZyklen_Speichernachheizung~0x050A;NoConversion;@@viessmann.eventtype.WPR_RelaisZyklen_Speichernachheizung.description;100;-1;-1;1;;;-1
VBC700_AW;266;6830;24;0;@@viessmann.eventtype.name.WPR_RelaisZyklen_Verdichter1;WPR_RelaisZyklen_Verdichter1~0x0500;NoConversion;@@viessmann.eventtype.WPR_RelaisZyklen_Verdichter1.description;100;-1;-1;1;;;-1
VBC700_AW;266;6831;24;0;@@viessmann.eventtype.name.WPR_RelaisZyklen_Verdichter2;WPR_RelaisZyklen_Verdichter2~0x0501;NoConversion;@@viessmann.eventtype.WPR_RelaisZyklen_Verdichter2.description;100;-1;-1;1;;;-1
VBC700_AW;266;6832;24;0;@@viessmann.eventtype.name.WPR_RelaisZyklen_WW_Ladung_2terSollwert;WPR_RelaisZyklen_WW_Ladung_2terSollwert~0x0521;NoConversion;@@viessmann.eventtype.WPR_RelaisZyklen_WW_Ladung_2terSollwert.description;100;-1;-1;1;;;-1
VBC700_AW;266;6833;24;0;@@viessmann.eventtype.name.WPR_Ruecklauftemperatur_Primaerquelle;WPR_Ruecklauftemperatur_Primaerquelle~0x0104;Div10;@@viessmann.eventtype.WPR_Ruecklauftemperatur_Primaerquelle.description;100;-1;-1;1;;;-1
VBC700_AW;266;6834;24;0;@@viessmann.eventtype.name.WPR_Ruecklauftemperatur_Sek1;WPR_Ruecklauftemperatur_Sek1~0x0106;Div10;@@viessmann.eventtype.WPR_Ruecklauftemperatur_Sek1.description;100;-1;-1;1;;;-1
VBC700_AW;266;6835;24;0;@@viessmann.eventtype.name.WPR_Ruecklauftemperatur_Sek2;WPR_Ruecklauftemperatur_Sek2~0x0107;Div10;@@viessmann.eventtype.WPR_Ruecklauftemperatur_Sek2.description;100;-1;-1;1;;;-1
VBC700_AW;266;6836;24;0;@@viessmann.eventtype.name.WPR_Ruecklauftemperatur_Solar;WPR_Ruecklauftemperatur_Solar~0x0112;Div10;@@viessmann.eventtype.WPR_Ruecklauftemperatur_Solar.description;100;-1;-1;1;;;-1
VBC700_AW;266;6837;24;0;@@viessmann.eventtype.name.WPR_Sauggastemperatur_EEV1;WPR_Sauggastemperatur_EEV1~0x011F;Div10;@@viessmann.eventtype.WPR_Sauggastemperatur_EEV1.description;100;-1;-1;1;;;-1
VBC700_AW;266;6838;24;0;@@viessmann.eventtype.name.WPR_Sauggastemperatur_EEV2;WPR_Sauggastemperatur_EEV2~0x0120;Div10;@@viessmann.eventtype.WPR_Sauggastemperatur_EEV2.description;100;-1;-1;1;;;-1
VBC700_AW;266;6839;24;-1;@@viessmann.eventtype.name.WPR_Schalter_Anode;WPR_Schalter_Anode~0x0312;NoConversion;@@viessmann.eventtype.WPR_Schalter_Anode.description;50;-1;-1;1;;;-1
VBC700_AW;266;6840;24;-1;@@viessmann.eventtype.name.WPR_Schalter_DINachladeunterdrueckungWW;WPR_Schalter_DINachladeunterdrueckungWW~0x031D;NoConversion;@@viessmann.eventtype.WPR_Schalter_DINachladeunterdrueckungWW.description;50;-1;-1;1;;;-1
VBC700_AW;266;6841;24;-1;@@viessmann.eventtype.name.WPR_Schalter_EEV1_DIFreigabeEEVRegelung;WPR_Schalter_EEV1_DIFreigabeEEVRegelung~0x0319;NoConversion;@@viessmann.eventtype.WPR_Schalter_EEV1_DIFreigabeEEVRegelung.description;50;-1;-1;1;;;-1
VBC700_AW;266;6842;24;-1;@@viessmann.eventtype.name.WPR_Schalter_EEV1_DIHeizen_Kuehlen;WPR_Schalter_EEV1_DIHeizen_Kuehlen~0x031B;NoConversion;@@viessmann.eventtype.WPR_Schalter_EEV1_DIHeizen_Kuehlen.description;50;-1;-1;1;;;-1
VBC700_AW;266;6843;24;-1;@@viessmann.eventtype.name.WPR_Schalter_EEV2_DIFreigabeEEVRegelung;WPR_Schalter_EEV2_DIFreigabeEEVRegelung~0x031A;NoConversion;@@viessmann.eventtype.WPR_Schalter_EEV2_DIFreigabeEEVRegelung.description;50;-1;-1;1;;;-1
VBC700_AW;266;6844;24;-1;@@viessmann.eventtype.name.WPR_Schalter_EEV2_DIHeizen_Kuehlen;WPR_Schalter_EEV2_DIHeizen_Kuehlen~0x031C;NoConversion;@@viessmann.eventtype.WPR_Schalter_EEV2_DIHeizen_Kuehlen.description;50;-1;-1;1;;;-1
VBC700_AW;266;6845;24;-1;@@viessmann.eventtype.name.WPR_Schalter_Eheizstab1_Sicherheitstemperaturbegrenzer;WPR_Schalter_Eheizstab1_Sicherheitstemperaturbegrenzer~0x030F;NoConversion;@@viessmann.eventtype.WPR_Schalter_Eheizstab1_Sicherheitstemperaturbegrenzer.description;50;-1;-1;1;;;-1
VBC700_AW;266;6846;24;-1;@@viessmann.eventtype.name.WPR_Schalter_Eheizstab2_Sicherheitstemperaturbegrenzer;WPR_Schalter_Eheizstab2_Sicherheitstemperaturbegrenzer~0x0310;NoConversion;@@viessmann.eventtype.WPR_Schalter_Eheizstab2_Sicherheitstemperaturbegrenzer.description;50;-1;-1;1;;;-1
VBC700_AW;266;6847;24;-1;@@viessmann.eventtype.name.WPR_Schalter_Eheizstab3_Sicherheitstemperaturbegrenzer;WPR_Schalter_Eheizstab3_Sicherheitstemperaturbegrenzer~0x0311;NoConversion;@@viessmann.eventtype.WPR_Schalter_Eheizstab3_Sicherheitstemperaturbegrenzer.description;50;-1;-1;1;;;-1
VBC700_AW;266;6848;24;-1;@@viessmann.eventtype.name.WPR_Schalter_eNetz_Verdichter;WPR_Schalter_eNetz_Verdichter~0x0314;NoConversion;@@viessmann.eventtype.WPR_Schalter_eNetz_Verdichter.description;50;-1;-1;1;;;-1
VBC700_AW;266;6850;24;-1;@@viessmann.eventtype.name.WPR_Schalter_EVU_Sperre_eHeizstab;WPR_Schalter_EVU_Sperre_eHeizstab~0x0304;NoConversion;@@viessmann.eventtype.WPR_Schalter_EVU_Sperre_eHeizstab.description;50;-1;-1;1;;;-1
VBC700_AW;266;6851;24;-1;@@viessmann.eventtype.name.WPR_Schalter_ExtAnforderungSchwimmbadBAUmschaltung;WPR_Schalter_ExtAnforderungSchwimmbadBAUmschaltung~0x0300;NoConversion;@@viessmann.eventtype.WPR_Schalter_ExtAnforderungSchwimmbadBAUmschaltung.description;50;-1;-1;1;;;-1
VBC700_AW;266;6852;24;-1;@@viessmann.eventtype.name.WPR_Schalter_ExternSperren;WPR_Schalter_ExternSperren~0x0317;NoConversion;@@viessmann.eventtype.WPR_Schalter_ExternSperren.description;50;-1;-1;1;;;-1
VBC700_AW;266;6853;24;-1;@@viessmann.eventtype.name.WPR_Schalter_Kaeltekreis;WPR_Schalter_Kaeltekreis~0x0313;NoConversion;@@viessmann.eventtype.WPR_Schalter_Kaeltekreis.description;50;-1;-1;1;;;-1
VBC700_AW;266;6854;24;-1;@@viessmann.eventtype.name.WPR_Schalter_Motor1;WPR_Schalter_Motor1~0x030D;NoConversion;@@viessmann.eventtype.WPR_Schalter_Motor1.description;50;-1;-1;1;;;-1
VBC700_AW;266;6855;24;-1;@@viessmann.eventtype.name.WPR_Schalter_Motor2;WPR_Schalter_Motor2~0x030E;NoConversion;@@viessmann.eventtype.WPR_Schalter_Motor2.description;50;-1;-1;1;;;-1
VBC700_AW;266;6856;24;-1;@@viessmann.eventtype.name.WPR_Schalter_Niederdruck_Verdichter1;WPR_Schalter_Niederdruck_Verdichter1~0x030B;NoConversion;@@viessmann.eventtype.WPR_Schalter_Niederdruck_Verdichter1.description;50;-1;-1;1;;;-1
VBC700_AW;266;6857;24;-1;@@viessmann.eventtype.name.WPR_Schalter_Niederdruck_Verdichter2;WPR_Schalter_Niederdruck_Verdichter2~0x030C;NoConversion;@@viessmann.eventtype.WPR_Schalter_Niederdruck_Verdichter2.description;50;-1;-1;1;;;-1
VBC700_AW;266;6858;24;-1;@@viessmann.eventtype.name.WPR_Schalter_Phasenwaechter;WPR_Schalter_Phasenwaechter~0x0302;NoConversion;@@viessmann.eventtype.WPR_Schalter_Phasenwaechter.description;50;-1;-1;1;;;-1
VBC700_AW;266;6859;24;-1;@@viessmann.eventtype.name.WPR_Schalter_Primaerquelle1_Soledruck;WPR_Schalter_Primaerquelle1_Soledruck~0x0305;NoConversion;@@viessmann.eventtype.WPR_Schalter_Primaerquelle1_Soledruck.description;50;-1;-1;1;;;-1
VBC700_AW;266;6860;24;-1;@@viessmann.eventtype.name.WPR_Schalter_Primaerquelle2_Soledruck;WPR_Schalter_Primaerquelle2_Soledruck~0x0306;NoConversion;@@viessmann.eventtype.WPR_Schalter_Primaerquelle2_Soledruck.description;50;-1;-1;1;;;-1
VBC700_AW;266;6861;24;-1;@@viessmann.eventtype.name.WPR_Schalter_Regelhochdruck_Verdichter1;WPR_Schalter_Regelhochdruck_Verdichter1~0x0309;NoConversion;@@viessmann.eventtype.WPR_Schalter_Regelhochdruck_Verdichter1.description;50;-1;-1;1;;;-1
VBC700_AW;266;6862;24;-1;@@viessmann.eventtype.name.WPR_Schalter_Regelhochdruck_Verdichter2;WPR_Schalter_Regelhochdruck_Verdichter2~0x030A;NoConversion;@@viessmann.eventtype.WPR_Schalter_Regelhochdruck_Verdichter2.description;50;-1;-1;1;;;-1
VBC700_AW;266;6863;24;-1;@@viessmann.eventtype.name.WPR_Schalter_SicherheitsHochdruck_Verdichter1;WPR_Schalter_SicherheitsHochdruck_Verdichter1~0x0307;NoConversion;@@viessmann.eventtype.WPR_Schalter_SicherheitsHochdruck_Verdichter1.description;50;-1;-1;1;;;-1
VBC700_AW;266;6864;24;-1;@@viessmann.eventtype.name.WPR_Schalter_SicherheitsHochdruck_Verdichter2;WPR_Schalter_SicherheitsHochdruck_Verdichter2~0x0308;NoConversion;@@viessmann.eventtype.WPR_Schalter_SicherheitsHochdruck_Verdichter2.description;50;-1;-1;1;;;-1
VBC700_AW;266;6865;24;-1;@@viessmann.eventtype.name.WPR_Schalter_Sicherheitskette;WPR_Schalter_Sicherheitskette~0x0315;NoConversion;@@viessmann.eventtype.WPR_Schalter_Sicherheitskette.description;50;-1;-1;1;;;-1
VBC700_AW;266;6866;24;-1;@@viessmann.eventtype.name.WPR_Schalter_Stoermeldung_FolgeWP;WPR_Schalter_Stoermeldung_FolgeWP~0x0318;NoConversion;@@viessmann.eventtype.WPR_Schalter_Stoermeldung_FolgeWP.description;50;-1;-1;1;;;-1
VBC700_AW;266;6867;24;-1;@@viessmann.eventtype.name.WPR_Schalter_Stroemungssensor;WPR_Schalter_Stroemungssensor~0x0301;NoConversion;@@viessmann.eventtype.WPR_Schalter_Stroemungssensor.description;50;-1;-1;1;;;-1
VBC700_AW;266;6868;24;-1;@@viessmann.eventtype.name.WPR_Schalter_Verdichter;WPR_Schalter_Verdichter~0x0316;NoConversion;@@viessmann.eventtype.WPR_Schalter_Verdichter.description;50;-1;-1;1;;;-1
VBC700_AW;266;6869;24;-1;@@viessmann.eventtype.name.WPR_SchalterStatus_Anode;WPR_SchalterStatus_Anode~0x0392;NoConversion;@@viessmann.eventtype.WPR_SchalterStatus_Anode.description;50;-1;-1;1;;;-1
VBC700_AW;266;6870;24;-1;@@viessmann.eventtype.name.WPR_SchalterStatus_DINachladeunterdrueckungWW;WPR_SchalterStatus_DINachladeunterdrueckungWW~0x039D;NoConversion;@@viessmann.eventtype.WPR_SchalterStatus_DINachladeunterdrueckungWW.description;50;-1;-1;1;;;-1
VBC700_AW;266;6871;24;-1;@@viessmann.eventtype.name.WPR_SchalterStatus_EEV1_DIFreigabeEEVRegelung;WPR_SchalterStatus_EEV1_DIFreigabeEEVRegelung~0x0399;NoConversion;@@viessmann.eventtype.WPR_SchalterStatus_EEV1_DIFreigabeEEVRegelung.description;50;-1;-1;1;;;-1
VBC700_AW;266;6872;24;-1;@@viessmann.eventtype.name.WPR_SchalterStatus_EEV1_DIHeizen_Kuehlen;WPR_SchalterStatus_EEV1_DIHeizen_Kuehlen~0x039B;NoConversion;@@viessmann.eventtype.WPR_SchalterStatus_EEV1_DIHeizen_Kuehlen.description;50;-1;-1;1;;;-1
VBC700_AW;266;6873;24;-1;@@viessmann.eventtype.name.WPR_SchalterStatus_EEV2_DIFreigabeEEVRegelung;WPR_SchalterStatus_EEV2_DIFreigabeEEVRegelung~0x039A;NoConversion;@@viessmann.eventtype.WPR_SchalterStatus_EEV2_DIFreigabeEEVRegelung.description;50;-1;-1;1;;;-1
VBC700_AW;266;6874;24;-1;@@viessmann.eventtype.name.WPR_SchalterStatus_EEV2_DIHeizen_Kuehlen;WPR_SchalterStatus_EEV2_DIHeizen_Kuehlen~0x039C;NoConversion;@@viessmann.eventtype.WPR_SchalterStatus_EEV2_DIHeizen_Kuehlen.description;50;-1;-1;1;;;-1
VBC700_AW;266;6875;24;-1;@@viessmann.eventtype.name.WPR_SchalterStatus_Eheizstab1_Sicherheitstemperaturbegrenzer;WPR_SchalterStatus_Eheizstab1_Sicherheitstemperaturbegrenzer~0x038F;NoConversion;@@viessmann.eventtype.WPR_SchalterStatus_Eheizstab1_Sicherheitstemperaturbegrenzer.description;50;-1;-1;1;;;-1
VBC700_AW;266;6876;24;-1;@@viessmann.eventtype.name.WPR_SchalterStatus_Eheizstab2_Sicherheitstemperaturbegrenzer;WPR_SchalterStatus_Eheizstab2_Sicherheitstemperaturbegrenzer~0x0390;NoConversion;@@viessmann.eventtype.WPR_SchalterStatus_Eheizstab2_Sicherheitstemperaturbegrenzer.description;50;-1;-1;1;;;-1
VBC700_AW;266;6877;24;-1;@@viessmann.eventtype.name.WPR_SchalterStatus_Eheizstab3_Sicherheitstemperaturbegrenzer;WPR_SchalterStatus_Eheizstab3_Sicherheitstemperaturbegrenzer~0x0391;NoConversion;@@viessmann.eventtype.WPR_SchalterStatus_Eheizstab3_Sicherheitstemperaturbegrenzer.description;50;-1;-1;1;;;-1
VBC700_AW;266;6878;24;-1;@@viessmann.eventtype.name.WPR_SchalterStatus_eNetz_Verdichter;WPR_SchalterStatus_eNetz_Verdichter~0x0394;NoConversion;@@viessmann.eventtype.WPR_SchalterStatus_eNetz_Verdichter.description;50;-1;-1;1;;;-1
VBC700_AW;266;6879;24;-1;@@viessmann.eventtype.name.WPR_SchalterStatus_EVU_Sperre;WPR_SchalterStatus_EVU_Sperre~0x0383;NoConversion;@@viessmann.eventtype.WPR_SchalterStatus_EVU_Sperre.description;50;-1;-1;1;;;-1
VBC700_AW;266;6881;24;-1;@@viessmann.eventtype.name.WPR_SchalterStatus_ExtAnforderungSchwimmbadBAUmschaltung;WPR_SchalterStatus_ExtAnforderungSchwimmbadBAUmschaltung~0x0380;NoConversion;@@viessmann.eventtype.WPR_SchalterStatus_ExtAnforderungSchwimmbadBAUmschaltung.description;50;-1;-1;1;;;-1
VBC700_AW;266;6882;24;-1;@@viessmann.eventtype.name.WPR_SchalterStatus_ExternSperren;WPR_SchalterStatus_ExternSperren~0x0397;NoConversion;@@viessmann.eventtype.WPR_SchalterStatus_ExternSperren.description;50;-1;-1;1;;;-1
VBC700_AW;266;6883;24;-1;@@viessmann.eventtype.name.WPR_SchalterStatus_Kaeltekreis;WPR_SchalterStatus_Kaeltekreis~0x0393;NoConversion;@@viessmann.eventtype.WPR_SchalterStatus_Kaeltekreis.description;50;-1;-1;1;;;-1
VBC700_AW;266;6884;24;-1;@@viessmann.eventtype.name.WPR_SchalterStatus_Motor1;WPR_SchalterStatus_Motor1~0x038D;NoConversion;@@viessmann.eventtype.WPR_SchalterStatus_Motor1.description;50;-1;-1;1;;;-1
VBC700_AW;266;6885;24;-1;@@viessmann.eventtype.name.WPR_SchalterStatus_Motor2;WPR_SchalterStatus_Motor2~0x038E;NoConversion;@@viessmann.eventtype.WPR_SchalterStatus_Motor2.description;50;-1;-1;1;;;-1
VBC700_AW;266;6886;24;-1;@@viessmann.eventtype.name.WPR_SchalterStatus_Niederdruck_Verdichter1;WPR_SchalterStatus_Niederdruck_Verdichter1~0x038B;NoConversion;@@viessmann.eventtype.WPR_SchalterStatus_Niederdruck_Verdichter1.description;50;-1;-1;1;;;-1
VBC700_AW;266;6887;24;-1;@@viessmann.eventtype.name.WPR_SchalterStatus_Niederdruck_Verdichter2;WPR_SchalterStatus_Niederdruck_Verdichter2~0x038C;NoConversion;@@viessmann.eventtype.WPR_SchalterStatus_Niederdruck_Verdichter2.description;50;-1;-1;1;;;-1
VBC700_AW;266;6888;24;-1;@@viessmann.eventtype.name.WPR_SchalterStatus_Phasenwaechter;WPR_SchalterStatus_Phasenwaechter~0x0382;NoConversion;@@viessmann.eventtype.WPR_SchalterStatus_Phasenwaechter.description;50;-1;-1;1;;;-1
VBC700_AW;266;6889;24;-1;@@viessmann.eventtype.name.WPR_SchalterStatus_Primaerquelle1_Soledruck;WPR_SchalterStatus_Primaerquelle1_Soledruck~0x0385;NoConversion;@@viessmann.eventtype.WPR_SchalterStatus_Primaerquelle1_Soledruck.description;50;-1;-1;1;;;-1
VBC700_AW;266;6890;24;-1;@@viessmann.eventtype.name.WPR_SchalterStatus_Primaerquelle2;WPR_SchalterStatus_Primaerquelle2~0x0386;NoConversion;@@viessmann.eventtype.WPR_SchalterStatus_Primaerquelle2.description;50;-1;-1;1;;;-1
VBC700_AW;266;6891;24;-1;@@viessmann.eventtype.name.WPR_SchalterStatus_Regelhochdruck_Verdichter1;WPR_SchalterStatus_Regelhochdruck_Verdichter1~0x0389;NoConversion;@@viessmann.eventtype.WPR_SchalterStatus_Regelhochdruck_Verdichter1.description;50;-1;-1;1;;;-1
VBC700_AW;266;6892;24;-1;@@viessmann.eventtype.name.WPR_SchalterStatus_Regelhochdruck_Verdichter2;WPR_SchalterStatus_Regelhochdruck_Verdichter2~0x038A;NoConversion;@@viessmann.eventtype.WPR_SchalterStatus_Regelhochdruck_Verdichter2.description;50;-1;-1;1;;;-1
VBC700_AW;266;6893;24;-1;@@viessmann.eventtype.name.WPR_SchalterStatus_Sicherheitshochdruck_Verdichter1;WPR_SchalterStatus_Sicherheitshochdruck_Verdichter1~0x0387;NoConversion;@@viessmann.eventtype.WPR_SchalterStatus_Sicherheitshochdruck_Verdichter1.description;50;-1;-1;1;;;-1
VBC700_AW;266;6894;24;-1;@@viessmann.eventtype.name.WPR_SchalterStatus_Sicherheitshochdruck_Verdichter2;WPR_SchalterStatus_Sicherheitshochdruck_Verdichter2~0x0388;NoConversion;@@viessmann.eventtype.WPR_SchalterStatus_Sicherheitshochdruck_Verdichter2.description;50;-1;-1;1;;;-1
VBC700_AW;266;6895;24;-1;@@viessmann.eventtype.name.WPR_SchalterStatus_Sicherheitskette;WPR_SchalterStatus_Sicherheitskette~0x0395;NoConversion;@@viessmann.eventtype.WPR_SchalterStatus_Sicherheitskette.description;50;-1;-1;1;;;-1
VBC700_AW;266;6896;24;-1;@@viessmann.eventtype.name.WPR_SchalterStatus_Stoermeldung_FolgeWP;WPR_SchalterStatus_Stoermeldung_FolgeWP~0x0398;NoConversion;@@viessmann.eventtype.WPR_SchalterStatus_Stoermeldung_FolgeWP.description;50;-1;-1;1;;;-1
VBC700_AW;266;6897;24;-1;@@viessmann.eventtype.name.WPR_SchalterStatus_Stroemungssensor;WPR_SchalterStatus_Stroemungssensor~0x0381;NoConversion;@@viessmann.eventtype.WPR_SchalterStatus_Stroemungssensor.description;50;-1;-1;1;;;-1
VBC700_AW;266;6898;24;-1;@@viessmann.eventtype.name.WPR_SchalterStatus_Verdichter;WPR_SchalterStatus_Verdichter~0x0396;NoConversion;@@viessmann.eventtype.WPR_SchalterStatus_Verdichter.description;50;-1;-1;1;;;-1
VBC700_AW;266;6901;24;0;@@viessmann.eventtype.name.WPR_SensorDruck_EEV_Kondensatordruck1;WPR_SensorDruck_EEV_Kondensatordruck1~0x0682;Div10;@@viessmann.eventtype.WPR_SensorDruck_EEV_Kondensatordruck1.description;100;-1;-1;1;;;-1
VBC700_AW;266;6902;24;0;@@viessmann.eventtype.name.WPR_SensorDruck_EEV_Kondensatordruck2;WPR_SensorDruck_EEV_Kondensatordruck2~0x0683;Div10;@@viessmann.eventtype.WPR_SensorDruck_EEV_Kondensatordruck2.description;100;-1;-1;1;;;-1
VBC700_AW;266;6903;24;0;@@viessmann.eventtype.name.WPR_SensorDruck_EEV_Saugdruck1;WPR_SensorDruck_EEV_Saugdruck1~0x0680;Div10;@@viessmann.eventtype.WPR_SensorDruck_EEV_Saugdruck1.description;100;-1;-1;1;;;-1
VBC700_AW;266;6904;24;0;@@viessmann.eventtype.name.WPR_SensorDruck_EEV_Saugdruck2;WPR_SensorDruck_EEV_Saugdruck2~0x0681;Div10;@@viessmann.eventtype.WPR_SensorDruck_EEV_Saugdruck2.description;100;-1;-1;1;;;-1
VBC700_AW;266;6907;24;-1;@@viessmann.eventtype.name.WPR_SensorDruckStatus_EEV_Kondensatordruck1;WPR_SensorDruckStatus_EEV_Kondensatordruck1~0x06A2;NoConversion;@@viessmann.eventtype.WPR_SensorDruckStatus_EEV_Kondensatordruck1.description;50;-1;-1;1;;;-1
VBC700_AW;266;6908;24;-1;@@viessmann.eventtype.name.WPR_SensorDruckStatus_EEV_Kondensatordruck2;WPR_SensorDruckStatus_EEV_Kondensatordruck2~0x06A3;NoConversion;@@viessmann.eventtype.WPR_SensorDruckStatus_EEV_Kondensatordruck2.description;50;-1;-1;1;;;-1
VBC700_AW;266;6909;24;-1;@@viessmann.eventtype.name.WPR_SensorDruckStatus_EEV_Saugdruck1;WPR_SensorDruckStatus_EEV_Saugdruck1~0x06A0;NoConversion;@@viessmann.eventtype.WPR_SensorDruckStatus_EEV_Saugdruck1.description;50;-1;-1;1;;;-1
VBC700_AW;266;6910;24;-1;@@viessmann.eventtype.name.WPR_SensorDruckStatus_EEV_Saugdruck2;WPR_SensorDruckStatus_EEV_Saugdruck2~0x06A1;NoConversion;@@viessmann.eventtype.WPR_SensorDruckStatus_EEV_Saugdruck2.description;50;-1;-1;1;;;-1
VBC700_AW;266;6911;24;0;@@viessmann.eventtype.name.WPR_SensorPosition_ECV_1;WPR_SensorPosition_ECV_1~0x0641;NoConversion;@@viessmann.eventtype.WPR_SensorPosition_ECV_1.description;100;-1;-1;1;;;-1
VBC700_AW;266;6912;24;0;@@viessmann.eventtype.name.WPR_SensorPosition_ECV_2;WPR_SensorPosition_ECV_2~0x0642;NoConversion;@@viessmann.eventtype.WPR_SensorPosition_ECV_2.description;100;-1;-1;1;;;-1
VBC700_AW;266;6913;24;0;@@viessmann.eventtype.name.WPR_SensorPosition_Eingang_ext_AE;WPR_SensorPosition_Eingang_ext_AE~0x0640;NoConversion;@@viessmann.eventtype.WPR_SensorPosition_Eingang_ext_AE.description;100;-1;-1;1;;;-1
VBC700_AW;266;6916;24;-1;@@viessmann.eventtype.name.WPR_SensorPositionStatus_ECV_1;WPR_SensorPositionStatus_ECV_1~0x0661;NoConversion;@@viessmann.eventtype.WPR_SensorPositionStatus_ECV_1.description;50;-1;-1;1;;;-1
VBC700_AW;266;6917;24;-1;@@viessmann.eventtype.name.WPR_SensorPositionStatus_ECV_2;WPR_SensorPositionStatus_ECV_2~0x0662;NoConversion;@@viessmann.eventtype.WPR_SensorPositionStatus_ECV_2.description;50;-1;-1;1;;;-1
VBC700_AW;266;6918;24;-1;@@viessmann.eventtype.name.WPR_SensorPositionStatus_Eingang_ext_AE;WPR_SensorPositionStatus_Eingang_ext_AE~0x0660;NoConversion;@@viessmann.eventtype.WPR_SensorPositionStatus_Eingang_ext_AE.description;50;-1;-1;1;;;-1
VBC700_AW;266;6921;24;-1;@@viessmann.eventtype.name.WPR_SensorStatus_Anlagenvorlauftemperatur;WPR_SensorStatus_Anlagenvorlauftemperatur~0x018A;NoConversion;@@viessmann.eventtype.WPR_SensorStatus_Anlagenvorlauftemperatur.description;50;-1;-1;1;;;-1
VBC700_AW;266;6922;24;-1;@@viessmann.eventtype.name.WPR_SensorStatus_ATS;WPR_SensorStatus_ATS~0x0181;NoConversion;@@viessmann.eventtype.WPR_SensorStatus_ATS.description;50;-1;-1;1;;;-1
VBC700_AW;266;6925;24;-1;@@viessmann.eventtype.name.WPR_SensorStatus_Fluessiggastemperatur_EEV1;WPR_SensorStatus_Fluessiggastemperatur_EEV1~0x01A3;NoConversion;@@viessmann.eventtype.WPR_SensorStatus_Fluessiggastemperatur_EEV1.description;50;-1;-1;1;;;-1
VBC700_AW;266;6938;24;-1;@@viessmann.eventtype.name.WPR_SensorStatus_Raumtemperatur_HK_M2_Vitotrol;WPR_SensorStatus_Raumtemperatur_HK_M2_Vitotrol~0x0197;NoConversion;@@viessmann.eventtype.WPR_SensorStatus_Raumtemperatur_HK_M2_Vitotrol.description;50;-1;-1;1;;;-1
VBC700_AW;266;6939;24;-1;@@viessmann.eventtype.name.WPR_SensorStatus_Raumtemperatur_HK_M3_Vitotrol;WPR_SensorStatus_Raumtemperatur_HK_M3_Vitotrol~0x0198;NoConversion;@@viessmann.eventtype.WPR_SensorStatus_Raumtemperatur_HK_M3_Vitotrol.description;50;-1;-1;1;;;-1
VBC700_AW;266;6940;24;-1;@@viessmann.eventtype.name.WPR_SensorStatus_Raumtemperatur_NatCooling;WPR_SensorStatus_Raumtemperatur_NatCooling~0x019B;NoConversion;@@viessmann.eventtype.WPR_SensorStatus_Raumtemperatur_NatCooling.description;50;-1;-1;1;;;-1
VBC700_AW;266;6941;24;-1;@@viessmann.eventtype.name.WPR_SensorStatus_Ruecklauf_Primaer;WPR_SensorStatus_Ruecklauf_Primaer~0x0184;NoConversion;@@viessmann.eventtype.WPR_SensorStatus_Ruecklauf_Primaer.description;50;-1;-1;1;;;-1
VBC700_AW;266;6942;24;-1;@@viessmann.eventtype.name.WPR_SensorStatus_Ruecklauftemperatur_Solar;WPR_SensorStatus_Ruecklauftemperatur_Solar~0x0192;NoConversion;@@viessmann.eventtype.WPR_SensorStatus_Ruecklauftemperatur_Solar.description;50;-1;-1;1;;;-1
VBC700_AW;266;6943;24;-1;@@viessmann.eventtype.name.WPR_SensorStatus_Ruecklauftemperatur1_Sek;WPR_SensorStatus_Ruecklauftemperatur1_Sek~0x0186;NoConversion;@@viessmann.eventtype.WPR_SensorStatus_Ruecklauftemperatur1_Sek.description;50;-1;-1;1;;;-1
VBC700_AW;266;6944;24;-1;@@viessmann.eventtype.name.WPR_SensorStatus_Ruecklauftemperatur2_Sek;WPR_SensorStatus_Ruecklauftemperatur2_Sek~0x0187;NoConversion;@@viessmann.eventtype.WPR_SensorStatus_Ruecklauftemperatur2_Sek.description;50;-1;-1;1;;;-1
VBC700_AW;266;6945;24;-1;@@viessmann.eventtype.name.WPR_SensorStatus_Sauggastemperatur_EEV1;WPR_SensorStatus_Sauggastemperatur_EEV1~0x019F;NoConversion;@@viessmann.eventtype.WPR_SensorStatus_Sauggastemperatur_EEV1.description;50;-1;-1;1;;;-1
VBC700_AW;266;6946;24;-1;@@viessmann.eventtype.name.WPR_SensorStatus_Sauggastemperatur_EEV2;WPR_SensorStatus_Sauggastemperatur_EEV2~0x01A0;NoConversion;@@viessmann.eventtype.WPR_SensorStatus_Sauggastemperatur_EEV2.description;50;-1;-1;1;;;-1
VBC700_AW;266;6947;24;-1;@@viessmann.eventtype.name.WPR_SensorStatus_Speichertemperatur_SolarmodulVitosolic;WPR_SensorStatus_Speichertemperatur_SolarmodulVitosolic~0x0193;NoConversion;@@viessmann.eventtype.WPR_SensorStatus_Speichertemperatur_SolarmodulVitosolic.description;50;-1;-1;1;;;-1
VBC700_AW;266;6948;24;-1;@@viessmann.eventtype.name.WPR_SensorStatus_Verdampfer;WPR_SensorStatus_Verdampfer~0x0182;NoConversion;@@viessmann.eventtype.WPR_SensorStatus_Verdampfer.description;50;-1;-1;1;;;-1
VBC700_AW;266;6949;24;-1;@@viessmann.eventtype.name.WPR_SensorStatus_Vorlauf_Primaer;WPR_SensorStatus_Vorlauf_Primaer~0x0183;NoConversion;@@viessmann.eventtype.WPR_SensorStatus_Vorlauf_Primaer.description;50;-1;-1;1;;;-1
VBC700_AW;266;6950;24;-1;@@viessmann.eventtype.name.WPR_SensorStatus_Vorlauftemperatur_HK_M2;WPR_SensorStatus_Vorlauftemperatur_HK_M2~0x0194;NoConversion;@@viessmann.eventtype.WPR_SensorStatus_Vorlauftemperatur_HK_M2.description;50;-1;-1;1;;;-1
VBC700_AW;266;6951;24;-1;@@viessmann.eventtype.name.WPR_SensorStatus_Vorlauftemperatur_HK_M3;WPR_SensorStatus_Vorlauftemperatur_HK_M3~0x0195;NoConversion;@@viessmann.eventtype.WPR_SensorStatus_Vorlauftemperatur_HK_M3.description;50;-1;-1;1;;;-1
VBC700_AW;266;6952;24;-1;@@viessmann.eventtype.name.WPR_SensorStatus_Vorlauftemperatur_NatCoolingHKxx;WPR_SensorStatus_Vorlauftemperatur_NatCoolingHKxx~0x019A;NoConversion;@@viessmann.eventtype.WPR_SensorStatus_Vorlauftemperatur_NatCoolingHKxx.description;50;-1;-1;1;;;-1
VBC700_AW;266;6953;24;-1;@@viessmann.eventtype.name.WPR_SensorStatus_Vorlauftemperatur_NatCoolingKreis;WPR_SensorStatus_Vorlauftemperatur_NatCoolingKreis~0x0199;NoConversion;@@viessmann.eventtype.WPR_SensorStatus_Vorlauftemperatur_NatCoolingKreis.description;50;-1;-1;1;;;-1
VBC700_AW;266;6954;24;-1;@@viessmann.eventtype.name.WPR_SensorStatus_Vorlauftemperatur_Sek;WPR_SensorStatus_Vorlauftemperatur_Sek~0x0185;NoConversion;@@viessmann.eventtype.WPR_SensorStatus_Vorlauftemperatur_Sek.description;50;-1;-1;1;;;-1
VBC700_AW;266;6955;24;-1;@@viessmann.eventtype.name.WPR_SensorStatus_WW_TemperaturAusgang;WPR_SensorStatus_WW_TemperaturAusgang~0x0190;NoConversion;@@viessmann.eventtype.WPR_SensorStatus_WW_TemperaturAusgang.description;50;-1;-1;1;;;-1
VBC700_AW;266;6956;24;-1;@@viessmann.eventtype.name.WPR_SensorStatus_WW_TemperaturMitte;WPR_SensorStatus_WW_TemperaturMitte~0x018F;NoConversion;@@viessmann.eventtype.WPR_SensorStatus_WW_TemperaturMitte.description;50;-1;-1;1;;;-1
VBC700_AW;266;6957;24;-1;@@viessmann.eventtype.name.WPR_SensorStatus_WW_TemperaturOben;WPR_SensorStatus_WW_TemperaturOben~0x018D;NoConversion;@@viessmann.eventtype.WPR_SensorStatus_WW_TemperaturOben.description;50;-1;-1;1;;;-1
VBC700_AW;266;6958;24;-1;@@viessmann.eventtype.name.WPR_SensorStatus_WW_TemperaturUnten;WPR_SensorStatus_WW_TemperaturUnten~0x018E;NoConversion;@@viessmann.eventtype.WPR_SensorStatus_WW_TemperaturUnten.description;50;-1;-1;1;;;-1
VBC700_AW;266;6959;24;0;@@viessmann.eventtype.name.WPR_SepNCKreis_NatCooling_HystereseRaumtemperatur;WPR_SepNCKreis_NatCooling_HystereseRaumtemperatur~0x7102;Div10;@@viessmann.eventtype.WPR_SepNCKreis_NatCooling_HystereseRaumtemperatur.description;100;-1;-1;3;;1;-1
VBC700_AW;266;6960;24;0;@@viessmann.eventtype.name.WPR_SepNCKreis_NatCooling_Integralanteil_Raumregler;WPR_SepNCKreis_NatCooling_Integralanteil_Raumregler~0x7107;NoConversion;@@viessmann.eventtype.WPR_SepNCKreis_NatCooling_Integralanteil_Raumregler.description;100;-1;-1;3;;100;-1
VBC700_AW;266;6961;24;-1;@@viessmann.eventtype.name.WPR_SepNCKreis_NatCooling_Kreis;WPR_SepNCKreis_NatCooling_Kreis~0x7100;NoConversion;@@viessmann.eventtype.WPR_SepNCKreis_NatCooling_Kreis.description;50;-1;-1;3;;0;-1
VBC700_AW;266;6962;24;0;@@viessmann.eventtype.name.WPR_SepNCKreis_NatCooling_Laufzeit_Mischer;WPR_SepNCKreis_NatCooling_Laufzeit_Mischer~0x710A;NoConversion;@@viessmann.eventtype.WPR_SepNCKreis_NatCooling_Laufzeit_Mischer.description;100;-1;-1;3;;125;-1
VBC700_AW;266;6963;24;0;@@viessmann.eventtype.name.WPR_SepNCKreis_NatCooling_min_Vorlauftemperatur;WPR_SepNCKreis_NatCooling_min_Vorlauftemperatur~0x7108;Div10;@@viessmann.eventtype.WPR_SepNCKreis_NatCooling_min_Vorlauftemperatur.description;100;-1;-1;3;;10;-1
VBC700_AW;266;6965;24;0;@@viessmann.eventtype.name.WPR_SepNCKreis_NatCooling_Neigung_Kuehlkennlinie;WPR_SepNCKreis_NatCooling_Neigung_Kuehlkennlinie~0x7106;Div10;@@viessmann.eventtype.WPR_SepNCKreis_NatCooling_Neigung_Kuehlkennlinie.description;100;-1;-1;3;;1.2;-1
VBC700_AW;266;6966;24;0;@@viessmann.eventtype.name.WPR_SepNCKreis_NatCooling_Neigung_Raumaufschaltung;WPR_SepNCKreis_NatCooling_Neigung_Raumaufschaltung~0x7104;Div10;@@viessmann.eventtype.WPR_SepNCKreis_NatCooling_Neigung_Raumaufschaltung.description;100;-1;-1;3;;0;-1
VBC700_AW;266;6967;24;0;@@viessmann.eventtype.name.WPR_SepNCKreis_NatCooling_Niveau_Kuehlkennlinie;WPR_SepNCKreis_NatCooling_Niveau_Kuehlkennlinie~0x7105;Div10;@@viessmann.eventtype.WPR_SepNCKreis_NatCooling_Niveau_Kuehlkennlinie.description;100;-1;-1;3;;0;-1
VBC700_AW;266;6968;24;-1;@@viessmann.eventtype.name.WPR_SepNCKreis_NatCooling_Raumregelung;WPR_SepNCKreis_NatCooling_Raumregelung~0x7103;NoConversion;@@viessmann.eventtype.WPR_SepNCKreis_NatCooling_Raumregelung.description;50;-1;-1;3;;1;-1
VBC700_AW;266;6969;24;0;@@viessmann.eventtype.name.WPR_SepNCKreis_NatCooling_Raumtemperatur;WPR_SepNCKreis_NatCooling_Raumtemperatur~0x7101;Div10;@@viessmann.eventtype.WPR_SepNCKreis_NatCooling_Raumtemperatur.description;100;-1;-1;3;;20;-1
VBC700_AW;266;6970;24;-1;@@viessmann.eventtype.name.WPR_SepNCKreis_NatCooling_RaumTempSens_Rangierung;WPR_SepNCKreis_NatCooling_RaumTempSens_Rangierung~0x710D;NoConversion;@@viessmann.eventtype.WPR_SepNCKreis_NatCooling_RaumTempSens_Rangierung.description;50;-1;-1;3;;0;-1
VBC700_AW;266;6971;24;0;@@viessmann.eventtype.name.WPR_SepNCKreis_NatCooling_Tastband_Mischer;WPR_SepNCKreis_NatCooling_Tastband_Mischer~0x710B;Div10;@@viessmann.eventtype.WPR_SepNCKreis_NatCooling_Tastband_Mischer.description;100;-1;-1;3;;4;-1
VBC700_AW;266;6972;24;0;@@viessmann.eventtype.name.WPR_SepNCKreis_NatCooling_Totband_Mischer;WPR_SepNCKreis_NatCooling_Totband_Mischer~0x710C;Div10;@@viessmann.eventtype.WPR_SepNCKreis_NatCooling_Totband_Mischer.description;100;-1;-1;3;;1;-1
VBC700_AW;266;6973;24;0;@@viessmann.eventtype.name.WPR_Software_Index;WPR_Software_Index~0x00FB;NoConversion;@@viessmann.eventtype.WPR_Software_Index.description;100;-1;-1;1;;;-1
VBC700_AW;266;6974;24;0;@@viessmann.eventtype.name.WPR_Software_Version_Byte1;WPR_Software_Version_Byte1~0x00FE;NoConversion;@@viessmann.eventtype.WPR_Software_Version_Byte1.description;100;-1;-1;1;;;-1
VBC700_AW;266;6975;24;0;@@viessmann.eventtype.name.WPR_Software_Version_Byte2;WPR_Software_Version_Byte2~0x00FF;NoConversion;@@viessmann.eventtype.WPR_Software_Version_Byte2.description;100;-1;-1;1;;;-1
VBC700_AW;266;6977;24;0;@@viessmann.eventtype.name.WPR_Solaranlage_Hysterese_Pumpenknick;WPR_Solaranlage_Hysterese_Pumpenknick~0x7A04;NoConversion;@@viessmann.eventtype.WPR_Solaranlage_Hysterese_Pumpenknick.description;100;-1;-1;3;;35;-1
VBC700_AW;266;6978;24;0;@@viessmann.eventtype.name.WPR_Solaranlage_Hysterese_SolarAus;WPR_Solaranlage_Hysterese_SolarAus~0x7A03;Div10;@@viessmann.eventtype.WPR_Solaranlage_Hysterese_SolarAus.description;100;-1;-1;3;;3;-1
VBC700_AW;266;6979;24;0;@@viessmann.eventtype.name.WPR_Solaranlage_Hysterese_SolarEin;WPR_Solaranlage_Hysterese_SolarEin~0x7A02;Div10;@@viessmann.eventtype.WPR_Solaranlage_Hysterese_SolarEin.description;100;-1;-1;3;;7;-1
VBC700_AW;266;6980;24;0;@@viessmann.eventtype.name.WPR_Solaranlage_Laufzeit_Pumpenknick;WPR_Solaranlage_Laufzeit_Pumpenknick~0x7A05;NoConversion;@@viessmann.eventtype.WPR_Solaranlage_Laufzeit_Pumpenknick.description;100;-1;-1;3;;15;-1
VBC700_AW;266;6981;24;-1;@@viessmann.eventtype.name.WPR_Solaranlage_Rueckschlagklappenfehler;WPR_Solaranlage_Rueckschlagklappenfehler~0x7A09;NoConversion;@@viessmann.eventtype.WPR_Solaranlage_Rueckschlagklappenfehler.description;50;-1;-1;3;;1;-1
VBC700_AW;266;6982;24;-1;@@viessmann.eventtype.name.WPR_Solaranlage_Solarertrag_Enable;WPR_Solaranlage_Solarertrag_Enable~0x7A08;NoConversion;@@viessmann.eventtype.WPR_Solaranlage_Solarertrag_Enable.description;50;-1;-1;3;;1;-1
VBC700_AW;266;6983;24;0;@@viessmann.eventtype.name.WPR_Solaranlage_TempMax_solar;WPR_Solaranlage_TempMax_solar~0x7A01;Div10;@@viessmann.eventtype.WPR_Solaranlage_TempMax_solar.description;100;-1;-1;3;;130;-1
VBC700_AW;266;6984;24;0;@@viessmann.eventtype.name.WPR_Solaranlage_Totzeit_Pumpenknick;WPR_Solaranlage_Totzeit_Pumpenknick~0x7A06;NoConversion;@@viessmann.eventtype.WPR_Solaranlage_Totzeit_Pumpenknick.description;100;-1;-1;3;;60;-1
VBC700_AW;266;6985;24;0;@@viessmann.eventtype.name.WPR_Solaranlage_Volumenstrom_Solar;WPR_Solaranlage_Volumenstrom_Solar~0x7A07;NoConversion;@@viessmann.eventtype.WPR_Solaranlage_Volumenstrom_Solar.description;100;-1;-1;3;;100;-1
VBC700_AW;266;6986;24;0;@@viessmann.eventtype.name.WPR_Solarertrag_Reglermethoden;WPR_Solarertrag_Reglermethoden~0x190A;NoConversion;@@viessmann.eventtype.WPR_Solarertrag_Reglermethoden.description;100;-1;-1;1;;;-1
VBC700_AW;266;6987;24;0;@@viessmann.eventtype.name.WPR_Solldruck1_EEV1_MOP;WPR_Solldruck1_EEV1_MOP~0x06C0;NoConversion;@@viessmann.eventtype.WPR_Solldruck1_EEV1_MOP.description;100;-1;-1;1;;;-1
VBC700_AW;266;6988;24;0;@@viessmann.eventtype.name.WPR_Solldruck2_EEV2_MOP;WPR_Solldruck2_EEV2_MOP~0x06C1;NoConversion;@@viessmann.eventtype.WPR_Solldruck2_EEV2_MOP.description;100;-1;-1;1;;;-1
VBC700_AW;266;6989;24;0;@@viessmann.eventtype.name.WPR_Speichertemperatur_SolarmodulVitosolic;WPR_Speichertemperatur_SolarmodulVitosolic~0x0113;Div10;@@viessmann.eventtype.WPR_Speichertemperatur_SolarmodulVitosolic.description;100;-1;-1;1;;;-1
VBC700_AW;266;7032;24;0;@@viessmann.eventtype.name.WPR_Teilnehmernummer;WPR_Teilnehmernummer~0x7777;NoConversion;@@viessmann.eventtype.WPR_Teilnehmernummer.description;100;-1;-1;3;;1;-1
VBC700_AW;266;7033;24;0;@@viessmann.eventtype.name.WPR_Uhrzeit;WPR_Uhrzeit~0x08E0;DateTimeBCD;@@viessmann.eventtype.WPR_Uhrzeit.description;100;-1;-1;3;;;-1
VBC700_AW;266;7034;24;0;@@viessmann.eventtype.name.WPR_Uhrzeit_Sommer_Monat;WPR_Uhrzeit_Sommer_Monat~0x7C01;NoConversion;@@viessmann.eventtype.WPR_Uhrzeit_Sommer_Monat.description;100;-1;-1;3;;3;-1
VBC700_AW;266;7035;24;0;@@viessmann.eventtype.name.WPR_Uhrzeit_Sommer_Tag;WPR_Uhrzeit_Sommer_Tag~0x7C03;NoConversion;@@viessmann.eventtype.WPR_Uhrzeit_Sommer_Tag.description;100;-1;-1;3;;7;-1
VBC700_AW;266;7036;24;0;@@viessmann.eventtype.name.WPR_Uhrzeit_Sommer_Woche;WPR_Uhrzeit_Sommer_Woche~0x7C02;NoConversion;@@viessmann.eventtype.WPR_Uhrzeit_Sommer_Woche.description;100;-1;-1;3;;5;-1
VBC700_AW;266;7037;24;0;@@viessmann.eventtype.name.WPR_Uhrzeit_Winter_Monat;WPR_Uhrzeit_Winter_Monat~0x7C04;NoConversion;@@viessmann.eventtype.WPR_Uhrzeit_Winter_Monat.description;100;-1;-1;3;;10;-1
VBC700_AW;266;7038;24;0;@@viessmann.eventtype.name.WPR_Uhrzeit_Winter_Tag;WPR_Uhrzeit_Winter_Tag~0x7C06;NoConversion;@@viessmann.eventtype.WPR_Uhrzeit_Winter_Tag.description;100;-1;-1;3;;7;-1
VBC700_AW;266;7039;24;0;@@viessmann.eventtype.name.WPR_Uhrzeit_Winter_Woche;WPR_Uhrzeit_Winter_Woche~0x7C05;NoConversion;@@viessmann.eventtype.WPR_Uhrzeit_Winter_Woche.description;100;-1;-1;3;;5;-1
VBC700_AW;266;7040;24;-1;@@viessmann.eventtype.name.WPR_Uhrzeit_Zeitumstellung;WPR_Uhrzeit_Zeitumstellung~0x7C00;NoConversion;@@viessmann.eventtype.WPR_Uhrzeit_Zeitumstellung.description;50;-1;-1;3;;1;-1
VBC700_AW;266;7041;24;0;@@viessmann.eventtype.name.WPR_Verdampfertemperatur;WPR_Verdampfertemperatur~0x0102;Div100;@@viessmann.eventtype.WPR_Verdampfertemperatur.description;100;-1;-1;1;;;-1
VBC700_AW;266;7042;24;0;@@viessmann.eventtype.name.WPR_Verdichter1_abtauzeit_wp;WPR_Verdichter1_abtauzeit_wp~0x500B;NoConversion;@@viessmann.eventtype.WPR_Verdichter1_abtauzeit_wp.description;100;-1;-1;3;;1800;-1
VBC700_AW;266;7043;24;0;@@viessmann.eventtype.name.WPR_Verdichter1_Alarm_Hochdruck_Totband;WPR_Verdichter1_Alarm_Hochdruck_Totband~0x5023;Div10;@@viessmann.eventtype.WPR_Verdichter1_Alarm_Hochdruck_Totband.description;100;-1;-1;3;;5;-1
VBC700_AW;266;7044;24;0;@@viessmann.eventtype.name.WPR_Verdichter1_anlaufverzoegerung;WPR_Verdichter1_anlaufverzoegerung~0x5008;NoConversion;@@viessmann.eventtype.WPR_Verdichter1_anlaufverzoegerung.description;100;-1;-1;3;;120;-1
VBC700_AW;266;7045;24;0;@@viessmann.eventtype.name.WPR_Verdichter1_differenz_verdampfer_wp;WPR_Verdichter1_differenz_verdampfer_wp~0x500E;Div10;@@viessmann.eventtype.WPR_Verdichter1_differenz_verdampfer_wp.description;100;-1;-1;3;;3;-1
VBC700_AW;266;7046;24;0;@@viessmann.eventtype.name.WPR_Verdichter1_Heissgastemp_Grenzwert;WPR_Verdichter1_Heissgastemp_Grenzwert~0x5021;Div10;@@viessmann.eventtype.WPR_Verdichter1_Heissgastemp_Grenzwert.description;100;-1;-1;3;;130;-1
VBC700_AW;266;7047;24;0;@@viessmann.eventtype.name.WPR_Verdichter1_Hochdruck_Grenzwert_Absolutdruck;WPR_Verdichter1_Hochdruck_Grenzwert_Absolutdruck~0x5022;Div10;@@viessmann.eventtype.WPR_Verdichter1_Hochdruck_Grenzwert_Absolutdruck.description;100;-1;-1;3;;26;-1
VBC700_AW;266;7049;24;0;@@viessmann.eventtype.name.WPR_Verdichter1_hysterese_t_primaer_ein_AW;WPR_Verdichter1_hysterese_t_primaer_ein_AW~0x5004;Div10;@@viessmann.eventtype.WPR_Verdichter1_hysterese_t_primaer_ein_AW.description;100;-1;-1;3;;1;-1
VBC700_AW;266;7050;24;0;@@viessmann.eventtype.name.WPR_Verdichter1_laufzeit_wp;WPR_Verdichter1_laufzeit_wp~0x5005;NoConversion;@@viessmann.eventtype.WPR_Verdichter1_laufzeit_wp.description;100;-1;-1;3;;120;-1
VBC700_AW;266;7051;24;0;@@viessmann.eventtype.name.WPR_Verdichter1_LeistungVerd;WPR_Verdichter1_LeistungVerd~0x5030;NoConversion;@@viessmann.eventtype.WPR_Verdichter1_LeistungVerd.description;100;-1;-1;3;;6;-1
VBC700_AW;266;7052;24;0;@@viessmann.eventtype.name.WPR_Verdichter1_max_t_primaer_ein_wp;WPR_Verdichter1_max_t_primaer_ein_wp~0x5015;Div10;@@viessmann.eventtype.WPR_Verdichter1_max_t_primaer_ein_wp.description;100;-1;-1;3;;35;-1
VBC700_AW;266;7054;24;0;@@viessmann.eventtype.name.WPR_Verdichter1_max_Thub_WP_AW;WPR_Verdichter1_max_Thub_WP_AW~0x5011;Div10;@@viessmann.eventtype.WPR_Verdichter1_max_Thub_WP_AW.description;100;-1;-1;3;;65;-1
VBC700_AW;266;7055;24;0;@@viessmann.eventtype.name.WPR_Verdichter1_maxPause_Abtaustart;WPR_Verdichter1_maxPause_Abtaustart~0x500C;NoConversion;@@viessmann.eventtype.WPR_Verdichter1_maxPause_Abtaustart.description;100;-1;-1;3;;0;-1
VBC700_AW;266;7057;24;0;@@viessmann.eventtype.name.WPR_Verdichter1_min_t_primaer_ein_wp_AW;WPR_Verdichter1_min_t_primaer_ein_wp_AW~0x5016;Div10;@@viessmann.eventtype.WPR_Verdichter1_min_t_primaer_ein_wp_AW.description;100;-1;-1;3;;-20;-1
VBC700_AW;266;7058;24;0;@@viessmann.eventtype.name.WPR_Verdichter1_MOP_Grenzwert;WPR_Verdichter1_MOP_Grenzwert~0x501A;Div10;@@viessmann.eventtype.WPR_Verdichter1_MOP_Grenzwert.description;100;-1;-1;3;;6,6;-1
VBC700_AW;266;7060;24;0;@@viessmann.eventtype.name.WPR_Verdichter1_Niederdruck_Grenzwert_AW;WPR_Verdichter1_Niederdruck_Grenzwert_AW~0x5025;NoConversion;@@viessmann.eventtype.WPR_Verdichter1_Niederdruck_Grenzwert_AW.description;100;-1;-1;3;;19;-1
VBC700_AW;266;7061;24;0;@@viessmann.eventtype.name.WPR_Verdichter1_Niederdruck_Hysterese;WPR_Verdichter1_Niederdruck_Hysterese~0x5026;Div10;@@viessmann.eventtype.WPR_Verdichter1_Niederdruck_Hysterese.description;100;-1;-1;3;;1,5;-1
VBC700_AW;266;7062;24;0;@@viessmann.eventtype.name.WPR_Verdichter1_Niederdruck_Verzoegerungszeit_Verdichteranlauf;WPR_Verdichter1_Niederdruck_Verzoegerungszeit_Verdichteranlauf~0x5027;NoConversion;@@viessmann.eventtype.WPR_Verdichter1_Niederdruck_Verzoegerungszeit_Verdichteranlauf.description;100;-1;-1;3;;10;-1
VBC700_AW;266;7063;24;0;@@viessmann.eventtype.name.WPR_Verdichter1_Oeffnungsstellung_EEV_Ventil_Startphase;WPR_Verdichter1_Oeffnungsstellung_EEV_Ventil_Startphase~0x501F;NoConversion;@@viessmann.eventtype.WPR_Verdichter1_Oeffnungsstellung_EEV_Ventil_Startphase.description;100;-1;-1;3;;50;-1
VBC700_AW;266;7065;24;0;@@viessmann.eventtype.name.WPR_Verdichter1_optimaleLaufzeit_WP_AW;WPR_Verdichter1_optimaleLaufzeit_WP_AW~0x500A;NoConversion;@@viessmann.eventtype.WPR_Verdichter1_optimaleLaufzeit_WP_AW.description;100;-1;-1;3;;20;-1
VBC700_AW;266;7066;24;0;@@viessmann.eventtype.name.WPR_Verdichter1_PWMZykluszeit_Digital_Scroll;WPR_Verdichter1_PWMZykluszeit_Digital_Scroll~0x501E;NoConversion;@@viessmann.eventtype.WPR_Verdichter1_PWMZykluszeit_Digital_Scroll.description;100;-1;-1;3;;20;-1
VBC700_AW;266;7069;24;0;@@viessmann.eventtype.name.WPR_Verdichter1_sperre_abtauung_wp;WPR_Verdichter1_sperre_abtauung_wp~0x500D;NoConversion;@@viessmann.eventtype.WPR_Verdichter1_sperre_abtauung_wp.description;100;-1;-1;3;;90;-1
VBC700_AW;266;7070;24;0;@@viessmann.eventtype.name.WPR_Verdichter1_Startoeffnungsdauer;WPR_Verdichter1_Startoeffnungsdauer~0x5020;NoConversion;@@viessmann.eventtype.WPR_Verdichter1_Startoeffnungsdauer.description;100;-1;-1;3;;5;-1
VBC700_AW;266;7071;24;0;@@viessmann.eventtype.name.WPR_Verdichter1_t_ruecklauf_min_wp;WPR_Verdichter1_t_ruecklauf_min_wp~0x5002;Div10;@@viessmann.eventtype.WPR_Verdichter1_t_ruecklauf_min_wp.description;100;-1;-1;3;;5;-1
VBC700_AW;266;7072;24;0;@@viessmann.eventtype.name.WPR_Verdichter1_t_vorlauf_max_wp;WPR_Verdichter1_t_vorlauf_max_wp~0x5001;Div10;@@viessmann.eventtype.WPR_Verdichter1_t_vorlauf_max_wp.description;100;-1;-1;3;;60;-1
VBC700_AW;266;7073;24;0;@@viessmann.eventtype.name.WPR_Verdichter1_Temp_Abtaubeginn;WPR_Verdichter1_Temp_Abtaubeginn~0x500F;NoConversion;@@viessmann.eventtype.WPR_Verdichter1_Temp_Abtaubeginn.description;100;-1;-1;3;;0;-1
VBC700_AW;266;7074;24;0;@@viessmann.eventtype.name.WPR_Verdichter1_Temp_Abtauende;WPR_Verdichter1_Temp_Abtauende~0x5010;Div10;@@viessmann.eventtype.WPR_Verdichter1_Temp_Abtauende.description;100;-1;-1;3;;10;-1
VBC700_AW;266;7076;24;0;@@viessmann.eventtype.name.WPR_Verdichter1_totzeit_wp;WPR_Verdichter1_totzeit_wp~0x5006;NoConversion;@@viessmann.eventtype.WPR_Verdichter1_totzeit_wp.description;100;-1;-1;3;;600;-1
VBC700_AW;266;7077;24;0;@@viessmann.eventtype.name.WPR_Verdichter1_Ueberhitzungssollwert;WPR_Verdichter1_Ueberhitzungssollwert~0x5019;Div10;@@viessmann.eventtype.WPR_Verdichter1_Ueberhitzungssollwert.description;100;-1;-1;3;;3;-1
VBC700_AW;266;7079;24;0;@@viessmann.eventtype.name.WPR_Verdichter1_Ueberhitzungstemp_Grenzwert_AW;WPR_Verdichter1_Ueberhitzungstemp_Grenzwert_AW~0x5024;Div10;@@viessmann.eventtype.WPR_Verdichter1_Ueberhitzungstemp_Grenzwert_AW.description;100;-1;-1;3;;30;-1
VBC700_AW;266;7080;24;-1;@@viessmann.eventtype.name.WPR_Verdichter1_Verdichter_auf_WW;WPR_Verdichter1_Verdichter_auf_WW~0x5012;NoConversion;@@viessmann.eventtype.WPR_Verdichter1_Verdichter_auf_WW.description;50;-1;-1;3;;1;-1
VBC700_AW;266;7081;24;-1;@@viessmann.eventtype.name.WPR_Verdichter1_Verdichter_DigitalScroll;WPR_Verdichter1_Verdichter_DigitalScroll~0x5029;NoConversion;@@viessmann.eventtype.WPR_Verdichter1_Verdichter_DigitalScroll.description;50;-1;-1;3;;0;-1
VBC700_AW;266;7082;24;-1;@@viessmann.eventtype.name.WPR_Verdichter1_VerdStufeFreigegeben;WPR_Verdichter1_VerdStufeFreigegeben~0x5000;NoConversion;@@viessmann.eventtype.WPR_Verdichter1_VerdStufeFreigegeben.description;50;-1;-1;3;;;-1
VBC700_AW;266;7083;24;0;@@viessmann.eventtype.name.WPR_Verdichter2_abtauzeit_wp;WPR_Verdichter2_abtauzeit_wp~0x510B;NoConversion;@@viessmann.eventtype.WPR_Verdichter2_abtauzeit_wp.description;100;-1;-1;3;;1800;-1
VBC700_AW;266;7084;24;0;@@viessmann.eventtype.name.WPR_Verdichter2_Alarm_Hochdruck_Totband;WPR_Verdichter2_Alarm_Hochdruck_Totband~0x5123;NoConversion;@@viessmann.eventtype.WPR_Verdichter2_Alarm_Hochdruck_Totband.description;100;-1;-1;3;;50;-1
VBC700_AW;266;7085;24;0;@@viessmann.eventtype.name.WPR_Verdichter2_anlaufverzoegerung;WPR_Verdichter2_anlaufverzoegerung~0x5108;NoConversion;@@viessmann.eventtype.WPR_Verdichter2_anlaufverzoegerung.description;100;-1;-1;3;;120;-1
VBC700_AW;266;7086;24;0;@@viessmann.eventtype.name.WPR_Verdichter2_differenz_verdampfer_wp;WPR_Verdichter2_differenz_verdampfer_wp~0x510E;NoConversion;@@viessmann.eventtype.WPR_Verdichter2_differenz_verdampfer_wp.description;100;-1;-1;3;;3;-1
VBC700_AW;266;7087;24;0;@@viessmann.eventtype.name.WPR_Verdichter2_Heissgastemp_Grenzwert;WPR_Verdichter2_Heissgastemp_Grenzwert~0x5121;Div10;@@viessmann.eventtype.WPR_Verdichter2_Heissgastemp_Grenzwert.description;100;-1;-1;3;;1300;-1
VBC700_AW;266;7088;24;0;@@viessmann.eventtype.name.WPR_Verdichter2_Hochdruck_Grenzwert_Absolutdruck;WPR_Verdichter2_Hochdruck_Grenzwert_Absolutdruck~0x5122;Div10;@@viessmann.eventtype.WPR_Verdichter2_Hochdruck_Grenzwert_Absolutdruck.description;100;-1;-1;3;;260;-1
VBC700_AW;266;7089;24;0;@@viessmann.eventtype.name.WPR_Verdichter2_hysterese_t_primaer_ein;WPR_Verdichter2_hysterese_t_primaer_ein~0x5104;Div10;@@viessmann.eventtype.WPR_Verdichter2_hysterese_t_primaer_ein.description;100;-1;-1;3;;5;-1
VBC700_AW;266;7090;24;0;@@viessmann.eventtype.name.WPR_Verdichter2_laufzeit_wp;WPR_Verdichter2_laufzeit_wp~0x5105;NoConversion;@@viessmann.eventtype.WPR_Verdichter2_laufzeit_wp.description;100;-1;-1;3;;120;-1
VBC700_AW;266;7091;24;0;@@viessmann.eventtype.name.WPR_Verdichter2_LeistungVerd;WPR_Verdichter2_LeistungVerd~0x5130;NoConversion;@@viessmann.eventtype.WPR_Verdichter2_LeistungVerd.description;100;-1;-1;3;;6;-1
VBC700_AW;266;7092;24;0;@@viessmann.eventtype.name.WPR_Verdichter2_max_t_primaer_ein_wp;WPR_Verdichter2_max_t_primaer_ein_wp~0x5115;Div10;@@viessmann.eventtype.WPR_Verdichter2_max_t_primaer_ein_wp.description;100;-1;-1;3;;350;-1
VBC700_AW;266;7093;24;0;@@viessmann.eventtype.name.WPR_Verdichter2_max_Thub_WP;WPR_Verdichter2_max_Thub_WP~0x5111;Div10;@@viessmann.eventtype.WPR_Verdichter2_max_Thub_WP.description;100;-1;-1;3;;80;-1
VBC700_AW;266;7094;24;0;@@viessmann.eventtype.name.WPR_Verdichter2_maxPause_Abtaustart;WPR_Verdichter2_maxPause_Abtaustart~0x510C;NoConversion;@@viessmann.eventtype.WPR_Verdichter2_maxPause_Abtaustart.description;100;-1;-1;3;;0;-1
VBC700_AW;266;7095;24;0;@@viessmann.eventtype.name.WPR_Verdichter2_min_t_primaer_ein_wp;WPR_Verdichter2_min_t_primaer_ein_wp~0x5116;Div10;@@viessmann.eventtype.WPR_Verdichter2_min_t_primaer_ein_wp.description;100;-1;-1;3;;-150;-1
VBC700_AW;266;7096;24;0;@@viessmann.eventtype.name.WPR_Verdichter2_MOP_Grenzwert;WPR_Verdichter2_MOP_Grenzwert~0x511A;Div10;@@viessmann.eventtype.WPR_Verdichter2_MOP_Grenzwert.description;100;-1;-1;3;;60;-1
VBC700_AW;266;7097;24;0;@@viessmann.eventtype.name.WPR_Verdichter2_Niederdruck_Grenzwert;WPR_Verdichter2_Niederdruck_Grenzwert~0x5125;Div10;@@viessmann.eventtype.WPR_Verdichter2_Niederdruck_Grenzwert.description;100;-1;-1;3;;22;-1
VBC700_AW;266;7098;24;0;@@viessmann.eventtype.name.WPR_Verdichter2_Niederdruck_Hysterese;WPR_Verdichter2_Niederdruck_Hysterese~0x5126;Div10;@@viessmann.eventtype.WPR_Verdichter2_Niederdruck_Hysterese.description;100;-1;-1;3;;7;-1
VBC700_AW;266;7099;24;0;@@viessmann.eventtype.name.WPR_Verdichter2_Niederdruck_Verzoegerungszeit_Verdichteranlauf;WPR_Verdichter2_Niederdruck_Verzoegerungszeit_Verdichteranlauf~0x5127;NoConversion;@@viessmann.eventtype.WPR_Verdichter2_Niederdruck_Verzoegerungszeit_Verdichteranlauf.description;100;-1;-1;3;;10;-1
VBC700_AW;266;7100;24;0;@@viessmann.eventtype.name.WPR_Verdichter2_Oeffnungsstellung_EEV_Ventil_Startphase;WPR_Verdichter2_Oeffnungsstellung_EEV_Ventil_Startphase~0x511F;NoConversion;@@viessmann.eventtype.WPR_Verdichter2_Oeffnungsstellung_EEV_Ventil_Startphase.description;100;-1;-1;3;;50;-1
VBC700_AW;266;7101;24;0;@@viessmann.eventtype.name.WPR_Verdichter2_optimaleLaufzeit_WP;WPR_Verdichter2_optimaleLaufzeit_WP~0x510A;NoConversion;@@viessmann.eventtype.WPR_Verdichter2_optimaleLaufzeit_WP.description;100;-1;-1;3;;120;-1
VBC700_AW;266;7102;24;0;@@viessmann.eventtype.name.WPR_Verdichter2_PWMZykluszeit_Digital_Scroll;WPR_Verdichter2_PWMZykluszeit_Digital_Scroll~0x511E;NoConversion;@@viessmann.eventtype.WPR_Verdichter2_PWMZykluszeit_Digital_Scroll.description;100;-1;-1;3;;20;-1
VBC700_AW;266;7105;24;0;@@viessmann.eventtype.name.WPR_Verdichter2_sperre_abtauung_wp;WPR_Verdichter2_sperre_abtauung_wp~0x510D;NoConversion;@@viessmann.eventtype.WPR_Verdichter2_sperre_abtauung_wp.description;100;-1;-1;3;;90;-1
VBC700_AW;266;7106;24;0;@@viessmann.eventtype.name.WPR_Verdichter2_Startoeffnungsdauer;WPR_Verdichter2_Startoeffnungsdauer~0x5120;NoConversion;@@viessmann.eventtype.WPR_Verdichter2_Startoeffnungsdauer.description;100;-1;-1;3;;5;-1
VBC700_AW;266;7107;24;0;@@viessmann.eventtype.name.WPR_Verdichter2_t_ruecklauf_min_wp;WPR_Verdichter2_t_ruecklauf_min_wp~0x5102;Div10;@@viessmann.eventtype.WPR_Verdichter2_t_ruecklauf_min_wp.description;100;-1;-1;3;;5;-1
VBC700_AW;266;7108;24;0;@@viessmann.eventtype.name.WPR_Verdichter2_t_vorlauf_max_wp;WPR_Verdichter2_t_vorlauf_max_wp~0x5101;Div10;@@viessmann.eventtype.WPR_Verdichter2_t_vorlauf_max_wp.description;100;-1;-1;3;;60;-1
VBC700_AW;266;7109;24;0;@@viessmann.eventtype.name.WPR_Verdichter2_Temp_Abtaubeginn;WPR_Verdichter2_Temp_Abtaubeginn~0x510F;Div10;@@viessmann.eventtype.WPR_Verdichter2_Temp_Abtaubeginn.description;100;-1;-1;3;;0;-1
VBC700_AW;266;7110;24;0;@@viessmann.eventtype.name.WPR_Verdichter2_Temp_Abtauende;WPR_Verdichter2_Temp_Abtauende~0x5110;Div10;@@viessmann.eventtype.WPR_Verdichter2_Temp_Abtauende.description;100;-1;-1;3;;100;-1
VBC700_AW;266;7112;24;0;@@viessmann.eventtype.name.WPR_Verdichter2_totzeit_wp;WPR_Verdichter2_totzeit_wp~0x5106;NoConversion;@@viessmann.eventtype.WPR_Verdichter2_totzeit_wp.description;100;-1;-1;3;;600;-1
VBC700_AW;266;7113;24;0;@@viessmann.eventtype.name.WPR_Verdichter2_Ueberhitzungssollwert;WPR_Verdichter2_Ueberhitzungssollwert~0x5119;Div10;@@viessmann.eventtype.WPR_Verdichter2_Ueberhitzungssollwert.description;100;-1;-1;3;;60;-1
VBC700_AW;266;7114;24;0;@@viessmann.eventtype.name.WPR_Verdichter2_Ueberhitzungstemp_Grenzwert;WPR_Verdichter2_Ueberhitzungstemp_Grenzwert~0x5124;Div10;@@viessmann.eventtype.WPR_Verdichter2_Ueberhitzungstemp_Grenzwert.description;100;-1;-1;3;;200;-1
VBC700_AW;266;7115;24;-1;@@viessmann.eventtype.name.WPR_Verdichter2_Verdichter_auf_WW;WPR_Verdichter2_Verdichter_auf_WW~0x5112;NoConversion;@@viessmann.eventtype.WPR_Verdichter2_Verdichter_auf_WW.description;50;-1;-1;3;;1;-1
VBC700_AW;266;7117;24;-1;@@viessmann.eventtype.name.WPR_Verdichter2_VerdStufeFreigegeben;WPR_Verdichter2_VerdStufeFreigegeben~0x5100;NoConversion;@@viessmann.eventtype.WPR_Verdichter2_VerdStufeFreigegeben.description;50;-1;-1;3;;;-1
VBC700_AW;266;7118;24;0;@@viessmann.eventtype.name.WPR_vmarSchaltzeitenGroup_1_0;WPR_vmarSchaltzeitenGroup_1_0~0x9000;NoConversion;@@viessmann.eventtype.WPR_vmarSchaltzeitenGroup_1_0.description;100;-1;-1;3;;;-1
VBC700_AW;266;7119;24;0;@@viessmann.eventtype.name.WPR_Vorlauftemperatur_HK_M2;WPR_Vorlauftemperatur_HK_M2~0x0114;Div10;@@viessmann.eventtype.WPR_Vorlauftemperatur_HK_M2.description;100;-1;-1;1;;;-1
VBC700_AW;266;7120;24;0;@@viessmann.eventtype.name.WPR_Vorlauftemperatur_HK_M3;WPR_Vorlauftemperatur_HK_M3~0x0115;Div10;@@viessmann.eventtype.WPR_Vorlauftemperatur_HK_M3.description;100;-1;-1;1;;;-1
VBC700_AW;266;7121;24;0;@@viessmann.eventtype.name.WPR_Vorlauftemperatur_NatCoolingHKxx;WPR_Vorlauftemperatur_NatCoolingHKxx~0x011A;Div10;@@viessmann.eventtype.WPR_Vorlauftemperatur_NatCoolingHKxx.description;100;-1;-1;1;;;-1
VBC700_AW;266;7122;24;0;@@viessmann.eventtype.name.WPR_Vorlauftemperatur_NatCoolingKreis;WPR_Vorlauftemperatur_NatCoolingKreis~0x0119;Div10;@@viessmann.eventtype.WPR_Vorlauftemperatur_NatCoolingKreis.description;100;-1;-1;1;;;-1
VBC700_AW;266;7123;24;0;@@viessmann.eventtype.name.WPR_Vorlauftemperatur_Primaerquelle;WPR_Vorlauftemperatur_Primaerquelle~0x0103;Div10;@@viessmann.eventtype.WPR_Vorlauftemperatur_Primaerquelle.description;100;-1;-1;1;;;-1
VBC700_AW;266;7124;24;0;@@viessmann.eventtype.name.WPR_Vorlauftemperatur_Sek;WPR_Vorlauftemperatur_Sek~0x0105;Div10;@@viessmann.eventtype.WPR_Vorlauftemperatur_Sek.description;100;-1;-1;1;;;-1
VBC700_AW;266;7125;24;0;@@viessmann.eventtype.name.WPR_Warmwasser_TemperaturAusgang;WPR_Warmwasser_TemperaturAusgang~0x0110;Div10;@@viessmann.eventtype.WPR_Warmwasser_TemperaturAusgang.description;100;-1;-1;1;;;-1
VBC700_AW;266;7126;24;0;@@viessmann.eventtype.name.WPR_Warmwasser_TemperaturMitte;WPR_Warmwasser_TemperaturMitte~0x010F;Div10;@@viessmann.eventtype.WPR_Warmwasser_TemperaturMitte.description;100;-1;-1;1;;;-1
VBC700_AW;266;7127;24;0;@@viessmann.eventtype.name.WPR_Warmwasser_TemperaturOben;WPR_Warmwasser_TemperaturOben~0x010D;Div10;@@viessmann.eventtype.WPR_Warmwasser_TemperaturOben.description;100;-1;-1;1;;;-1
VBC700_AW;266;7128;24;0;@@viessmann.eventtype.name.WPR_Warmwasser_TemperaturUnten;WPR_Warmwasser_TemperaturUnten~0x010E;Div10;@@viessmann.eventtype.WPR_Warmwasser_TemperaturUnten.description;100;-1;-1;1;;;-1
VBC700_AW;266;7129;24;-1;@@viessmann.eventtype.name.WPR_WW_Abschaltoptimierung;WPR_WW_Abschaltoptimierung~0x600A;NoConversion;@@viessmann.eventtype.WPR_WW_Abschaltoptimierung.description;50;-1;-1;3;;1;-1
VBC700_AW;266;7130;24;-1;@@viessmann.eventtype.name.WPR_WW_Betriebsart;WPR_WW_Betriebsart~0x6004;NoConversion;@@viessmann.eventtype.WPR_WW_Betriebsart.description;50;-1;-1;3;;3;-1
VBC700_AW;266;7131;24;-1;@@viessmann.eventtype.name.WPR_WW_EHeizWWSpeicher;WPR_WW_EHeizWWSpeicher~0x6014;NoConversion;@@viessmann.eventtype.WPR_WW_EHeizWWSpeicher.description;50;-1;-1;3;;0;-1
VBC700_AW;266;7132;24;-1;@@viessmann.eventtype.name.WPR_WW_Einschaltoptimierung;WPR_WW_Einschaltoptimierung~0x6009;NoConversion;@@viessmann.eventtype.WPR_WW_Einschaltoptimierung.description;50;-1;-1;3;;1;-1
VBC700_AW;266;7133;24;0;@@viessmann.eventtype.name.WPR_WW_Hysterese_Warmwasser;WPR_WW_Hysterese_Warmwasser~0x6007;Div10;@@viessmann.eventtype.WPR_WW_Hysterese_Warmwasser.description;100;-1;-1;3;;7;-1
VBC700_AW;266;7134;24;0;@@viessmann.eventtype.name.WPR_WW_Hysterese_Warmwasser_not;WPR_WW_Hysterese_Warmwasser_not~0x6008;Div10;@@viessmann.eventtype.WPR_WW_Hysterese_Warmwasser_not.description;100;-1;-1;3;;10;-1
VBC700_AW;266;7135;24;-1;@@viessmann.eventtype.name.WPR_WW_Legionellenautomat;WPR_WW_Legionellenautomat~0x600B;NoConversion;@@viessmann.eventtype.WPR_WW_Legionellenautomat.description;50;-1;-1;3;;0;-1
VBC700_AW;266;7136;24;0;@@viessmann.eventtype.name.WPR_WW_max_Laufzeit;WPR_WW_max_Laufzeit~0x6011;NoConversion;@@viessmann.eventtype.WPR_WW_max_Laufzeit.description;100;-1;-1;3;;240;-1
VBC700_AW;266;7137;24;0;@@viessmann.eventtype.name.WPR_WW_max_Unterbrechung;WPR_WW_max_Unterbrechung~0x6012;NoConversion;@@viessmann.eventtype.WPR_WW_max_Unterbrechung.description;100;-1;-1;3;;90;-1
VBC700_AW;266;7138;24;-1;@@viessmann.eventtype.name.WPR_WW_speicher_reaktion_force;WPR_WW_speicher_reaktion_force~0x600F;NoConversion;@@viessmann.eventtype.WPR_WW_speicher_reaktion_force.description;50;-1;-1;3;;2;-1
VBC700_AW;266;7139;24;0;@@viessmann.eventtype.name.WPR_WW_Temp_Legionelle;WPR_WW_Temp_Legionelle~0x600C;Div10;@@viessmann.eventtype.WPR_WW_Temp_Legionelle.description;100;-1;-1;3;;60;-1
VBC700_AW;266;7140;24;0;@@viessmann.eventtype.name.WPR_WW_Temp_max_WWspeicher;WPR_WW_Temp_max_WWspeicher~0x6006;Div10;@@viessmann.eventtype.WPR_WW_Temp_max_WWspeicher.description;100;-1;-1;3;;60;-1
VBC700_AW;266;7141;24;0;@@viessmann.eventtype.name.WPR_WW_Temp_min_WWspeicher;WPR_WW_Temp_min_WWspeicher~0x6005;Div10;@@viessmann.eventtype.WPR_WW_Temp_min_WWspeicher.description;100;-1;-1;3;;10;-1
VBC700_AW;266;7142;24;0;@@viessmann.eventtype.name.WPR_WW_Temp_soll;WPR_WW_Temp_soll~0x6000;Div10;@@viessmann.eventtype.WPR_WW_Temp_soll.description;100;-1;-1;3;;50;-1
VBC700_AW;266;7143;24;0;@@viessmann.eventtype.name.WPR_WW_TWWSpeicher_dT_dt_MigrationChange_33;WPR_WW_TWWSpeicher_dT_dt_MigrationChange_33~0x600D;NoConversion;@@viessmann.eventtype.WPR_WW_TWWSpeicher_dT_dt_MigrationChange_33.description;100;-1;-1;3;;30;-1
VBC700_AW;266;7145;24;-1;@@viessmann.eventtype.name.WPR_WW_Warmwasservorrang;WPR_WW_Warmwasservorrang~0x6010;NoConversion;@@viessmann.eventtype.WPR_WW_Warmwasservorrang.description;50;-1;-1;3;;1;-1
VBC700_AW;266;7146;24;-1;@@viessmann.eventtype.name.WPR_WW_WTimer;WPR_WW_WTimer~0x6001;NoConversion;@@viessmann.eventtype.WPR_WW_WTimer.description;50;-1;-1;3;;1;-1
VBC700_AW;266;7148;24;-1;@@viessmann.eventtype.name.WPR_WW_ZweiterTempSensor;WPR_WW_ZweiterTempSensor~0x600E;NoConversion;@@viessmann.eventtype.WPR_WW_ZweiterTempSensor.description;50;-1;-1;3;;0;-1
VBC700_AW;266;7149;24;0;@@viessmann.eventtype.name.WPR_Zustandsautomat_CFDM_SC1;WPR_Zustandsautomat_CFDM_SC1~0x1318;NoConversion;@@viessmann.eventtype.WPR_Zustandsautomat_CFDM_SC1.description;100;-1;-1;1;;;-1
VBC700_AW;266;7150;24;0;@@viessmann.eventtype.name.WPR_Zustandsautomat_CFDM_SC2;WPR_Zustandsautomat_CFDM_SC2~0x1319;NoConversion;@@viessmann.eventtype.WPR_Zustandsautomat_CFDM_SC2.description;100;-1;-1;1;;;-1
VBC700_AW;266;7151;24;0;@@viessmann.eventtype.name.WPR_Zustandsautomat_CFDM_SC3;WPR_Zustandsautomat_CFDM_SC3~0x131A;NoConversion;@@viessmann.eventtype.WPR_Zustandsautomat_CFDM_SC3.description;100;-1;-1;1;;;-1
VBC700_AW;266;7152;24;0;@@viessmann.eventtype.name.WPR_Zustandsautomat_CFDM_SC4;WPR_Zustandsautomat_CFDM_SC4~0x131B;NoConversion;@@viessmann.eventtype.WPR_Zustandsautomat_CFDM_SC4.description;100;-1;-1;1;;;-1
VBC700_AW;266;7153;24;0;@@viessmann.eventtype.name.WPR_Zustandsautomat_EHO;WPR_Zustandsautomat_EHO~0x130C;NoConversion;@@viessmann.eventtype.WPR_Zustandsautomat_EHO.description;100;-1;-1;1;;;-1
VBC700_AW;266;7154;24;0;@@viessmann.eventtype.name.WPR_Zustandsautomat_Erdsonde;WPR_Zustandsautomat_Erdsonde~0x130D;NoConversion;@@viessmann.eventtype.WPR_Zustandsautomat_Erdsonde.description;100;-1;-1;1;;;-1
VBC700_AW;266;7155;24;0;@@viessmann.eventtype.name.WPR_Zustandsautomat_extWaermeerzeuger;WPR_Zustandsautomat_extWaermeerzeuger~0x130E;NoConversion;@@viessmann.eventtype.WPR_Zustandsautomat_extWaermeerzeuger.description;100;-1;-1;1;;;-1
VBC700_AW;266;7156;24;0;@@viessmann.eventtype.name.WPR_Zustandsautomat_HCFDM;WPR_Zustandsautomat_HCFDM~0x1313;NoConversion;@@viessmann.eventtype.WPR_Zustandsautomat_HCFDM.description;100;-1;-1;1;;;-1
VBC700_AW;266;7157;24;0;@@viessmann.eventtype.name.WPR_Zustandsautomat_HeizKuehlbetrieb_extWaermepumpe1;WPR_Zustandsautomat_HeizKuehlbetrieb_extWaermepumpe1~0x130F;NoConversion;@@viessmann.eventtype.WPR_Zustandsautomat_HeizKuehlbetrieb_extWaermepumpe1.description;100;-1;-1;1;;;-1
VBC700_AW;266;7158;24;0;@@viessmann.eventtype.name.WPR_Zustandsautomat_HeizKuehlbetrieb_extWaermepumpe2;WPR_Zustandsautomat_HeizKuehlbetrieb_extWaermepumpe2~0x1310;NoConversion;@@viessmann.eventtype.WPR_Zustandsautomat_HeizKuehlbetrieb_extWaermepumpe2.description;100;-1;-1;1;;;-1
VBC700_AW;266;7159;24;0;@@viessmann.eventtype.name.WPR_Zustandsautomat_HeizKuehlbetrieb_extWaermepumpe3;WPR_Zustandsautomat_HeizKuehlbetrieb_extWaermepumpe3~0x1311;NoConversion;@@viessmann.eventtype.WPR_Zustandsautomat_HeizKuehlbetrieb_extWaermepumpe3.description;100;-1;-1;1;;;-1
VBC700_AW;266;7160;24;0;@@viessmann.eventtype.name.WPR_Zustandsautomat_InternerZustand_HK1;WPR_Zustandsautomat_InternerZustand_HK1~0x1300;NoConversion;@@viessmann.eventtype.WPR_Zustandsautomat_InternerZustand_HK1.description;100;-1;-1;1;;;-1
VBC700_AW;266;7161;24;0;@@viessmann.eventtype.name.WPR_Zustandsautomat_InternerZustand_HK2;WPR_Zustandsautomat_InternerZustand_HK2~0x1301;NoConversion;@@viessmann.eventtype.WPR_Zustandsautomat_InternerZustand_HK2.description;100;-1;-1;1;;;-1
VBC700_AW;266;7162;24;0;@@viessmann.eventtype.name.WPR_Zustandsautomat_InternerZustand_HK3;WPR_Zustandsautomat_InternerZustand_HK3~0x1302;NoConversion;@@viessmann.eventtype.WPR_Zustandsautomat_InternerZustand_HK3.description;100;-1;-1;1;;;-1
VBC700_AW;266;7163;24;0;@@viessmann.eventtype.name.WPR_Zustandsautomat_InternerZustand_HW_Pufferspeicher;WPR_Zustandsautomat_InternerZustand_HW_Pufferspeicher~0x1304;NoConversion;@@viessmann.eventtype.WPR_Zustandsautomat_InternerZustand_HW_Pufferspeicher.description;100;-1;-1;1;;;-1
VBC700_AW;266;7164;24;0;@@viessmann.eventtype.name.WPR_Zustandsautomat_InternerZustand_Kuehlkreis;WPR_Zustandsautomat_InternerZustand_Kuehlkreis~0x1303;NoConversion;@@viessmann.eventtype.WPR_Zustandsautomat_InternerZustand_Kuehlkreis.description;100;-1;-1;1;;;-1
VBC700_AW;266;7165;24;0;@@viessmann.eventtype.name.WPR_Zustandsautomat_InternerZustand_WW_Speicher;WPR_Zustandsautomat_InternerZustand_WW_Speicher~0x1305;NoConversion;@@viessmann.eventtype.WPR_Zustandsautomat_InternerZustand_WW_Speicher.description;100;-1;-1;1;;;-1
VBC700_AW;266;7166;24;0;@@viessmann.eventtype.name.WPR_Zustandsautomat_LFDM_SC1;WPR_Zustandsautomat_LFDM_SC1~0x1314;NoConversion;@@viessmann.eventtype.WPR_Zustandsautomat_LFDM_SC1.description;100;-1;-1;1;;;-1
VBC700_AW;266;7167;24;0;@@viessmann.eventtype.name.WPR_Zustandsautomat_LFDM_SC2;WPR_Zustandsautomat_LFDM_SC2~0x1315;NoConversion;@@viessmann.eventtype.WPR_Zustandsautomat_LFDM_SC2.description;100;-1;-1;1;;;-1
VBC700_AW;266;7168;24;0;@@viessmann.eventtype.name.WPR_Zustandsautomat_LFDM_SC3;WPR_Zustandsautomat_LFDM_SC3~0x1316;NoConversion;@@viessmann.eventtype.WPR_Zustandsautomat_LFDM_SC3.description;100;-1;-1;1;;;-1
VBC700_AW;266;7169;24;0;@@viessmann.eventtype.name.WPR_Zustandsautomat_LFDM_SC4;WPR_Zustandsautomat_LFDM_SC4~0x1317;NoConversion;@@viessmann.eventtype.WPR_Zustandsautomat_LFDM_SC4.description;100;-1;-1;1;;;-1
VBC700_AW;266;7170;24;0;@@viessmann.eventtype.name.WPR_Zustandsautomat_PM_SC1;WPR_Zustandsautomat_PM_SC1~0x1306;NoConversion;@@viessmann.eventtype.WPR_Zustandsautomat_PM_SC1.description;100;-1;-1;1;;;-1
VBC700_AW;266;7171;24;0;@@viessmann.eventtype.name.WPR_Zustandsautomat_PM_SC2;WPR_Zustandsautomat_PM_SC2~0x1307;NoConversion;@@viessmann.eventtype.WPR_Zustandsautomat_PM_SC2.description;100;-1;-1;1;;;-1
VBC700_AW;266;7172;24;0;@@viessmann.eventtype.name.WPR_Zustandsautomat_PM_SC3;WPR_Zustandsautomat_PM_SC3~0x1308;NoConversion;@@viessmann.eventtype.WPR_Zustandsautomat_PM_SC3.description;100;-1;-1;1;;;-1
VBC700_AW;266;7173;24;0;@@viessmann.eventtype.name.WPR_Zustandsautomat_PM_SC4;WPR_Zustandsautomat_PM_SC4~0x1309;NoConversion;@@viessmann.eventtype.WPR_Zustandsautomat_PM_SC4.description;100;-1;-1;1;;;-1
VBC700_AW;266;7174;24;0;@@viessmann.eventtype.name.WPR_Zustandsautomat_Solaranlage;WPR_Zustandsautomat_Solaranlage~0x1312;NoConversion;@@viessmann.eventtype.WPR_Zustandsautomat_Solaranlage.description;100;-1;-1;1;;;-1
VBC700_AW;266;7175;24;0;@@viessmann.eventtype.name.WPR_Zustandsautomat_WP1;WPR_Zustandsautomat_WP1~0x130A;NoConversion;@@viessmann.eventtype.WPR_Zustandsautomat_WP1.description;100;-1;-1;1;;;-1
VBC700_AW;266;7176;24;0;@@viessmann.eventtype.name.WPR_Zustandsautomat_WP2;WPR_Zustandsautomat_WP2~0x130B;NoConversion;@@viessmann.eventtype.WPR_Zustandsautomat_WP2.description;100;-1;-1;1;;;-1
VBC700_AW;266;7201;24;0;@@viessmann.eventtype.name.WPR_Tagesprogramm_HK1;WPR_Tagesprogramm_HK1~0x9000;NoConversion;@@viessmann.eventtype.WPR_Tagesprogramm_HK1.description;100;-1;-1;3;~/Service/DeviceCircuitTimes.aspx;0xAAAAAAAAAAAAAAAAAAAAAAAAAAAAAAAAAAAAAAAAAAAAAAAAAAAAAAAAAAAAAAAAAAAAAAAAAAAAAAAAAAAAAAAAAAAAAAAAAAAAAAAAAAAAAAAAAAAAAAAAAAAAAAAAAAAAAAAAAAAAAAAAAAAAAAAAAAAAAAAAAAAAAAAAAAAAAAAAAAAAAAAAAAAAAAAAAAAAAAAAAAAAAAAAAAAAAAAAAAAAAAAAAAAAAAAAAAAAAAAAAAAAAAAAAAAAAAAAAAAAAAAAAAAAAAAAAAAAAAAAAAAAAAAAAAAAAAAAAAAAAAAAAAAAAAAAAAAAAAAAAAAAAAAAAAAAAAAA;-1
VBC700_AW;266;7202;24;0;@@viessmann.eventtype.name.WPR_Tagesprogramm_HK2;WPR_Tagesprogramm_HK2~0x9007;NoConversion;@@viessmann.eventtype.WPR_Tagesprogramm_HK2.description;100;-1;-1;3;~/Service/DeviceCircuitTimes.aspx;0xAAAAAAAAAAAAAAAAAAAAAAAAAAAAAAAAAAAAAAAAAAAAAAAAAAAAAAAAAAAAAAAAAAAAAAAAAAAAAAAAAAAAAAAAAAAAAAAAAAAAAAAAAAAAAAAAAAAAAAAAAAAAAAAAAAAAAAAAAAAAAAAAAAAAAAAAAAAAAAAAAAAAAAAAAAAAAAAAAAAAAAAAAAAAAAAAAAAAAAAAAAAAAAAAAAAAAAAAAAAAAAAAAAAAAAAAAAAAAAAAAAAAAAAAAAAAAAAAAAAAAAAAAAAAAAAAAAAAAAAAAAAAAAAAAAAAAAAAAAAAAAAAAAAAAAAAAAAAAAAAAAAAAAAAAAAAAAAA;-1
VBC700_AW;266;7203;24;0;@@viessmann.eventtype.name.WPR_Tagesprogramm_HK3;WPR_Tagesprogramm_HK3~0x900E;NoConversion;@@viessmann.eventtype.WPR_Tagesprogramm_HK3.description;100;-1;-1;3;~/Service/DeviceCircuitTimes.aspx;0xAAAAAAAAAAAAAAAAAAAAAAAAAAAAAAAAAAAAAAAAAAAAAAAAAAAAAAAAAAAAAAAAAAAAAAAAAAAAAAAAAAAAAAAAAAAAAAAAAAAAAAAAAAAAAAAAAAAAAAAAAAAAAAAAAAAAAAAAAAAAAAAAAAAAAAAAAAAAAAAAAAAAAAAAAAAAAAAAAAAAAAAAAAAAAAAAAAAAAAAAAAAAAAAAAAAAAAAAAAAAAAAAAAAAAAAAAAAAAAAAAAAAAAAAAAAAAAAAAAAAAAAAAAAAAAAAAAAAAAAAAAAAAAAAAAAAAAAAAAAAAAAAAAAAAAAAAAAAAAAAAAAAAAAAAAAAAAAA;-1
VBC700_AW;266;7204;24;0;@@viessmann.eventtype.name.WPR_Tagesprogramm_PSP;WPR_Tagesprogramm_PSP~0x9015;NoConversion;@@viessmann.eventtype.WPR_Tagesprogramm_PSP.description;100;-1;-1;3;~/Service/DeviceCircuitTimes.aspx;0xAAAAAAAAAAAAAAAAAAAAAAAAAAAAAAAAAAAAAAAAAAAAAAAAAAAAAAAAAAAAAAAAAAAAAAAAAAAAAAAAAAAAAAAAAAAAAAAAAAAAAAAAAAAAAAAAAAAAAAAAAAAAAAAAAAAAAAAAAAAAAAAAAAAAAAAAAAAAAAAAAAAAAAAAAAAAAAAAAAAAAAAAAAAAAAAAAAAAAAAAAAAAAAAAAAAAAAAAAAAAAAAAAAAAAAAAAAAAAAAAAAAAAAAAAAAAAAAAAAAAAAAAAAAAAAAAAAAAAAAAAAAAAAAAAAAAAAAAAAAAAAAAAAAAAAAAAAAAAAAAAAAAAAAAAAAAAAAA;-1
VBC700_AW;266;7205;24;0;@@viessmann.eventtype.name.WPR_Tagesprogramm_WW;WPR_Tagesprogramm_WW~0x901C;NoConversion;@@viessmann.eventtype.WPR_Tagesprogramm_WW.description;100;-1;-1;3;~/Service/DeviceCircuitTimes.aspx;0x555555555555555555555555555555555555555555555555555555555555555555555555555555555555555555555555555555555555555555555555555555555555555555555555555555555555555555555555555555555555555555555555555555555555555555555555555555555555555555555555555555555555555555555555555555555555555555555555555555555555555555555555555555555555555555555555;-1
VBC700_AW;266;7209;24;0;ecnsysEventType~WPRErrorIndex;ecnsysEventType~WPRErrorIndex;NoConversion;;100;-1;-1;1;;;-1
VBC700_AW;266;7210;24;0;ecnsysEventType~WPRError;ecnsysEventType~WPRError;NoConversion;;100;-1;-1;1;;;-1
VBC700_AW;266;11402;24;0;@@viessmann.eventtype.name.WPR3_05BC_Freigabe_Absorberpumpe;WPR3_05BC_Freigabe_Absorberpumpe~0x05BC;Sec2Hour;@@viessmann.eventtype.WPR3_05BC_Freigabe_Absorberpumpe.description;100;-1;-1;1;;;-1
VBC700_AW;266;11403;24;0;@@viessmann.eventtype.name.WPR3_05BD_Umschaltventil_Brennwert;WPR3_05BD_Umschaltventil_Brennwert~0x05BD;Sec2Hour;@@viessmann.eventtype.WPR3_05BD_Umschaltventil_Brennwert.description;100;-1;-1;1;;;-1
VBC700_AW;266;11404;24;0;@@viessmann.eventtype.name.WPR3_05BED_Umschaltventil_Bivalenzbetrieb;WPR3_05BED_Umschaltventil_Bivalenzbetrieb~0x05BE;Sec2Hour;@@viessmann.eventtype.WPR3_05BED_Umschaltventil_Bivalenzbetrieb.description;100;-1;-1;1;;;-1
VBC700_AW;266;12646;24;0;@@viessmann.eventtype.name.DatabaseVersionForExport;DatabaseVersionForExport;NoConversion;@@viessmann.eventtype.DatabaseVersionForExport.description;100;-1;-1;1;;1.0.0;-1
VBC700_AW;266;12557;24;-1;@@viessmann.eventtype.name.WPR_RelaisStatus_Verdichter1_Neu;WPR_RelaisStatus_Verdichter1_Neu~0xB443;NoConversion;@@viessmann.eventtype.WPR_RelaisStatus_Verdichter1_Neu.description;50;-1;-1;1;;;-1